,model_year,origin,fuel_type,drivetrain,num_doors,engine_displacement,num_cylinders,horsepower,vehicle_weight,acceleration,fuel_efficiency_mpg
0,2006,Europe,Gasoline,Front-wheel drive,4,2180,6,243.0,3870,,31.9
1,2008,Europe,Diesel,Front-wheel drive,4,2390,6,272.0,4210,,31.3
2,1996,Asia,Gasoline,Front-wheel drive,5,2320,6,267.0,4240,17.3,27.5
3,1989,Europe,Gasoline,Front-wheel drive,4,2130,6,258.0,4490,18.7,28.5
4,1994,USA,Diesel,Front-wheel drive,3,2580,7,304.0,4510,17.5,31.0
5,2007,USA,Hybrid,Front-wheel drive,2,2290,6,266.0,4260,18.8,31.2
6,1992,Asia,Gasoline,Front-wheel drive,2,2270,6,250.0,4310,21.7,26.8
7,2005,USA,Gasoline,Front-wheel drive,4,2370,6,279.0,4090,17.4,30.2
8,1997,Asia,Gasoline,Rear-wheel drive,3,2330,6,251.0,4230,19.5,30.9
9,2004,USA,Diesel,All-wheel drive,5,2330,6,280.0,4620,17.7,31.2
10,1978,Asia,Gasoline,All-wheel drive,3,2410,6,,4420,19.5,26.8
11,1996,Europe,Diesel,Front-wheel drive,4,2240,6,250.0,3980,16.7,31.4
12,1983,USA,Diesel,Front-wheel drive,3,2370,7,,4390,20.7,30.4
13,2024,USA,Gasoline,Rear-wheel drive,4,2440,6,277.0,4790,20.2,30.2
14,2015,USA,Gasoline,Front-wheel drive,5,1900,6,202.0,4070,18.7,32.8
15,2007,Asia,Diesel,Front-wheel drive,4,2170,5,226.0,3950,18.0,35.4
16,2021,Asia,Gasoline,All-wheel drive,5,2280,6,234.0,4750,20.1,29.7
17,2021,USA,Gasoline,Rear-wheel drive,5,2540,7,299.0,4690,17.9,30.2
18,1995,USA,Gasoline,Front-wheel drive,2,2490,6,264.0,4230,17.7,28.5
19,2006,USA,Gasoline,All-wheel drive,4,2320,6,251.0,4410,15.8,31.4
20,2020,USA,Gasoline,Rear-wheel drive,4,2300,6,260.0,4600,19.6,30.1
21,2016,USA,Gasoline,Front-wheel drive,2,2410,7,291.0,4510,19.4,28.0
22,2019,Asia,Gasoline,Front-wheel drive,5,2350,6,246.0,4450,18.7,32.7
23,1994,Asia,Gasoline,Rear-wheel drive,4,2610,8,302.0,4440,17.1,26.6
24,2021,Europe,Gasoline,Front-wheel drive,3,2160,6,258.0,4180,20.4,31.5
25,2012,Asia,Diesel,Rear-wheel drive,2,2240,6,249.0,4210,18.0,33.8
26,1990,Europe,Gasoline,Front-wheel drive,3,2330,7,254.0,4040,18.8,28.6
27,2021,Europe,Gasoline,Rear-wheel drive,3,2440,6,265.0,4500,20.6,31.0
28,2006,USA,Gasoline,Front-wheel drive,2,2260,6,249.0,4130,18.6,30.7
29,2020,Europe,Hybrid,Front-wheel drive,2,2010,6,216.0,3820,18.2,36.9
30,2021,USA,Diesel,Rear-wheel drive,3,2460,7,294.0,4630,18.6,30.7
31,1993,Asia,Gasoline,Front-wheel drive,5,2290,6,240.0,4230,18.7,28.0
32,1978,USA,Gasoline,Rear-wheel drive,3,2080,6,,4350,16.8,24.1
33,2017,USA,Diesel,Front-wheel drive,4,2070,5,255.0,4200,20.2,35.4
34,1976,Asia,Gasoline,Rear-wheel drive,3,2620,7,273.0,4910,20.5,25.3
35,1977,Asia,Gasoline,Rear-wheel drive,5,2560,7,277.0,4570,21.3,26.8
36,2005,USA,Gasoline,Front-wheel drive,5,2390,7,264.0,4540,21.1,29.5
37,1983,Europe,Gasoline,Rear-wheel drive,2,2420,6,254.0,4360,19.5,28.2
38,1994,Asia,Hybrid,Rear-wheel drive,3,2330,6,258.0,4540,19.0,30.2
39,1994,Asia,Gasoline,Front-wheel drive,3,2390,6,,4300,18.2,33.5
40,2002,USA,Gasoline,Rear-wheel drive,2,2330,6,270.0,4580,18.1,27.6
41,1994,USA,Gasoline,Front-wheel drive,5,2200,6,262.0,4520,17.9,27.5
42,2007,USA,Gasoline,Rear-wheel drive,3,2530,6,296.0,4440,18.8,26.4
43,2023,Asia,Diesel,Rear-wheel drive,2,2290,6,239.0,4250,19.5,35.2
44,1975,Asia,Gasoline,Front-wheel drive,2,2370,6,248.0,4310,18.3,28.4
45,2015,Asia,Gasoline,Rear-wheel drive,3,2530,6,282.0,4430,17.1,29.2
46,1983,Europe,Gasoline,Rear-wheel drive,4,2130,6,,4360,20.9,29.7
47,1977,USA,Gasoline,Front-wheel drive,4,2360,6,,4190,20.1,23.8
48,2020,Europe,Diesel,Front-wheel drive,2,2270,7,238.0,4060,17.5,37.1
49,1982,USA,Gasoline,Rear-wheel drive,3,2340,6,,4490,18.8,24.4
50,2021,Europe,Gasoline,Rear-wheel drive,4,2260,6,239.0,4190,16.7,33.2
51,2006,Europe,Hybrid,Rear-wheel drive,5,2150,6,231.0,4150,19.4,36.6
52,1996,Asia,Diesel,Rear-wheel drive,3,2500,7,289.0,4640,20.7,30.9
53,1979,USA,Gasoline,Rear-wheel drive,2,2330,6,264.0,4400,20.4,24.5
54,2003,Asia,Gasoline,Front-wheel drive,4,2400,6,232.0,4320,20.6,29.6
55,2004,USA,Hybrid,All-wheel drive,3,2740,7,321.0,5010,20.6,29.7
56,2014,USA,Gasoline,Rear-wheel drive,2,2140,6,235.0,3990,19.1,26.8
57,1985,USA,Gasoline,Front-wheel drive,4,2240,6,257.0,4280,18.3,30.1
58,1990,USA,Hybrid,Front-wheel drive,5,2190,6,284.0,4170,19.5,33.6
59,1984,Europe,Diesel,Front-wheel drive,4,1980,6,233.0,4190,19.3,31.3
60,1986,Asia,Diesel,Front-wheel drive,3,2180,5,235.0,3840,16.1,27.1
61,1978,Asia,Hybrid,Front-wheel drive,3,1960,6,198.0,3770,19.4,35.8
62,1995,Asia,Diesel,Front-wheel drive,4,2080,6,250.0,3950,19.8,31.0
63,1999,Asia,Gasoline,Rear-wheel drive,4,2100,6,221.0,4370,18.2,29.7
64,1997,Europe,Diesel,Front-wheel drive,3,2070,6,234.0,3790,19.4,36.7
65,2018,Asia,Gasoline,Front-wheel drive,2,2180,6,254.0,3970,18.3,35.6
66,1978,USA,Gasoline,Front-wheel drive,4,2560,6,290.0,4330,19.2,23.5
67,1998,Asia,Gasoline,Front-wheel drive,3,1890,5,219.0,3940,17.8,31.6
68,1988,Asia,Gasoline,Front-wheel drive,2,2420,6,263.0,4220,19.3,27.3
69,2001,USA,Gasoline,Front-wheel drive,4,2270,6,256.0,4000,17.2,33.0
70,1997,Asia,Diesel,Front-wheel drive,5,2310,6,267.0,4100,20.0,33.9
71,2015,USA,Gasoline,Rear-wheel drive,4,2160,6,254.0,4350,18.1,28.9
72,2019,Asia,Gasoline,Front-wheel drive,2,2150,6,264.0,3860,19.7,31.7
73,1981,Asia,Gasoline,Front-wheel drive,2,1910,5,210.0,3580,18.9,33.1
74,1978,Europe,Gasoline,Front-wheel drive,3,2240,6,252.0,4190,21.2,30.4
75,1990,USA,Gasoline,Front-wheel drive,4,2100,6,,4020,19.7,28.7
76,1984,USA,Gasoline,All-wheel drive,4,2300,6,261.0,4590,19.4,24.3
77,2008,Asia,Gasoline,Front-wheel drive,3,2280,6,,4200,17.1,31.5
78,2016,Asia,Diesel,All-wheel drive,3,2110,6,249.0,4240,16.1,33.0
79,1995,USA,Gasoline,Rear-wheel drive,4,2350,7,296.0,4540,19.2,23.2
80,1998,Asia,Diesel,Front-wheel drive,4,2310,6,270.0,4270,18.5,29.7
81,2024,Europe,Hybrid,Rear-wheel drive,4,2450,6,268.0,4420,,34.3
82,2000,USA,Diesel,Rear-wheel drive,4,2650,7,283.0,4980,20.9,24.4
83,2019,Asia,Gasoline,All-wheel drive,3,2220,6,237.0,4370,17.7,30.8
84,1999,Asia,Gasoline,Front-wheel drive,3,2020,6,226.0,3810,17.2,31.3
85,1992,Europe,Diesel,All-wheel drive,4,2610,7,298.0,4760,18.9,26.5
86,2001,Europe,Gasoline,All-wheel drive,4,2550,6,258.0,4610,18.6,28.7
87,1979,Asia,Diesel,Rear-wheel drive,4,2330,6,278.0,4290,19.5,31.4
88,1998,Europe,Gasoline,Rear-wheel drive,4,2430,7,272.0,4470,17.9,26.9
89,1981,Europe,Diesel,Rear-wheel drive,3,2500,6,,4360,17.6,28.8
90,2015,USA,Gasoline,Rear-wheel drive,4,2100,5,216.0,4200,18.5,30.6
91,1984,Asia,Gasoline,Rear-wheel drive,4,2470,7,,4600,21.5,26.2
92,1988,USA,Gasoline,Front-wheel drive,3,2290,6,237.0,4080,17.2,30.8
93,1999,USA,Gasoline,Front-wheel drive,3,2170,6,249.0,4190,19.1,29.5
94,2013,USA,Hybrid,Front-wheel drive,4,2250,6,246.0,4140,19.9,35.7
95,1997,Asia,Gasoline,Front-wheel drive,3,2450,6,280.0,4540,18.7,28.6
96,1982,Europe,Gasoline,All-wheel drive,2,2370,6,237.0,4560,19.8,28.8
97,2003,USA,Gasoline,All-wheel drive,3,2140,5,229.0,4190,17.0,26.5
98,2018,Asia,Gasoline,Front-wheel drive,3,2290,6,250.0,4140,19.4,31.1
99,1976,Europe,Gasoline,Front-wheel drive,3,2290,6,,4230,18.4,26.6
100,2020,Asia,Gasoline,Front-wheel drive,3,1960,6,241.0,3850,18.2,34.3
101,2010,USA,Gasoline,Front-wheel drive,3,2450,7,280.0,4460,18.5,29.3
102,1993,Europe,Gasoline,Rear-wheel drive,4,2290,6,251.0,4220,18.9,29.8
103,2011,USA,Gasoline,Rear-wheel drive,5,2090,6,244.0,4380,18.2,29.6
104,2023,USA,Hybrid,Rear-wheel drive,4,2010,6,232.0,4070,20.4,34.6
105,1978,Europe,Gasoline,Rear-wheel drive,2,2190,6,245.0,4180,17.6,27.3
106,1983,Europe,Gasoline,Rear-wheel drive,2,2430,7,261.0,4080,17.2,26.6
107,2023,Europe,Gasoline,Front-wheel drive,4,2200,6,228.0,4060,18.1,31.5
108,1989,USA,Diesel,Front-wheel drive,3,2070,6,255.0,4200,19.5,30.7
109,2014,USA,Gasoline,Rear-wheel drive,2,2310,6,269.0,4220,17.5,30.7
110,1987,USA,Gasoline,Front-wheel drive,2,2380,6,266.0,4140,19.0,28.8
111,1976,USA,Gasoline,Front-wheel drive,3,2230,6,,4280,19.9,25.0
112,1979,USA,Gasoline,Front-wheel drive,3,2320,6,,4180,18.3,26.3
113,1997,Asia,Gasoline,Front-wheel drive,2,1820,5,219.0,3620,18.9,30.5
114,2009,USA,Gasoline,Front-wheel drive,4,2290,6,250.0,4320,17.6,28.8
115,1998,Asia,Gasoline,Rear-wheel drive,3,2180,6,237.0,4260,17.2,26.1
116,1987,USA,Gasoline,Front-wheel drive,2,2260,6,247.0,4310,20.5,29.4
117,1984,USA,Hybrid,Front-wheel drive,5,2510,6,,4160,17.2,31.1
118,2018,USA,Gasoline,Front-wheel drive,4,2330,7,261.0,4290,17.9,30.2
119,1991,Asia,Hybrid,Rear-wheel drive,3,2180,5,254.0,4090,19.6,32.7
120,1987,Asia,Diesel,All-wheel drive,4,2370,6,278.0,4710,21.2,25.8
121,2010,USA,Gasoline,Rear-wheel drive,2,2510,7,298.0,4560,19.0,26.5
122,1977,Asia,Gasoline,Rear-wheel drive,2,2230,6,236.0,4380,19.8,28.2
123,1998,Asia,Gasoline,Front-wheel drive,3,2200,6,236.0,4050,18.7,30.5
124,2024,Asia,Gasoline,Front-wheel drive,4,2370,6,244.0,4360,17.0,34.0
125,1983,Asia,Gasoline,Front-wheel drive,4,2380,6,249.0,4310,18.8,29.2
126,2000,Europe,Diesel,All-wheel drive,5,1960,6,259.0,4300,19.6,31.3
127,1983,Asia,Hybrid,All-wheel drive,3,2310,6,,4380,18.7,31.4
128,2016,USA,Diesel,Rear-wheel drive,4,2440,6,267.0,4480,18.2,29.9
129,1984,USA,Hybrid,Front-wheel drive,4,2210,6,,4490,18.0,32.3
130,1999,USA,Gasoline,Front-wheel drive,3,2140,6,247.0,3990,20.0,30.8
131,2021,USA,Gasoline,All-wheel drive,4,2310,6,256.0,4640,18.4,28.5
132,2024,Europe,Gasoline,Front-wheel drive,4,1920,5,200.0,3970,19.3,35.3
133,2012,Europe,Gasoline,Front-wheel drive,3,2020,5,210.0,3700,18.7,34.2
134,1986,Asia,Gasoline,Front-wheel drive,4,2310,6,224.0,4140,21.0,30.1
135,1982,Asia,Gasoline,Front-wheel drive,2,2290,6,,3960,17.8,26.4
136,1990,Europe,Gasoline,All-wheel drive,5,2370,6,245.0,4740,19.7,25.9
137,2010,Asia,Gasoline,Rear-wheel drive,5,2330,6,250.0,4530,20.0,27.7
138,1975,USA,Gasoline,Front-wheel drive,5,2500,7,275.0,4330,18.9,29.2
139,1981,Europe,Diesel,All-wheel drive,5,2280,6,267.0,4540,18.4,28.4
140,2022,USA,Gasoline,All-wheel drive,5,2390,7,289.0,4610,18.1,31.6
141,2019,Europe,Gasoline,Front-wheel drive,4,2270,6,237.0,4140,16.5,30.1
142,2019,Europe,Gasoline,Front-wheel drive,5,2620,7,282.0,4730,,31.5
143,2001,USA,Diesel,All-wheel drive,5,2270,6,279.0,4330,18.7,26.7
144,2001,Europe,Diesel,Rear-wheel drive,2,2200,6,260.0,4340,16.0,30.9
145,2012,Asia,Gasoline,Rear-wheel drive,4,2370,6,249.0,4740,20.0,30.0
146,2023,Europe,Gasoline,Rear-wheel drive,5,2340,6,263.0,4480,20.4,30.6
147,1977,USA,Hybrid,Front-wheel drive,2,2100,6,,4020,19.8,34.4
148,2019,Asia,Diesel,Front-wheel drive,2,2100,6,239.0,3800,17.6,36.6
149,2023,USA,Gasoline,All-wheel drive,3,2430,6,271.0,4260,16.7,30.4
150,1983,USA,Hybrid,Front-wheel drive,4,2580,6,,4580,18.7,30.7
151,1994,USA,Diesel,Front-wheel drive,3,2140,7,285.0,4330,17.3,29.8
152,2023,Europe,Gasoline,Front-wheel drive,4,2270,6,242.0,4070,18.0,31.7
153,2005,Asia,Diesel,Rear-wheel drive,5,2470,7,295.0,4760,19.2,30.0
154,2010,USA,Gasoline,Front-wheel drive,3,2360,6,246.0,4240,19.7,31.7
155,2024,Europe,Gasoline,Front-wheel drive,4,2120,5,229.0,4100,18.4,33.7
156,1990,Europe,Hybrid,Rear-wheel drive,5,2190,6,256.0,4350,20.3,35.0
157,2008,Europe,Gasoline,Front-wheel drive,4,2200,6,243.0,4000,19.0,34.5
158,2008,Asia,Hybrid,Front-wheel drive,3,2040,5,213.0,3830,19.7,34.8
159,1987,USA,Gasoline,All-wheel drive,2,2230,6,258.0,4520,19.6,25.6
160,1992,Asia,Gasoline,Front-wheel drive,3,2010,5,216.0,3750,20.1,32.8
161,2000,Europe,Diesel,Front-wheel drive,4,2400,6,253.0,4480,19.3,32.5
162,1993,USA,Gasoline,All-wheel drive,4,2160,6,248.0,4680,20.2,26.0
163,1989,Europe,Gasoline,Front-wheel drive,3,2380,6,260.0,4130,20.2,31.3
164,1978,Europe,Gasoline,Front-wheel drive,3,2130,6,,4150,19.7,29.8
165,1990,USA,Diesel,Front-wheel drive,3,2280,6,279.0,4350,18.4,31.2
166,1984,Europe,Hybrid,Front-wheel drive,3,2250,6,,4330,,31.8
167,1982,Asia,Gasoline,All-wheel drive,2,2290,6,260.0,4380,16.7,26.7
168,2005,USA,Gasoline,Front-wheel drive,4,2120,6,241.0,4030,18.4,31.4
169,2023,Europe,Gasoline,Front-wheel drive,3,2360,6,244.0,4090,18.3,31.6
170,2000,USA,Hybrid,All-wheel drive,4,2610,7,297.0,4890,18.7,27.8
171,1975,Asia,Gasoline,Front-wheel drive,3,2420,6,,4600,20.7,29.9
172,2018,Asia,Gasoline,All-wheel drive,3,2160,5,237.0,4360,17.4,31.4
173,1982,Europe,Gasoline,Rear-wheel drive,3,2150,6,,3840,18.1,29.4
174,1978,USA,Gasoline,Rear-wheel drive,2,2420,6,,4470,18.9,26.0
175,1989,Europe,Diesel,Front-wheel drive,4,2020,5,251.0,3940,17.2,32.0
176,2002,Asia,Hybrid,Front-wheel drive,4,2320,6,247.0,4330,20.8,31.6
177,1993,Asia,Gasoline,All-wheel drive,5,2170,6,232.0,4330,18.6,29.8
178,2010,USA,Diesel,Front-wheel drive,4,2360,6,279.0,4410,19.2,30.2
179,2008,USA,Hybrid,Front-wheel drive,2,2260,7,264.0,4180,16.5,33.3
180,1993,USA,Gasoline,Rear-wheel drive,5,2390,6,266.0,4810,17.8,27.9
181,2000,Europe,Diesel,All-wheel drive,2,2250,6,237.0,4430,18.7,29.8
182,2000,USA,Gasoline,All-wheel drive,3,2090,6,257.0,4270,19.4,31.9
183,1978,USA,Gasoline,Front-wheel drive,3,2150,6,255.0,4060,18.4,27.7
184,2011,Asia,Gasoline,Rear-wheel drive,3,2090,6,252.0,4410,17.9,30.9
185,1990,USA,Gasoline,Rear-wheel drive,4,2100,6,219.0,4090,19.1,29.4
186,1990,Asia,Diesel,Front-wheel drive,4,2150,6,259.0,4010,19.8,32.0
187,1999,USA,Gasoline,Front-wheel drive,5,2210,6,259.0,4390,20.7,31.0
188,1989,USA,Gasoline,Rear-wheel drive,3,2150,6,246.0,4280,18.1,28.8
189,2020,Asia,Gasoline,Rear-wheel drive,5,2290,6,251.0,4450,19.0,33.8
190,1987,Europe,Gasoline,Front-wheel drive,5,2290,6,,4190,19.3,28.8
191,1986,USA,Diesel,Front-wheel drive,5,1910,5,220.0,3930,19.2,30.4
192,1998,Europe,Gasoline,Rear-wheel drive,5,1930,6,219.0,3960,18.4,33.7
193,2009,USA,Gasoline,Rear-wheel drive,4,2160,6,247.0,4220,19.1,30.5
194,2008,Europe,Gasoline,All-wheel drive,3,2330,6,258.0,4420,20.2,25.3
195,1986,USA,Gasoline,Rear-wheel drive,4,2430,6,269.0,4600,20.4,25.0
196,1994,USA,Gasoline,Front-wheel drive,2,2280,6,250.0,3960,17.9,30.0
197,1986,Europe,Gasoline,All-wheel drive,5,2250,6,230.0,4520,20.0,27.4
198,1998,USA,Gasoline,Rear-wheel drive,4,2290,6,261.0,4340,17.8,26.2
199,1979,USA,Hybrid,Front-wheel drive,3,2400,7,284.0,4520,18.1,30.6
200,2003,Asia,Diesel,All-wheel drive,3,2190,6,268.0,4440,17.4,30.2
201,1983,Europe,Gasoline,Front-wheel drive,3,1880,5,210.0,3800,20.0,27.4
202,2007,Asia,Hybrid,Front-wheel drive,4,2210,6,251.0,4170,18.4,35.6
203,1999,Asia,Gasoline,All-wheel drive,3,2310,6,245.0,4280,20.0,28.3
204,1991,Asia,Hybrid,Front-wheel drive,4,2410,6,262.0,4520,19.4,34.2
205,2014,Europe,Hybrid,Rear-wheel drive,5,2560,7,280.0,4980,21.2,32.2
206,2007,USA,Gasoline,Front-wheel drive,3,2500,7,287.0,4280,20.1,28.9
207,2020,Europe,Hybrid,Front-wheel drive,4,2250,6,247.0,4050,19.8,37.2
208,2019,USA,Gasoline,All-wheel drive,5,2310,6,258.0,4480,16.7,30.9
209,1991,USA,Diesel,Front-wheel drive,2,2290,7,278.0,4210,18.1,30.3
210,2017,USA,Gasoline,All-wheel drive,3,2450,6,268.0,4600,19.5,27.7
211,1980,USA,Gasoline,All-wheel drive,4,2230,6,,4690,22.2,22.3
212,2004,USA,Gasoline,Front-wheel drive,3,1960,6,238.0,3720,19.5,31.5
213,1990,Asia,Gasoline,Front-wheel drive,4,2480,7,277.0,4510,19.6,28.3
214,1984,USA,Gasoline,Front-wheel drive,4,2380,6,259.0,4620,19.6,26.9
215,2019,USA,Gasoline,Front-wheel drive,3,1780,5,230.0,3850,17.9,32.5
216,2008,Asia,Gasoline,Front-wheel drive,3,2160,5,230.0,4060,19.6,31.7
217,2011,USA,Gasoline,Front-wheel drive,2,2240,6,275.0,4180,19.4,28.7
218,2007,USA,Gasoline,Front-wheel drive,3,2360,7,270.0,4550,17.6,29.3
219,2018,Asia,Gasoline,Front-wheel drive,2,2220,6,233.0,3780,17.6,35.0
220,2018,Asia,Diesel,Front-wheel drive,4,2010,5,240.0,3720,18.8,35.9
221,2012,Asia,Gasoline,Front-wheel drive,4,2090,6,216.0,4040,18.8,34.0
222,1975,Europe,Gasoline,Front-wheel drive,4,2210,6,,4130,17.1,28.3
223,2023,USA,Gasoline,Front-wheel drive,4,2310,7,274.0,4320,17.6,29.7
224,2016,Asia,Gasoline,Rear-wheel drive,2,1930,5,226.0,3880,19.4,34.0
225,1983,USA,Diesel,Front-wheel drive,3,2340,6,,4710,20.7,28.1
226,2003,Europe,Gasoline,Rear-wheel drive,2,2500,7,273.0,4610,18.0,26.4
227,2011,Europe,Gasoline,Rear-wheel drive,3,2400,7,263.0,4390,17.7,29.4
228,2021,Asia,Diesel,Rear-wheel drive,5,1670,4,210.0,3730,18.7,39.1
229,2021,Europe,Gasoline,Front-wheel drive,3,2410,6,243.0,3950,19.0,31.0
230,1988,Europe,Diesel,Front-wheel drive,2,1950,5,220.0,3690,18.2,30.1
231,1980,Asia,Gasoline,Front-wheel drive,2,2110,6,252.0,3800,20.9,28.3
232,2020,Asia,Gasoline,All-wheel drive,4,2090,6,216.0,4490,19.1,30.0
233,1995,Asia,Diesel,Rear-wheel drive,2,2040,6,247.0,4140,19.7,33.0
234,1992,Europe,Gasoline,All-wheel drive,4,1940,5,214.0,3890,18.7,29.4
235,1984,USA,Gasoline,Front-wheel drive,3,2150,5,231.0,4050,17.7,26.6
236,1994,USA,Hybrid,All-wheel drive,3,1980,5,233.0,4310,19.4,33.8
237,2023,Europe,Gasoline,All-wheel drive,2,2390,7,239.0,4450,19.4,30.7
238,1996,Asia,Gasoline,All-wheel drive,4,2020,5,226.0,3930,19.4,29.3
239,1984,Asia,Gasoline,All-wheel drive,3,2090,5,,3990,20.5,29.5
240,2008,Europe,Gasoline,Front-wheel drive,5,2270,6,255.0,4280,18.0,31.1
241,2013,Asia,Gasoline,Front-wheel drive,4,2310,6,238.0,4140,17.3,32.8
242,1995,Europe,Gasoline,All-wheel drive,3,2210,6,242.0,4240,20.0,29.3
243,1981,USA,Gasoline,Rear-wheel drive,3,2370,6,251.0,4140,19.4,25.2
244,2013,USA,Diesel,Rear-wheel drive,3,2500,7,313.0,4490,18.5,28.8
245,1977,Asia,Gasoline,Rear-wheel drive,4,2140,6,250.0,4300,20.3,27.2
246,1994,Asia,Gasoline,Front-wheel drive,4,2430,6,250.0,4520,17.7,27.5
247,2012,Europe,Gasoline,Rear-wheel drive,3,2640,7,288.0,4630,18.5,25.9
248,1997,Europe,Diesel,Front-wheel drive,4,2450,7,297.0,4410,18.3,30.1
249,1984,USA,Gasoline,Front-wheel drive,2,2150,6,,4140,19.3,27.5
250,2023,USA,Gasoline,Front-wheel drive,5,1920,5,225.0,4110,19.8,33.2
251,2012,USA,Diesel,Front-wheel drive,2,2060,6,249.0,3910,17.1,31.3
252,2018,Asia,Diesel,Front-wheel drive,2,2130,6,262.0,4050,16.1,38.4
253,1983,USA,Gasoline,All-wheel drive,2,2190,6,224.0,4340,20.0,24.8
254,2007,Asia,Diesel,Rear-wheel drive,2,2070,6,235.0,3950,20.2,35.4
255,2012,Asia,Gasoline,All-wheel drive,3,2430,7,260.0,4470,18.9,31.4
256,2008,USA,Gasoline,All-wheel drive,4,2110,5,243.0,4380,19.1,30.8
257,2000,Europe,Gasoline,Front-wheel drive,4,2310,6,262.0,4350,16.5,31.0
258,2003,Europe,Gasoline,All-wheel drive,3,2250,6,253.0,4300,16.7,30.2
259,2024,Asia,Gasoline,Front-wheel drive,3,2370,6,261.0,4130,18.0,32.2
260,2024,Asia,Diesel,Rear-wheel drive,4,2450,6,250.0,4190,18.9,31.1
261,1980,Europe,Gasoline,Rear-wheel drive,3,2060,5,,4040,17.7,29.0
262,2008,Europe,Gasoline,Front-wheel drive,2,2230,6,243.0,3900,17.9,32.3
263,2014,Europe,Gasoline,Front-wheel drive,4,2150,5,234.0,4310,20.2,32.2
264,1988,Europe,Gasoline,All-wheel drive,3,2000,6,235.0,4110,18.7,27.1
265,1985,USA,Gasoline,Front-wheel drive,3,2260,6,282.0,3930,17.8,27.7
266,1998,Asia,Gasoline,All-wheel drive,4,2300,6,287.0,4650,18.4,30.4
267,2014,USA,Gasoline,All-wheel drive,4,2420,6,267.0,4380,21.0,33.1
268,2001,USA,Gasoline,Rear-wheel drive,4,2400,6,268.0,4580,19.1,27.9
269,2012,USA,Gasoline,Front-wheel drive,3,2150,6,246.0,4100,20.4,32.0
270,1994,Europe,Gasoline,All-wheel drive,2,2570,7,289.0,4600,18.6,25.7
271,2020,Europe,Gasoline,Front-wheel drive,3,2710,7,305.0,4680,17.1,29.0
272,2021,USA,Diesel,Front-wheel drive,4,2550,6,269.0,4390,18.8,32.2
273,2017,USA,Gasoline,Rear-wheel drive,5,2680,7,299.0,4710,18.3,28.6
274,1984,Asia,Diesel,Rear-wheel drive,2,1790,5,186.0,3880,20.0,31.2
275,2007,Asia,Gasoline,All-wheel drive,2,2270,6,268.0,4130,18.8,30.6
276,2017,USA,Hybrid,Front-wheel drive,3,2060,6,260.0,4070,18.4,36.8
277,2005,USA,Diesel,All-wheel drive,2,2160,6,262.0,4130,17.5,28.9
278,2020,Europe,Gasoline,Rear-wheel drive,5,2430,6,254.0,4280,18.4,31.6
279,2014,Europe,Gasoline,Front-wheel drive,4,2250,6,244.0,4110,18.5,32.4
280,2021,USA,Gasoline,Rear-wheel drive,4,2410,7,277.0,4570,19.6,27.3
281,1994,USA,Gasoline,Front-wheel drive,2,2230,6,258.0,4280,18.0,28.8
282,2014,Europe,Gasoline,Front-wheel drive,3,1960,5,212.0,4000,,31.9
283,2015,USA,Gasoline,Front-wheel drive,2,2280,6,280.0,4160,17.1,28.3
284,1990,USA,Diesel,All-wheel drive,5,2600,7,318.0,4850,17.1,26.7
285,1996,Asia,Gasoline,Front-wheel drive,3,2100,6,218.0,3990,21.5,29.2
286,2012,Asia,Gasoline,Rear-wheel drive,4,2430,6,250.0,4550,17.1,32.2
287,1996,Europe,Gasoline,All-wheel drive,4,2390,6,248.0,4520,20.0,25.4
288,1995,USA,Gasoline,Front-wheel drive,3,2570,6,275.0,4520,21.1,29.5
289,2019,Asia,Gasoline,All-wheel drive,5,2390,6,259.0,4770,18.7,32.8
290,1984,Europe,Gasoline,All-wheel drive,3,2420,7,259.0,4770,20.2,25.2
291,2018,Europe,Gasoline,Front-wheel drive,3,1970,5,212.0,3610,17.3,33.7
292,2009,Asia,Gasoline,All-wheel drive,4,2330,6,263.0,4300,19.2,28.6
293,1990,Asia,Gasoline,Front-wheel drive,2,2300,6,261.0,4280,18.4,26.9
294,1984,Asia,Gasoline,Front-wheel drive,4,2150,6,,4320,20.1,27.6
295,2016,USA,Hybrid,Front-wheel drive,4,2470,6,286.0,4560,17.2,35.7
296,1985,Europe,Gasoline,All-wheel drive,3,2700,8,,4800,20.8,24.7
297,1990,Asia,Gasoline,Rear-wheel drive,4,2310,6,260.0,4480,19.6,29.0
298,2000,USA,Gasoline,Front-wheel drive,4,1970,5,234.0,4070,19.8,31.7
299,2010,USA,Gasoline,Front-wheel drive,2,2250,6,270.0,4090,19.2,33.0
300,1984,Europe,Gasoline,Front-wheel drive,4,1810,5,210.0,3690,16.4,31.3
301,2015,USA,Diesel,Front-wheel drive,3,2410,7,297.0,4260,18.2,32.0
302,1998,USA,Gasoline,Rear-wheel drive,3,2120,6,246.0,4030,18.0,31.2
303,2022,Europe,Gasoline,Front-wheel drive,2,2390,6,239.0,4240,19.2,32.7
304,2000,Europe,Hybrid,Rear-wheel drive,4,2430,6,248.0,4410,18.5,33.4
305,1978,USA,Gasoline,Front-wheel drive,2,2460,7,262.0,4400,19.1,25.8
306,1990,Asia,Diesel,Rear-wheel drive,4,2130,5,259.0,4050,17.6,29.0
307,1986,USA,Gasoline,Front-wheel drive,2,2030,6,254.0,4000,19.1,28.6
308,2016,Asia,Gasoline,All-wheel drive,5,2370,6,254.0,4500,18.7,28.4
309,2013,Europe,Gasoline,Rear-wheel drive,3,2200,5,233.0,4200,18.9,30.4
310,2022,USA,Diesel,Front-wheel drive,4,2310,6,288.0,4050,17.4,33.2
311,1996,USA,Gasoline,Rear-wheel drive,3,2400,6,264.0,4370,18.4,25.9
312,2005,Europe,Diesel,Front-wheel drive,2,2430,6,275.0,4360,19.8,31.9
313,2021,Europe,Gasoline,Front-wheel drive,4,2230,6,241.0,3970,16.6,32.8
314,2020,USA,Gasoline,Rear-wheel drive,3,2130,6,275.0,4380,18.9,30.0
315,2014,USA,Diesel,Front-wheel drive,5,2530,7,294.0,4770,18.0,34.2
316,1982,USA,Gasoline,Front-wheel drive,3,2280,6,266.0,4550,20.9,27.4
317,1975,Asia,Gasoline,All-wheel drive,4,2150,6,258.0,4200,20.3,26.1
318,1997,USA,Diesel,Rear-wheel drive,4,2140,6,269.0,4450,18.2,30.5
319,2005,USA,Gasoline,Front-wheel drive,5,2220,6,273.0,4420,20.6,29.1
320,1981,Asia,Gasoline,Front-wheel drive,3,2100,6,247.0,3850,18.0,30.0
321,1984,USA,Gasoline,All-wheel drive,5,2380,6,266.0,4680,18.0,24.2
322,2004,USA,Diesel,Front-wheel drive,3,2410,6,285.0,4330,18.0,30.9
323,2013,USA,Diesel,Front-wheel drive,5,2570,7,287.0,4440,19.7,31.0
324,1990,USA,Gasoline,Rear-wheel drive,2,2630,7,285.0,4670,19.6,25.2
325,1984,USA,Gasoline,All-wheel drive,4,2390,6,,4800,21.6,22.1
326,2007,Asia,Diesel,Front-wheel drive,5,2000,5,233.0,3820,17.9,33.8
327,1997,USA,Hybrid,Front-wheel drive,4,2170,6,268.0,4010,17.4,32.8
328,1992,Europe,Diesel,All-wheel drive,2,2090,5,265.0,4040,17.3,28.1
329,2023,USA,Diesel,All-wheel drive,2,2340,6,285.0,4460,17.2,30.8
330,1992,Europe,Gasoline,All-wheel drive,3,2470,7,,4410,19.6,27.8
331,2002,Europe,Diesel,Front-wheel drive,3,2630,7,284.0,4690,18.3,30.8
332,1995,Europe,Diesel,Front-wheel drive,3,2400,7,283.0,4530,19.7,29.6
333,2008,Europe,Gasoline,All-wheel drive,2,2430,6,267.0,4260,17.4,31.8
334,2022,Asia,Hybrid,Rear-wheel drive,5,2240,6,263.0,4480,18.5,36.2
335,2021,Europe,Diesel,All-wheel drive,2,2280,6,246.0,4250,17.3,33.3
336,1979,USA,Diesel,All-wheel drive,3,2080,6,,4180,20.9,29.1
337,1977,USA,Gasoline,Rear-wheel drive,4,2520,7,258.0,4670,19.0,23.3
338,1987,Europe,Gasoline,Front-wheel drive,2,2140,5,218.0,4030,19.1,29.1
339,2005,Europe,Gasoline,Front-wheel drive,4,2190,6,243.0,4060,19.0,32.1
340,1999,USA,Gasoline,All-wheel drive,4,2530,7,288.0,4620,17.4,23.4
341,1978,Europe,Hybrid,Front-wheel drive,2,2330,6,249.0,4360,21.4,31.2
342,1982,Europe,Gasoline,All-wheel drive,2,2440,7,276.0,4520,18.7,26.6
343,1982,USA,Gasoline,Rear-wheel drive,5,2340,7,,4540,19.2,25.5
344,2016,USA,Gasoline,Front-wheel drive,3,2010,6,224.0,4100,18.7,32.9
345,2016,USA,Gasoline,Rear-wheel drive,5,2340,6,281.0,4660,18.6,26.7
346,1982,Europe,Hybrid,Front-wheel drive,3,2040,5,,4040,19.3,35.9
347,2004,Europe,Gasoline,All-wheel drive,3,2330,6,247.0,4420,,29.2
348,1991,Europe,Gasoline,Front-wheel drive,2,2020,6,236.0,3710,18.0,34.5
349,2002,Asia,Gasoline,Front-wheel drive,3,2220,6,244.0,4180,19.9,30.1
350,2014,USA,Hybrid,All-wheel drive,4,2190,5,235.0,4440,18.6,33.8
351,1980,USA,Gasoline,Rear-wheel drive,3,2140,6,,4190,19.3,25.8
352,1995,Asia,Gasoline,Front-wheel drive,3,2370,6,272.0,4150,17.5,27.6
353,2001,Europe,Gasoline,Front-wheel drive,3,2200,5,244.0,4170,,30.7
354,1994,Asia,Diesel,Rear-wheel drive,4,2100,6,235.0,4470,19.4,31.1
355,2002,Asia,Gasoline,Front-wheel drive,2,2280,6,221.0,4150,20.5,32.5
356,1975,USA,Gasoline,Front-wheel drive,5,2090,6,246.0,3970,16.8,28.3
357,2016,USA,Gasoline,Rear-wheel drive,4,2090,6,247.0,4070,18.0,29.2
358,2003,Asia,Diesel,All-wheel drive,3,1970,5,214.0,4400,21.1,31.8
359,1977,Europe,Diesel,Rear-wheel drive,5,2510,6,276.0,4660,18.4,26.7
360,1997,USA,Gasoline,Rear-wheel drive,2,2360,6,271.0,4350,18.6,27.1
361,2023,Asia,Gasoline,All-wheel drive,2,2020,5,211.0,3970,17.5,30.6
362,1976,Asia,Diesel,Front-wheel drive,2,2610,6,275.0,4310,20.2,28.6
363,2007,USA,Gasoline,Front-wheel drive,3,2680,7,304.0,4330,15.5,29.3
364,1976,Asia,Gasoline,Front-wheel drive,3,2070,6,242.0,4090,21.3,27.2
365,2015,USA,Gasoline,Rear-wheel drive,3,2160,6,249.0,4270,20.4,26.6
366,1998,Asia,Gasoline,Front-wheel drive,3,2350,6,241.0,4430,19.7,29.7
367,1982,USA,Hybrid,Front-wheel drive,2,2440,6,283.0,4210,19.3,29.0
368,1999,Europe,Gasoline,Front-wheel drive,4,2350,6,254.0,4350,,31.1
369,2014,USA,Diesel,All-wheel drive,3,2130,6,232.0,4340,20.7,31.4
370,2003,Asia,Diesel,Rear-wheel drive,3,2210,6,240.0,4340,18.0,32.1
371,2019,USA,Diesel,All-wheel drive,3,2100,6,248.0,4300,18.7,33.2
372,1979,USA,Gasoline,Rear-wheel drive,4,2480,7,306.0,4350,19.5,23.7
373,1989,Asia,Gasoline,Front-wheel drive,3,2390,6,268.0,4200,17.6,29.1
374,1997,Asia,Gasoline,All-wheel drive,4,2430,6,260.0,4600,18.7,29.8
375,1978,USA,Hybrid,All-wheel drive,4,1870,5,212.0,3980,18.7,32.8
376,2007,Europe,Gasoline,Front-wheel drive,4,2100,6,235.0,4070,18.8,29.5
377,2020,Asia,Diesel,Front-wheel drive,4,2320,7,246.0,4170,18.9,34.8
378,2014,USA,Gasoline,Front-wheel drive,4,2160,6,245.0,4410,17.5,30.8
379,1978,Europe,Gasoline,Front-wheel drive,5,2190,6,,4140,18.7,27.6
380,2013,Asia,Gasoline,Front-wheel drive,2,2560,7,269.0,4360,19.8,30.2
381,2009,USA,Gasoline,Front-wheel drive,4,2130,6,249.0,4180,17.1,33.9
382,2005,Europe,Gasoline,Front-wheel drive,5,2240,6,241.0,4140,16.8,30.9
383,1976,Asia,Gasoline,All-wheel drive,5,2280,5,231.0,4170,21.5,27.1
384,2009,Europe,Gasoline,Front-wheel drive,4,2260,6,238.0,4140,19.0,30.6
385,2004,Asia,Gasoline,Rear-wheel drive,5,2130,6,224.0,4200,19.1,32.0
386,1994,USA,Gasoline,Front-wheel drive,4,2380,6,240.0,4040,18.7,27.5
387,2021,Asia,Gasoline,Rear-wheel drive,4,2410,7,243.0,4440,19.3,28.1
388,1988,Europe,Diesel,Rear-wheel drive,2,2070,6,251.0,4060,18.2,32.2
389,1986,USA,Gasoline,Front-wheel drive,5,2400,6,274.0,4500,17.7,27.9
390,2010,Asia,Gasoline,All-wheel drive,4,2110,6,238.0,4040,17.7,30.2
391,1981,Asia,Diesel,Rear-wheel drive,3,2070,6,,4280,18.0,28.4
392,1978,Europe,Gasoline,Front-wheel drive,5,2320,7,259.0,4470,20.5,29.4
393,1997,Asia,Gasoline,Front-wheel drive,5,2130,5,214.0,4070,19.6,29.9
394,1982,Europe,Gasoline,Rear-wheel drive,3,2570,6,270.0,4690,19.3,27.7
395,2020,USA,Diesel,Front-wheel drive,3,2300,6,256.0,4280,18.9,32.1
396,2015,USA,Gasoline,Front-wheel drive,2,2280,6,262.0,4260,18.5,32.8
397,1996,Europe,Gasoline,All-wheel drive,2,2460,7,259.0,4540,17.3,26.4
398,2002,USA,Gasoline,Front-wheel drive,4,2400,6,283.0,4380,18.1,29.1
399,1981,Europe,Gasoline,Front-wheel drive,5,2370,7,268.0,4410,18.6,27.8
400,1990,Asia,Gasoline,All-wheel drive,3,2280,6,256.0,4230,22.6,28.6
401,1988,USA,Gasoline,All-wheel drive,3,2480,7,295.0,4650,19.5,24.5
402,2002,USA,Gasoline,Rear-wheel drive,2,2480,7,277.0,4620,18.5,26.2
403,2004,USA,Gasoline,All-wheel drive,3,2400,6,250.0,4570,18.9,25.1
404,2019,USA,Hybrid,Rear-wheel drive,3,2170,6,241.0,4580,16.6,34.4
405,1978,USA,Diesel,Front-wheel drive,3,2360,6,,4220,18.3,30.8
406,2016,USA,Diesel,All-wheel drive,3,2200,6,269.0,4270,18.8,30.7
407,2020,USA,Gasoline,Front-wheel drive,4,2100,5,212.0,4210,18.0,31.0
408,2023,USA,Gasoline,Front-wheel drive,2,2610,6,270.0,4600,19.2,28.4
409,1998,Europe,Gasoline,Front-wheel drive,2,2180,7,244.0,3850,16.3,28.5
410,1991,USA,Gasoline,All-wheel drive,3,2600,6,269.0,4760,20.5,23.8
411,1976,USA,Hybrid,Front-wheel drive,2,2420,6,,4320,19.7,30.0
412,1979,USA,Diesel,Rear-wheel drive,3,2350,6,,4600,19.0,27.3
413,1998,USA,Hybrid,All-wheel drive,4,2170,6,251.0,4540,20.4,32.5
414,1976,Europe,Gasoline,Front-wheel drive,2,1890,5,,3770,19.6,29.6
415,2007,USA,Gasoline,Rear-wheel drive,3,2370,6,256.0,4600,19.1,27.2
416,2019,Europe,Gasoline,Rear-wheel drive,3,2420,7,266.0,4550,18.8,29.5
417,1976,USA,Gasoline,Rear-wheel drive,3,2330,6,,4330,20.0,24.6
418,1980,USA,Gasoline,Rear-wheel drive,5,2500,7,,4660,20.0,26.1
419,2016,Asia,Diesel,Front-wheel drive,5,2220,7,259.0,4150,20.2,32.8
420,2012,Europe,Gasoline,Rear-wheel drive,2,2290,6,226.0,4170,17.1,32.0
421,2017,USA,Gasoline,All-wheel drive,3,2440,6,263.0,4820,18.3,28.1
422,1985,Asia,Diesel,All-wheel drive,4,2130,5,214.0,4180,20.9,29.9
423,2002,Europe,Gasoline,Front-wheel drive,4,2620,7,267.0,4550,,31.7
424,2000,Asia,Gasoline,Front-wheel drive,3,2340,6,250.0,3880,18.2,31.3
425,1991,USA,Gasoline,Front-wheel drive,4,2300,6,257.0,4410,20.3,27.5
426,2008,Europe,Gasoline,Front-wheel drive,4,2670,7,291.0,4530,18.0,28.2
427,1985,Europe,Gasoline,All-wheel drive,4,2450,6,264.0,4620,20.2,24.3
428,1979,USA,Gasoline,Rear-wheel drive,4,2460,7,276.0,4760,19.4,26.1
429,2022,Asia,Hybrid,Front-wheel drive,4,2480,7,278.0,4450,19.6,33.9
430,1989,USA,Diesel,Front-wheel drive,3,2470,6,296.0,4360,16.8,29.0
431,1986,Asia,Gasoline,Front-wheel drive,4,2300,6,232.0,4370,20.3,27.2
432,2014,Europe,Diesel,Rear-wheel drive,3,2320,6,265.0,4170,18.4,34.5
433,1985,USA,Hybrid,All-wheel drive,3,2050,6,251.0,4300,19.2,29.8
434,1981,Europe,Gasoline,Rear-wheel drive,5,2700,7,278.0,4610,17.8,26.0
435,1976,Asia,Gasoline,Front-wheel drive,2,2260,6,257.0,4350,17.7,32.5
436,2023,USA,Diesel,All-wheel drive,3,2040,6,237.0,4250,19.6,33.5
437,1979,USA,Gasoline,Front-wheel drive,4,2340,7,,4370,17.8,27.3
438,1989,Asia,Gasoline,Front-wheel drive,4,2530,7,267.0,4490,17.7,30.1
439,2015,Europe,Gasoline,Front-wheel drive,3,2380,7,271.0,4530,20.0,32.5
440,2000,USA,Gasoline,All-wheel drive,2,2190,6,257.0,4190,16.9,26.5
441,2005,Europe,Diesel,Front-wheel drive,3,2280,6,266.0,4080,18.6,30.8
442,1978,Asia,Gasoline,All-wheel drive,2,1990,5,,4120,18.4,27.9
443,1990,Europe,Gasoline,Front-wheel drive,5,2150,6,222.0,4230,19.6,32.6
444,1984,Europe,Gasoline,Rear-wheel drive,2,2470,6,,4300,18.5,28.8
445,1991,Asia,Gasoline,Front-wheel drive,4,2530,6,272.0,4570,19.1,30.3
446,1990,Asia,Gasoline,Rear-wheel drive,5,2470,6,261.0,4780,20.1,28.8
447,1988,Asia,Gasoline,Front-wheel drive,4,2160,6,225.0,4360,17.4,29.5
448,2013,USA,Hybrid,Front-wheel drive,5,2230,6,266.0,4300,18.0,32.7
449,2015,USA,Gasoline,Front-wheel drive,4,2110,5,246.0,4130,20.3,34.2
450,1977,Asia,Diesel,Rear-wheel drive,4,2060,6,253.0,4150,18.3,29.2
451,2003,Europe,Hybrid,Front-wheel drive,2,2170,6,218.0,4010,17.9,37.4
452,1982,Europe,Diesel,Front-wheel drive,4,2370,6,263.0,3970,18.7,32.8
453,2003,USA,Gasoline,Rear-wheel drive,5,2000,6,222.0,4440,21.2,27.7
454,1981,USA,Diesel,Front-wheel drive,2,2200,6,265.0,3980,15.4,29.3
455,1982,Europe,Diesel,Front-wheel drive,4,2550,6,263.0,4640,,26.7
456,1978,Asia,Gasoline,All-wheel drive,4,2200,5,231.0,4580,18.4,26.9
457,1979,Asia,Gasoline,Front-wheel drive,4,2250,6,263.0,4300,20.3,27.3
458,1981,Asia,Gasoline,Rear-wheel drive,3,2450,6,275.0,4480,19.0,28.0
459,1998,Asia,Gasoline,Rear-wheel drive,4,2170,6,240.0,4240,19.5,29.1
460,2011,Asia,Gasoline,Front-wheel drive,5,2370,6,,4080,20.2,32.0
461,2006,Europe,Hybrid,All-wheel drive,5,2400,6,249.0,4510,19.0,32.7
462,1975,USA,Hybrid,Front-wheel drive,3,2240,6,256.0,4180,19.7,31.3
463,1998,Europe,Hybrid,Rear-wheel drive,3,2250,7,275.0,4320,19.4,30.0
464,2013,Asia,Gasoline,All-wheel drive,5,2270,6,263.0,4490,20.0,29.4
465,1993,Asia,Gasoline,Front-wheel drive,4,2520,7,274.0,4310,19.6,29.7
466,1985,Europe,Diesel,Front-wheel drive,3,2140,6,282.0,4030,18.3,31.4
467,1978,Europe,Gasoline,All-wheel drive,4,2450,6,,4820,20.9,26.1
468,1979,Asia,Gasoline,Front-wheel drive,4,2320,6,246.0,4170,20.8,24.7
469,2021,Asia,Gasoline,Front-wheel drive,2,1880,5,214.0,3660,16.8,35.8
470,2000,Asia,Gasoline,Rear-wheel drive,3,2310,6,246.0,4290,17.6,32.2
471,1990,USA,Gasoline,Front-wheel drive,5,2420,6,282.0,4200,16.6,28.6
472,1977,USA,Gasoline,Front-wheel drive,3,2380,6,276.0,4240,17.2,26.9
473,1993,USA,Gasoline,All-wheel drive,3,2190,6,246.0,4470,18.0,27.8
474,2019,USA,Gasoline,All-wheel drive,3,2370,7,272.0,4650,20.7,31.8
475,2004,USA,Gasoline,Rear-wheel drive,4,2020,5,213.0,4200,19.5,28.4
476,2022,USA,Gasoline,Front-wheel drive,3,2120,6,255.0,4050,18.5,32.4
477,1986,Europe,Diesel,Front-wheel drive,5,2070,5,246.0,4020,20.3,32.2
478,2014,USA,Gasoline,Front-wheel drive,4,2240,6,251.0,4120,18.6,32.6
479,1985,Europe,Gasoline,All-wheel drive,5,2240,6,255.0,4290,17.2,26.2
480,2010,Europe,Gasoline,Front-wheel drive,2,2010,6,216.0,4140,19.2,32.6
481,2012,USA,Gasoline,Front-wheel drive,3,2490,6,267.0,4460,17.4,28.2
482,2012,Europe,Gasoline,Front-wheel drive,2,2270,6,250.0,4250,17.9,31.4
483,1980,USA,Diesel,Front-wheel drive,3,2500,7,306.0,4460,17.8,27.0
484,1984,USA,Diesel,Front-wheel drive,4,2050,5,,3890,19.8,29.9
485,1994,USA,Gasoline,Rear-wheel drive,3,2210,6,254.0,4260,19.8,25.0
486,2003,Europe,Hybrid,Front-wheel drive,4,2520,7,259.0,4340,,34.0
487,1979,USA,Diesel,Front-wheel drive,5,2410,7,294.0,4640,20.1,28.3
488,1984,USA,Gasoline,All-wheel drive,4,2480,6,,4820,22.8,25.1
489,1990,Europe,Gasoline,All-wheel drive,5,2440,6,276.0,4800,20.6,26.4
490,1996,Asia,Hybrid,Front-wheel drive,5,2050,5,217.0,4350,21.5,30.9
491,1981,USA,Diesel,All-wheel drive,4,2340,6,256.0,4740,19.1,28.1
492,2008,Asia,Gasoline,Front-wheel drive,5,2410,6,255.0,4380,18.7,30.1
493,1984,Asia,Gasoline,All-wheel drive,2,2100,6,242.0,4140,19.9,28.7
494,2003,USA,Gasoline,Front-wheel drive,3,1930,6,227.0,4190,16.1,30.4
495,1979,Asia,Gasoline,Rear-wheel drive,3,2690,7,289.0,4910,20.1,24.1
496,1981,Asia,Diesel,Front-wheel drive,4,2300,6,258.0,4100,20.1,27.1
497,1993,USA,Diesel,All-wheel drive,3,2260,6,283.0,4410,18.1,30.4
498,2003,Asia,Diesel,Front-wheel drive,5,2180,6,246.0,4200,19.7,35.0
499,1994,Europe,Gasoline,Front-wheel drive,5,2160,5,238.0,4140,18.5,30.8
500,2019,Asia,Diesel,All-wheel drive,3,2350,7,269.0,4620,19.7,31.4
501,2015,Asia,Gasoline,Rear-wheel drive,4,2300,6,249.0,4360,17.4,29.9
502,1994,USA,Gasoline,Rear-wheel drive,4,2320,6,239.0,4750,19.9,24.1
503,1997,USA,Gasoline,Front-wheel drive,2,1910,5,216.0,3590,17.2,32.4
504,2010,Asia,Gasoline,Rear-wheel drive,3,2310,6,242.0,4270,16.1,28.3
505,1989,USA,Gasoline,Rear-wheel drive,3,2330,6,264.0,4440,20.3,26.4
506,2015,Europe,Gasoline,Rear-wheel drive,3,2040,6,227.0,4230,17.2,32.6
507,1986,USA,Gasoline,All-wheel drive,4,2350,7,260.0,4550,20.9,26.6
508,1998,Europe,Gasoline,Rear-wheel drive,3,2250,6,230.0,4220,20.7,29.8
509,2023,USA,Diesel,Front-wheel drive,2,2320,6,278.0,4360,19.1,32.1
510,2015,Europe,Diesel,Front-wheel drive,4,2500,6,277.0,4250,19.8,29.9
511,2012,USA,Diesel,Front-wheel drive,4,2220,6,283.0,4270,18.2,33.1
512,1984,Europe,Gasoline,Front-wheel drive,2,2330,6,277.0,4270,17.1,29.3
513,1981,USA,Diesel,Front-wheel drive,5,2100,6,,3920,21.7,30.5
514,2023,USA,Gasoline,Front-wheel drive,3,2440,6,284.0,4410,18.2,27.7
515,1989,USA,Gasoline,All-wheel drive,5,2180,6,241.0,4380,19.6,25.3
516,1988,Europe,Hybrid,Front-wheel drive,2,2190,6,207.0,3950,,34.1
517,2013,Europe,Gasoline,Rear-wheel drive,3,2160,6,,4190,19.7,31.0
518,2006,USA,Gasoline,All-wheel drive,3,2440,6,264.0,4460,18.7,26.8
519,1979,Asia,Gasoline,Front-wheel drive,3,2230,6,217.0,3920,19.5,29.6
520,2008,Europe,Gasoline,Front-wheel drive,3,2700,6,276.0,4490,17.8,32.4
521,1978,Europe,Gasoline,Front-wheel drive,5,2440,7,,4390,18.3,28.8
522,2012,Europe,Diesel,Front-wheel drive,3,2220,7,253.0,4040,18.7,34.0
523,2003,Europe,Gasoline,Rear-wheel drive,3,2180,5,219.0,4200,18.5,29.2
524,1982,Asia,Gasoline,Front-wheel drive,2,2230,6,,4230,17.6,25.3
525,1991,USA,Gasoline,Rear-wheel drive,2,2040,6,242.0,4160,19.4,27.9
526,1984,Europe,Diesel,All-wheel drive,4,2620,7,,4780,19.8,29.1
527,2015,Europe,Gasoline,Rear-wheel drive,3,2240,6,257.0,4320,19.4,28.8
528,1995,Europe,Diesel,Front-wheel drive,3,2510,7,286.0,4540,17.2,30.2
529,2012,Asia,Gasoline,All-wheel drive,4,2090,6,234.0,4190,19.4,29.8
530,1996,Europe,Gasoline,Front-wheel drive,4,2160,6,243.0,4030,18.3,29.8
531,1999,Asia,Gasoline,Rear-wheel drive,3,2430,6,266.0,4360,19.7,27.8
532,2019,USA,Gasoline,Front-wheel drive,3,2140,6,240.0,4190,18.6,32.0
533,1997,Asia,Gasoline,Front-wheel drive,2,2670,7,308.0,4850,18.9,29.9
534,1994,Asia,Gasoline,Front-wheel drive,2,2410,6,269.0,4400,18.0,26.4
535,2000,USA,Hybrid,Front-wheel drive,4,2380,6,242.0,4240,16.6,35.5
536,1993,Asia,Gasoline,Front-wheel drive,3,2160,6,209.0,3900,17.7,33.3
537,1991,Asia,Gasoline,Rear-wheel drive,3,2080,6,228.0,4210,18.8,28.3
538,2008,Asia,Gasoline,All-wheel drive,4,2430,7,259.0,4410,19.0,27.7
539,1988,Europe,Gasoline,Front-wheel drive,5,1940,5,181.0,3880,19.5,29.0
540,2006,Asia,Gasoline,Front-wheel drive,2,1970,5,220.0,3640,19.9,31.9
541,1978,Asia,Gasoline,Rear-wheel drive,3,2370,6,,4450,19.7,27.5
542,1985,USA,Gasoline,All-wheel drive,3,2630,6,,4700,17.8,24.7
543,1978,USA,Gasoline,Front-wheel drive,4,2290,5,269.0,4200,17.7,26.7
544,2020,Europe,Gasoline,Front-wheel drive,5,1870,5,197.0,3620,18.1,34.4
545,2013,Europe,Gasoline,Front-wheel drive,3,2260,6,262.0,4070,15.6,31.4
546,1990,Asia,Gasoline,Front-wheel drive,4,2480,7,259.0,4200,17.6,27.8
547,2004,Europe,Gasoline,Rear-wheel drive,4,2130,5,248.0,4220,21.2,32.1
548,1992,USA,Hybrid,Rear-wheel drive,4,2380,7,266.0,4770,19.2,29.2
549,1994,Asia,Gasoline,Front-wheel drive,5,2000,6,225.0,4030,18.7,28.6
550,1989,USA,Gasoline,All-wheel drive,3,2000,6,244.0,4550,18.9,26.7
551,2007,Asia,Hybrid,Rear-wheel drive,4,2250,6,255.0,4340,18.2,33.1
552,2003,Asia,Gasoline,Front-wheel drive,2,2590,7,281.0,4210,18.5,31.7
553,1984,Asia,Diesel,All-wheel drive,3,2100,6,,4240,18.7,31.1
554,1983,Europe,Diesel,Front-wheel drive,3,2430,6,,4110,18.7,30.4
555,2006,Asia,Diesel,Rear-wheel drive,4,2290,6,253.0,4230,18.4,30.3
556,2000,USA,Hybrid,Rear-wheel drive,5,2530,6,279.0,4650,19.8,28.7
557,2001,Asia,Hybrid,Front-wheel drive,3,2270,6,247.0,3830,17.6,32.6
558,1996,Europe,Diesel,Front-wheel drive,2,2380,7,276.0,4260,19.9,33.8
559,1987,USA,Diesel,Rear-wheel drive,2,1850,5,247.0,3750,17.3,29.9
560,1982,Asia,Gasoline,Rear-wheel drive,3,1890,5,205.0,3910,19.5,29.9
561,1983,Europe,Gasoline,Rear-wheel drive,5,2210,6,,4070,,25.6
562,2013,Europe,Gasoline,Rear-wheel drive,4,2480,7,284.0,4530,17.1,27.4
563,2024,Europe,Diesel,All-wheel drive,3,2520,7,309.0,4610,18.7,29.7
564,1992,Asia,Gasoline,Front-wheel drive,2,2250,6,,4130,18.6,28.5
565,2023,Asia,Diesel,All-wheel drive,5,2230,6,253.0,4460,19.7,34.3
566,1984,Asia,Hybrid,Rear-wheel drive,4,2100,6,,4070,18.9,32.8
567,2018,Europe,Gasoline,Front-wheel drive,4,2410,6,261.0,4260,16.8,29.9
568,2009,USA,Gasoline,Front-wheel drive,5,2450,6,274.0,4260,18.3,28.7
569,2018,Asia,Gasoline,Front-wheel drive,4,2050,6,240.0,4000,18.7,32.1
570,1986,USA,Gasoline,Front-wheel drive,4,2510,7,280.0,4680,20.6,25.6
571,1981,Asia,Gasoline,Front-wheel drive,3,2310,7,260.0,4140,17.2,27.7
572,1991,Europe,Gasoline,Rear-wheel drive,3,2050,5,221.0,3990,,30.7
573,1993,USA,Gasoline,All-wheel drive,4,2350,6,267.0,4440,18.3,28.7
574,2020,Asia,Diesel,All-wheel drive,4,2510,6,282.0,4690,19.0,31.6
575,2022,Europe,Gasoline,All-wheel drive,2,2140,6,226.0,4240,18.9,31.9
576,1995,Asia,Gasoline,Front-wheel drive,3,2280,6,259.0,4090,18.3,27.4
577,1993,USA,Gasoline,Front-wheel drive,5,2240,6,259.0,4240,18.7,28.3
578,1982,USA,Gasoline,All-wheel drive,4,1810,6,,4400,20.2,25.9
579,1990,USA,Gasoline,Front-wheel drive,3,2520,6,282.0,4490,18.3,26.1
580,1995,Europe,Diesel,All-wheel drive,2,2570,7,285.0,4680,19.5,27.9
581,2015,USA,Gasoline,All-wheel drive,5,2490,6,285.0,4800,21.0,26.4
582,2005,Europe,Diesel,Rear-wheel drive,4,1820,5,226.0,3840,15.0,35.8
583,2022,USA,Gasoline,Front-wheel drive,4,1820,6,225.0,3930,16.1,28.6
584,1987,Asia,Gasoline,Front-wheel drive,3,2160,6,251.0,4050,21.1,28.1
585,1996,USA,Gasoline,Front-wheel drive,5,2360,6,268.0,4370,19.2,25.4
586,2009,Europe,Gasoline,Front-wheel drive,5,2170,6,236.0,4120,20.3,31.7
587,2008,USA,Gasoline,Rear-wheel drive,4,2220,5,235.0,4030,17.5,27.5
588,2008,Asia,Gasoline,Front-wheel drive,3,2060,6,220.0,3950,20.8,31.4
589,1997,USA,Gasoline,All-wheel drive,4,2060,6,248.0,4390,20.3,28.5
590,2020,Asia,Gasoline,All-wheel drive,3,2520,7,279.0,4500,17.9,29.9
591,1978,USA,Gasoline,All-wheel drive,3,2200,6,245.0,4150,17.7,26.4
592,1993,USA,Diesel,All-wheel drive,5,1870,5,238.0,4340,20.2,29.0
593,1984,Asia,Gasoline,All-wheel drive,4,2520,7,,4730,19.2,27.2
594,2021,USA,Diesel,Front-wheel drive,4,2430,6,281.0,4320,17.8,31.5
595,1979,Europe,Gasoline,Rear-wheel drive,2,2070,5,235.0,4250,18.3,28.2
596,2021,Asia,Gasoline,Rear-wheel drive,2,2150,6,243.0,4350,16.6,32.4
597,1984,USA,Gasoline,All-wheel drive,3,2180,6,252.0,4500,20.4,25.6
598,1981,Europe,Gasoline,Front-wheel drive,2,2070,6,227.0,4230,21.9,29.7
599,1995,Europe,Gasoline,Front-wheel drive,3,2290,6,244.0,4160,19.5,29.8
600,2002,USA,Gasoline,Front-wheel drive,4,2310,6,269.0,4330,17.5,30.5
601,2019,USA,Gasoline,All-wheel drive,2,2270,6,282.0,4330,18.8,29.7
602,2023,Europe,Gasoline,Front-wheel drive,3,2240,6,247.0,4150,20.0,36.8
603,2001,Asia,Gasoline,All-wheel drive,2,2380,6,256.0,4480,21.0,28.5
604,1986,Europe,Diesel,Front-wheel drive,5,2310,6,263.0,4210,,28.1
605,2017,Asia,Gasoline,Front-wheel drive,5,2410,6,273.0,4460,18.4,30.6
606,1986,USA,Diesel,Front-wheel drive,2,2350,6,278.0,4160,19.2,30.2
607,2015,Asia,Gasoline,Rear-wheel drive,3,2050,6,233.0,4110,18.9,33.8
608,2014,USA,Gasoline,Front-wheel drive,2,2330,6,244.0,4440,19.9,31.0
609,2022,Asia,Gasoline,Rear-wheel drive,3,2460,7,266.0,4690,17.4,29.8
610,1987,USA,Hybrid,Rear-wheel drive,2,2380,6,268.0,4280,18.4,31.9
611,2013,Europe,Gasoline,Front-wheel drive,5,2280,6,259.0,4170,16.3,31.0
612,1999,Asia,Gasoline,Front-wheel drive,5,2190,6,245.0,4140,19.4,30.1
613,1996,USA,Gasoline,All-wheel drive,2,2520,7,288.0,4740,18.8,25.5
614,1994,Asia,Diesel,Front-wheel drive,4,1750,5,206.0,3540,17.6,33.9
615,2023,Asia,Diesel,Front-wheel drive,5,2360,7,268.0,4730,18.7,31.6
616,2010,USA,Gasoline,Front-wheel drive,5,2460,6,279.0,4670,18.1,27.1
617,2020,Asia,Gasoline,Rear-wheel drive,5,2340,6,250.0,4720,21.8,30.6
618,1999,Europe,Gasoline,Front-wheel drive,3,2250,6,235.0,4140,19.0,30.8
619,1997,Asia,Hybrid,Front-wheel drive,2,2080,5,208.0,3820,16.8,36.3
620,2023,Europe,Diesel,Rear-wheel drive,2,2440,6,259.0,4450,18.7,34.4
621,1988,Asia,Gasoline,Front-wheel drive,3,2360,6,263.0,4370,20.3,27.5
622,1981,Asia,Gasoline,Front-wheel drive,2,2080,5,,4040,19.4,32.9
623,1976,Asia,Gasoline,Rear-wheel drive,3,2120,6,,3940,18.8,27.6
624,2013,Europe,Gasoline,Rear-wheel drive,4,2400,7,,4520,20.8,30.8
625,1983,Europe,Hybrid,All-wheel drive,2,1860,5,216.0,3870,19.9,34.0
626,2012,Europe,Gasoline,All-wheel drive,5,2230,5,233.0,4410,19.0,29.7
627,1994,USA,Gasoline,Rear-wheel drive,5,2240,6,245.0,4660,18.6,27.0
628,1994,Europe,Gasoline,Front-wheel drive,5,2180,6,254.0,4390,18.9,30.8
629,1992,Asia,Gasoline,All-wheel drive,2,2280,7,242.0,4400,18.9,26.1
630,1983,USA,Hybrid,Front-wheel drive,4,2090,5,236.0,3970,17.4,29.7
631,1979,Asia,Gasoline,Rear-wheel drive,4,2290,6,247.0,4280,20.2,27.1
632,1998,Asia,Hybrid,Front-wheel drive,4,2460,6,,4490,18.8,35.6
633,2005,Europe,Gasoline,All-wheel drive,4,2510,7,281.0,4560,18.6,30.4
634,2018,Asia,Gasoline,All-wheel drive,3,2140,6,237.0,4320,19.6,30.7
635,1998,Europe,Gasoline,Front-wheel drive,3,2290,5,228.0,4230,20.7,33.2
636,2020,Europe,Diesel,Rear-wheel drive,2,2400,6,262.0,4080,19.4,34.2
637,1998,USA,Gasoline,All-wheel drive,4,2460,6,273.0,4840,20.2,25.6
638,1996,Europe,Hybrid,Rear-wheel drive,2,2010,6,225.0,4040,19.6,32.3
639,1994,USA,Hybrid,All-wheel drive,4,2440,6,280.0,4630,18.2,31.0
640,2007,USA,Gasoline,All-wheel drive,5,2420,6,270.0,4740,18.9,27.5
641,1988,USA,Gasoline,All-wheel drive,3,2430,7,274.0,4870,21.0,23.6
642,1979,USA,Gasoline,Rear-wheel drive,5,2210,6,,4350,19.7,28.3
643,1982,Europe,Gasoline,Front-wheel drive,3,2040,6,,3720,18.0,29.5
644,2000,Asia,Gasoline,Rear-wheel drive,4,1880,5,201.0,4060,19.3,30.8
645,2008,Europe,Diesel,Rear-wheel drive,4,1980,6,236.0,4190,18.1,33.1
646,2004,USA,Diesel,All-wheel drive,5,1840,5,241.0,3870,18.8,31.3
647,1977,Asia,Diesel,Rear-wheel drive,5,2060,6,257.0,4030,18.9,32.6
648,1990,Asia,Gasoline,All-wheel drive,4,2650,7,276.0,4630,20.5,24.9
649,1990,Europe,Hybrid,Front-wheel drive,4,2190,6,222.0,3830,20.1,33.8
650,1976,Asia,Gasoline,Rear-wheel drive,4,2220,6,235.0,4340,17.9,27.5
651,2005,Asia,Gasoline,Front-wheel drive,4,2240,6,240.0,4170,18.6,30.5
652,1998,USA,Hybrid,Front-wheel drive,4,2220,6,238.0,4300,19.2,31.5
653,2001,USA,Gasoline,Rear-wheel drive,3,2250,6,260.0,4360,18.7,23.3
654,2006,USA,Diesel,Rear-wheel drive,4,2250,6,259.0,4490,19.9,32.4
655,1979,USA,Gasoline,Front-wheel drive,2,1980,5,247.0,3910,18.2,28.9
656,1987,Europe,Hybrid,Rear-wheel drive,4,2430,6,227.0,4500,18.4,34.6
657,1994,USA,Diesel,All-wheel drive,3,2460,7,302.0,4710,18.7,29.6
658,1998,Asia,Diesel,Front-wheel drive,4,2300,6,258.0,4360,20.2,31.5
659,2011,Asia,Gasoline,Rear-wheel drive,3,2210,6,249.0,4240,19.3,28.6
660,2020,USA,Gasoline,Front-wheel drive,5,2050,6,248.0,4180,21.2,33.3
661,2023,USA,Gasoline,All-wheel drive,4,1900,6,243.0,4210,17.9,30.4
662,2021,USA,Diesel,Rear-wheel drive,4,2310,6,260.0,4320,17.6,31.5
663,1995,Asia,Diesel,Rear-wheel drive,5,2150,6,248.0,4540,20.1,30.7
664,1990,USA,Hybrid,All-wheel drive,3,2500,6,272.0,4820,20.7,30.8
665,2012,Europe,Gasoline,Rear-wheel drive,3,1960,5,236.0,3690,18.1,30.3
666,1976,USA,Gasoline,Rear-wheel drive,3,2170,6,,4450,21.5,22.7
667,1992,Europe,Gasoline,Rear-wheel drive,4,2590,7,255.0,4710,19.4,26.9
668,2014,Asia,Gasoline,Front-wheel drive,2,2140,6,266.0,3880,19.1,34.1
669,1997,Europe,Diesel,Front-wheel drive,4,2210,6,277.0,4480,18.9,27.8
670,1999,USA,Gasoline,All-wheel drive,5,2360,6,272.0,4660,18.6,26.9
671,1981,Europe,Gasoline,Rear-wheel drive,2,2350,7,256.0,4510,19.0,26.8
672,1995,USA,Gasoline,Front-wheel drive,3,2180,6,252.0,4260,20.2,26.2
673,2010,Europe,Hybrid,Front-wheel drive,4,2230,6,235.0,4400,18.5,33.4
674,1995,Asia,Gasoline,Front-wheel drive,5,1960,5,204.0,3920,20.3,32.1
675,1981,Europe,Gasoline,Front-wheel drive,3,2230,6,238.0,3970,18.4,30.4
676,2000,USA,Gasoline,Front-wheel drive,5,2240,6,258.0,4150,17.2,28.4
677,1981,Europe,Diesel,Front-wheel drive,5,2240,6,,3990,16.4,31.3
678,2016,Asia,Diesel,Front-wheel drive,4,2090,6,260.0,3690,16.9,33.7
679,2021,Europe,Diesel,Front-wheel drive,4,2150,6,241.0,4070,18.6,33.2
680,2024,Europe,Gasoline,All-wheel drive,4,2030,6,208.0,4420,20.0,32.2
681,2013,Europe,Hybrid,Rear-wheel drive,4,2180,6,248.0,4160,19.1,35.0
682,1979,Europe,Gasoline,Front-wheel drive,4,2280,6,,4280,19.2,26.1
683,1985,USA,Diesel,Rear-wheel drive,4,2200,6,271.0,4210,20.7,29.0
684,1988,USA,Gasoline,Front-wheel drive,4,2120,6,244.0,3990,20.0,29.9
685,2011,USA,Gasoline,Front-wheel drive,2,2020,6,210.0,3990,18.3,34.1
686,2001,Asia,Gasoline,All-wheel drive,3,2350,6,257.0,4500,18.9,29.3
687,1977,USA,Hybrid,Rear-wheel drive,4,2180,5,224.0,4330,20.5,29.0
688,2020,Europe,Hybrid,Front-wheel drive,3,2220,5,223.0,4110,20.4,37.9
689,1984,USA,Gasoline,Front-wheel drive,5,2430,7,267.0,4540,20.0,27.4
690,1994,Europe,Gasoline,All-wheel drive,3,2100,6,210.0,4320,18.4,27.8
691,1993,Europe,Gasoline,Front-wheel drive,2,2010,5,205.0,3690,,32.5
692,2002,USA,Diesel,Front-wheel drive,2,2570,7,310.0,4290,17.9,29.6
693,1994,Asia,Gasoline,Front-wheel drive,2,2290,6,242.0,4200,19.5,28.5
694,1984,Europe,Gasoline,Rear-wheel drive,4,2490,7,,4350,19.8,28.2
695,1999,Europe,Gasoline,Front-wheel drive,3,2230,5,235.0,4130,,31.4
696,2008,Asia,Gasoline,Front-wheel drive,2,2210,6,248.0,4090,17.4,33.3
697,2023,Europe,Gasoline,All-wheel drive,3,1980,6,215.0,4210,,29.9
698,1981,USA,Gasoline,All-wheel drive,2,2480,7,,4550,18.3,24.6
699,1990,Europe,Gasoline,Front-wheel drive,3,2240,6,238.0,4130,19.6,30.0
700,1991,Asia,Diesel,Front-wheel drive,2,2310,6,251.0,4030,18.1,33.3
701,2000,USA,Gasoline,Rear-wheel drive,5,2620,7,300.0,4750,17.4,26.7
702,1976,USA,Hybrid,Front-wheel drive,2,2220,5,231.0,4200,18.6,32.2
703,2024,USA,Gasoline,Front-wheel drive,4,2150,6,248.0,3960,16.1,36.9
704,2022,USA,Gasoline,All-wheel drive,3,2150,6,256.0,4300,19.3,30.1
705,2003,USA,Gasoline,Front-wheel drive,3,2130,7,257.0,4000,18.7,30.2
706,1987,Europe,Gasoline,Rear-wheel drive,3,2230,6,240.0,4230,18.0,27.3
707,2000,USA,Diesel,Rear-wheel drive,4,2260,6,268.0,4580,20.1,31.4
708,2018,USA,Gasoline,Front-wheel drive,3,2140,6,257.0,4120,17.9,31.5
709,2007,Asia,Gasoline,All-wheel drive,5,2150,6,242.0,4420,20.1,27.0
710,1991,Asia,Gasoline,Front-wheel drive,5,2240,6,251.0,4090,17.5,30.8
711,1991,USA,Hybrid,Front-wheel drive,2,2140,6,238.0,4140,18.0,29.7
712,2023,Asia,Gasoline,Front-wheel drive,4,2060,6,231.0,4060,19.7,36.3
713,2004,USA,Diesel,Front-wheel drive,3,2470,7,305.0,4340,15.1,30.9
714,1991,Europe,Hybrid,Front-wheel drive,2,2060,6,227.0,4130,19.0,34.1
715,1977,USA,Gasoline,Front-wheel drive,3,2380,6,,4150,17.9,25.9
716,2014,Europe,Gasoline,Front-wheel drive,5,2360,7,256.0,4520,19.2,33.3
717,1976,Europe,Diesel,Front-wheel drive,3,2220,6,267.0,4280,20.1,28.2
718,1990,Europe,Diesel,Rear-wheel drive,5,2250,6,256.0,4080,17.5,30.1
719,2001,Asia,Hybrid,Front-wheel drive,4,2790,7,283.0,4750,19.6,30.8
720,2000,Asia,Gasoline,Front-wheel drive,3,2020,6,246.0,3840,16.7,33.9
721,2002,Europe,Diesel,Front-wheel drive,3,2220,6,273.0,4160,19.1,33.0
722,2021,Asia,Gasoline,Front-wheel drive,3,1990,5,234.0,3850,16.7,30.6
723,1976,Europe,Gasoline,Front-wheel drive,5,2270,6,254.0,4180,18.1,27.3
724,2024,Asia,Gasoline,Front-wheel drive,2,2260,6,251.0,3970,18.6,34.1
725,1986,USA,Gasoline,Front-wheel drive,5,2460,7,284.0,4450,19.4,25.4
726,2024,Europe,Gasoline,All-wheel drive,4,2440,6,247.0,4440,19.5,29.3
727,2022,USA,Hybrid,Rear-wheel drive,4,2360,7,272.0,4390,18.2,30.9
728,1985,Europe,Diesel,Front-wheel drive,5,2650,7,291.0,4830,17.2,28.8
729,1986,Asia,Hybrid,Front-wheel drive,3,2160,6,252.0,4110,16.6,31.5
730,1976,Europe,Gasoline,Front-wheel drive,3,2410,6,272.0,4310,,23.9
731,2000,USA,Gasoline,Rear-wheel drive,3,2590,7,276.0,4530,20.2,25.0
732,1990,Asia,Gasoline,Rear-wheel drive,4,2130,6,226.0,4310,19.2,28.8
733,1989,Europe,Hybrid,Front-wheel drive,2,2160,6,213.0,4130,17.9,33.2
734,2020,Asia,Gasoline,Rear-wheel drive,4,2340,6,266.0,4290,18.0,31.5
735,2016,USA,Gasoline,Front-wheel drive,3,2040,6,251.0,3940,19.5,29.6
736,1980,Asia,Gasoline,Front-wheel drive,2,2220,6,,4150,18.9,30.5
737,1998,Europe,Diesel,All-wheel drive,4,2250,7,271.0,4220,16.8,30.7
738,2016,USA,Gasoline,All-wheel drive,4,2300,7,279.0,4410,17.3,29.0
739,1981,Asia,Gasoline,Front-wheel drive,5,2300,6,240.0,4250,18.2,29.1
740,2011,USA,Diesel,Front-wheel drive,3,2070,6,262.0,3980,16.8,31.7
741,2012,Asia,Gasoline,Rear-wheel drive,3,2630,7,296.0,4790,16.4,28.1
742,1992,USA,Gasoline,Front-wheel drive,5,2100,6,252.0,4150,20.5,29.4
743,2009,Europe,Diesel,Front-wheel drive,4,2360,7,253.0,4320,18.8,31.8
744,1988,USA,Diesel,Front-wheel drive,2,2230,6,261.0,4290,18.6,32.1
745,2015,Europe,Gasoline,Front-wheel drive,2,2320,6,243.0,4080,18.8,27.9
746,1981,USA,Gasoline,Rear-wheel drive,2,2590,6,294.0,4710,18.8,23.5
747,1975,Europe,Gasoline,All-wheel drive,2,2300,6,,4350,17.8,25.7
748,2003,USA,Gasoline,Rear-wheel drive,2,2320,6,254.0,4080,18.5,29.4
749,1987,Europe,Gasoline,Front-wheel drive,3,2120,6,234.0,4120,,28.9
750,1975,Asia,Gasoline,Rear-wheel drive,3,2340,6,246.0,4240,18.9,29.4
751,2011,Europe,Gasoline,Front-wheel drive,3,2220,6,254.0,4080,17.2,31.0
752,1980,Europe,Diesel,Front-wheel drive,3,2110,5,236.0,3860,17.3,31.9
753,2016,Asia,Gasoline,Front-wheel drive,5,2230,6,250.0,4480,21.5,34.9
754,1999,Asia,Gasoline,Front-wheel drive,3,2540,6,256.0,4280,20.1,29.5
755,2007,USA,Gasoline,Front-wheel drive,4,2040,6,220.0,4090,19.6,30.0
756,1991,USA,Gasoline,Front-wheel drive,2,2110,6,249.0,4040,17.1,30.1
757,1985,Asia,Diesel,Front-wheel drive,3,2120,6,248.0,3910,19.1,30.6
758,2005,Europe,Diesel,Front-wheel drive,3,2310,6,258.0,4220,17.1,33.8
759,1986,Asia,Diesel,Front-wheel drive,3,2420,7,293.0,4370,17.5,28.6
760,1978,USA,Diesel,Front-wheel drive,3,2030,6,254.0,4180,18.2,28.7
761,1981,Asia,Gasoline,Rear-wheel drive,4,2190,6,232.0,4350,22.6,25.3
762,1986,Asia,Gasoline,Front-wheel drive,2,2320,7,250.0,4170,19.3,27.9
763,2011,Europe,Diesel,All-wheel drive,2,2230,6,272.0,4080,17.6,33.0
764,1999,USA,Hybrid,All-wheel drive,3,2230,6,234.0,4090,19.4,32.9
765,2007,Asia,Gasoline,Front-wheel drive,4,2710,7,273.0,4580,19.9,31.6
766,1999,USA,Gasoline,Rear-wheel drive,5,2260,6,263.0,4540,18.4,27.6
767,2013,Asia,Gasoline,Rear-wheel drive,2,1700,5,208.0,3680,17.4,35.5
768,1993,USA,Diesel,Front-wheel drive,4,2350,6,287.0,4240,20.2,28.1
769,1992,Europe,Hybrid,Front-wheel drive,3,2100,6,229.0,4180,20.1,32.9
770,1977,USA,Gasoline,Front-wheel drive,4,2470,7,,4600,20.9,24.8
771,1979,USA,Hybrid,Front-wheel drive,3,2280,6,228.0,4170,18.1,33.3
772,2007,USA,Gasoline,Front-wheel drive,3,2180,6,252.0,4050,18.4,31.7
773,2021,Europe,Gasoline,All-wheel drive,3,2720,7,292.0,4980,19.2,27.9
774,2011,Asia,Gasoline,Front-wheel drive,4,2140,6,265.0,4080,18.0,33.5
775,1994,USA,Hybrid,Rear-wheel drive,4,2480,7,296.0,4550,18.8,27.8
776,1988,Asia,Gasoline,Front-wheel drive,3,2570,7,266.0,4520,19.2,28.9
777,2009,USA,Gasoline,Rear-wheel drive,4,2120,6,242.0,4310,18.8,29.4
778,1990,Asia,Diesel,Front-wheel drive,4,2090,6,229.0,3900,18.6,31.2
779,2002,Europe,Diesel,Front-wheel drive,5,2090,6,253.0,3850,19.0,34.1
780,1975,Asia,Diesel,Rear-wheel drive,5,2260,6,,4680,21.6,27.6
781,2010,USA,Hybrid,Front-wheel drive,2,2460,6,280.0,4400,20.3,31.2
782,1993,USA,Gasoline,Rear-wheel drive,5,2370,6,263.0,4760,19.0,27.8
783,2014,USA,Diesel,Front-wheel drive,5,2270,6,274.0,4110,17.7,33.2
784,2003,USA,Diesel,Front-wheel drive,3,2300,6,281.0,4180,16.7,30.4
785,1997,USA,Gasoline,Front-wheel drive,2,2180,6,257.0,3870,17.8,28.6
786,2012,Asia,Gasoline,Front-wheel drive,3,2370,6,235.0,4330,18.8,33.4
787,1988,Europe,Diesel,Front-wheel drive,2,2230,6,281.0,3980,16.9,28.8
788,2012,USA,Diesel,Front-wheel drive,3,2350,6,274.0,4590,20.3,31.6
789,1982,Asia,Gasoline,All-wheel drive,5,2350,6,245.0,4560,20.5,29.3
790,1994,USA,Gasoline,All-wheel drive,3,2230,5,262.0,4430,18.6,26.0
791,1997,Asia,Diesel,Rear-wheel drive,3,2370,6,275.0,4450,20.4,30.0
792,1978,Asia,Hybrid,All-wheel drive,4,2280,6,256.0,4510,20.2,31.5
793,2002,Europe,Gasoline,Front-wheel drive,3,2240,6,243.0,4070,18.4,33.2
794,1979,USA,Gasoline,Rear-wheel drive,2,2610,7,266.0,4910,21.0,26.4
795,1979,USA,Gasoline,Front-wheel drive,3,2120,6,234.0,4060,18.9,28.6
796,1979,Europe,Gasoline,All-wheel drive,4,2520,6,282.0,4690,,25.1
797,1982,USA,Gasoline,Rear-wheel drive,3,2340,7,276.0,4690,19.2,25.2
798,2011,USA,Gasoline,Front-wheel drive,5,2020,6,250.0,4200,17.1,30.4
799,1987,USA,Gasoline,Front-wheel drive,3,2360,6,243.0,4380,19.0,23.9
800,2006,USA,Diesel,Front-wheel drive,4,2410,6,282.0,4110,17.1,32.8
801,1979,USA,Diesel,Front-wheel drive,3,2250,6,281.0,4220,18.8,28.5
802,2003,Europe,Gasoline,Rear-wheel drive,4,2260,6,246.0,4360,,29.7
803,1978,USA,Gasoline,Front-wheel drive,3,1990,5,,3910,18.8,30.1
804,1978,Asia,Gasoline,Front-wheel drive,4,2590,7,,4790,21.3,24.6
805,1987,USA,Gasoline,All-wheel drive,3,2210,6,243.0,4290,20.5,27.0
806,1977,Asia,Diesel,Front-wheel drive,4,2170,6,259.0,3980,19.0,29.2
807,2015,Asia,Gasoline,Front-wheel drive,4,2510,7,288.0,4670,19.5,30.2
808,2003,USA,Hybrid,Rear-wheel drive,2,2260,6,286.0,4430,19.4,34.2
809,2019,Asia,Gasoline,Front-wheel drive,5,2420,7,257.0,4330,17.8,31.1
810,1982,USA,Gasoline,Rear-wheel drive,4,1930,6,,4110,19.4,29.0
811,2002,USA,Gasoline,Front-wheel drive,4,1960,6,217.0,3990,20.4,30.7
812,2021,USA,Diesel,Front-wheel drive,3,2080,5,243.0,3980,15.7,36.0
813,2003,Asia,Diesel,Front-wheel drive,4,2220,6,256.0,4010,19.4,33.9
814,2002,Europe,Hybrid,Rear-wheel drive,5,2440,7,285.0,4560,,32.3
815,2004,USA,Gasoline,Front-wheel drive,4,2390,7,264.0,4390,20.7,28.4
816,1989,USA,Diesel,Front-wheel drive,4,2250,6,275.0,4280,18.8,30.3
817,2015,Europe,Gasoline,Front-wheel drive,3,2380,6,264.0,4260,18.1,33.3
818,2017,USA,Gasoline,Front-wheel drive,3,2500,7,272.0,4450,17.9,27.8
819,2008,Europe,Gasoline,Rear-wheel drive,2,2040,5,240.0,4260,18.6,30.2
820,1980,Europe,Diesel,Rear-wheel drive,4,2340,6,,4300,19.2,30.5
821,2016,USA,Diesel,All-wheel drive,4,2400,6,293.0,4500,18.1,30.8
822,1985,USA,Gasoline,Front-wheel drive,2,2340,6,266.0,4050,19.9,26.5
823,1998,Europe,Gasoline,All-wheel drive,4,2170,6,231.0,4370,18.3,30.1
824,1982,Asia,Diesel,Front-wheel drive,5,2220,6,252.0,4070,19.0,32.8
825,1986,Asia,Gasoline,Front-wheel drive,2,2100,6,221.0,3890,17.7,32.0
826,2001,USA,Diesel,All-wheel drive,5,2440,7,285.0,4630,20.5,31.1
827,1985,Asia,Gasoline,All-wheel drive,3,2330,6,246.0,4460,21.3,27.3
828,2019,Europe,Diesel,All-wheel drive,2,2390,7,261.0,4430,20.6,32.5
829,1982,Europe,Gasoline,Rear-wheel drive,2,2250,6,231.0,4140,18.8,27.5
830,2007,USA,Gasoline,All-wheel drive,5,2440,6,264.0,4540,18.8,30.7
831,2022,USA,Gasoline,Front-wheel drive,3,1910,6,218.0,3780,18.0,32.7
832,2016,USA,Diesel,Front-wheel drive,5,2010,6,254.0,4510,19.2,32.3
833,2005,Asia,Gasoline,All-wheel drive,4,2360,6,263.0,4540,19.7,29.3
834,2014,Asia,Gasoline,All-wheel drive,4,2350,6,287.0,4450,17.6,28.0
835,1998,USA,Diesel,Front-wheel drive,3,2070,6,239.0,3990,19.0,31.4
836,2002,Europe,Diesel,Front-wheel drive,3,2330,6,266.0,4090,16.3,34.8
837,2002,Asia,Gasoline,Rear-wheel drive,3,2450,7,282.0,4500,20.2,27.7
838,2013,USA,Gasoline,All-wheel drive,5,2290,6,246.0,4470,20.1,31.0
839,2009,USA,Gasoline,Front-wheel drive,4,1870,6,195.0,3740,20.3,32.6
840,2005,USA,Hybrid,Front-wheel drive,2,2170,6,259.0,4180,18.5,33.7
841,2000,USA,Gasoline,Front-wheel drive,5,2260,7,252.0,4220,18.8,27.6
842,2023,Europe,Diesel,Rear-wheel drive,3,2390,6,268.0,4450,20.0,36.0
843,1986,Europe,Hybrid,Front-wheel drive,4,2090,6,251.0,3990,18.3,33.2
844,1985,USA,Gasoline,Front-wheel drive,4,2350,6,265.0,4300,18.8,26.3
845,1996,Europe,Diesel,Front-wheel drive,2,2050,5,231.0,3590,19.0,33.3
846,2020,Asia,Gasoline,Front-wheel drive,3,2110,5,215.0,4090,19.0,32.5
847,1980,USA,Gasoline,Rear-wheel drive,5,2300,6,255.0,4390,20.8,25.4
848,1975,USA,Gasoline,All-wheel drive,3,2230,6,,4170,19.2,27.5
849,2013,Europe,Gasoline,Rear-wheel drive,2,2170,6,249.0,4160,18.3,32.8
850,2007,Asia,Gasoline,Rear-wheel drive,4,2220,5,213.0,4350,20.9,29.2
851,2001,Asia,Hybrid,Front-wheel drive,4,2130,6,223.0,4150,18.0,34.8
852,1977,USA,Gasoline,Front-wheel drive,3,1890,5,210.0,3730,17.2,28.4
853,1999,Europe,Gasoline,Front-wheel drive,2,2160,6,241.0,4040,18.9,29.4
854,1983,Asia,Diesel,All-wheel drive,2,2340,6,269.0,4340,18.5,30.3
855,1996,USA,Gasoline,Rear-wheel drive,3,2330,6,264.0,4440,18.5,27.3
856,1988,Europe,Gasoline,Front-wheel drive,3,2280,6,230.0,4180,18.2,30.3
857,2019,Europe,Gasoline,Rear-wheel drive,4,2260,7,220.0,4380,19.2,31.0
858,1992,Europe,Gasoline,All-wheel drive,5,2160,6,234.0,4520,20.0,29.3
859,1981,USA,Gasoline,Rear-wheel drive,3,2480,6,287.0,4510,20.5,25.3
860,2014,Europe,Diesel,Rear-wheel drive,4,2450,7,307.0,4500,19.1,30.5
861,2010,Europe,Hybrid,Front-wheel drive,5,2400,6,280.0,4600,18.6,31.6
862,2021,USA,Gasoline,All-wheel drive,3,2460,7,275.0,4710,19.2,25.6
863,2018,Asia,Diesel,Front-wheel drive,4,2380,6,279.0,4290,19.1,33.7
864,1984,USA,Gasoline,Front-wheel drive,2,2080,6,253.0,3890,16.8,29.2
865,1986,Asia,Gasoline,All-wheel drive,3,2540,6,267.0,4520,20.4,28.5
866,1995,USA,Gasoline,All-wheel drive,2,2300,7,265.0,4520,20.2,26.8
867,1993,Europe,Gasoline,Front-wheel drive,4,2090,6,255.0,4070,21.0,32.0
868,1983,USA,Gasoline,All-wheel drive,4,2380,6,269.0,4480,21.1,24.8
869,2010,Asia,Diesel,Front-wheel drive,3,1920,5,213.0,3780,17.8,36.9
870,2009,USA,Diesel,Front-wheel drive,2,2530,6,272.0,4300,18.5,34.5
871,1989,Asia,Gasoline,Front-wheel drive,2,2380,6,269.0,3870,21.4,29.0
872,1975,Europe,Hybrid,Front-wheel drive,3,2300,6,226.0,4000,17.2,28.1
873,1994,USA,Diesel,All-wheel drive,5,2520,7,298.0,4710,18.8,24.6
874,2016,Europe,Diesel,Rear-wheel drive,4,2350,6,279.0,4210,17.9,33.1
875,2014,Europe,Diesel,All-wheel drive,2,1780,5,201.0,3880,20.2,33.2
876,1994,Europe,Gasoline,All-wheel drive,3,2090,6,229.0,4190,17.8,29.5
877,2011,USA,Gasoline,Front-wheel drive,3,2580,6,308.0,4440,15.9,29.1
878,1999,USA,Gasoline,Front-wheel drive,4,2140,6,269.0,4200,19.1,27.9
879,1993,Europe,Gasoline,All-wheel drive,3,2370,6,235.0,4300,19.4,29.8
880,1984,Europe,Gasoline,Front-wheel drive,3,2260,6,,4140,22.0,27.7
881,1996,Europe,Gasoline,Front-wheel drive,4,2130,6,233.0,3880,19.2,29.6
882,2021,USA,Gasoline,Rear-wheel drive,3,2280,6,251.0,4420,19.2,31.3
883,1976,Asia,Diesel,Rear-wheel drive,2,2290,6,,4070,19.0,27.8
884,2017,USA,Diesel,Rear-wheel drive,3,2010,6,254.0,4060,19.2,35.4
885,2010,USA,Diesel,Rear-wheel drive,5,2210,7,285.0,4390,19.0,31.9
886,1994,USA,Gasoline,Front-wheel drive,4,2470,7,292.0,4710,21.5,29.2
887,1993,Europe,Gasoline,Front-wheel drive,3,2460,7,290.0,4280,19.4,30.0
888,2015,Asia,Diesel,All-wheel drive,4,2480,7,269.0,4630,18.4,32.4
889,1999,Europe,Gasoline,Front-wheel drive,4,2540,6,270.0,4290,18.0,29.3
890,2012,USA,Hybrid,Front-wheel drive,4,2120,5,235.0,4000,16.4,34.0
891,2021,USA,Gasoline,Front-wheel drive,3,2500,7,279.0,4430,18.0,30.9
892,1976,Asia,Diesel,Rear-wheel drive,4,2480,7,,4550,20.6,28.3
893,2003,Europe,Diesel,Front-wheel drive,5,2270,6,255.0,4110,18.6,34.1
894,1985,Europe,Gasoline,Front-wheel drive,4,2410,6,241.0,4040,19.6,29.7
895,1988,USA,Gasoline,Front-wheel drive,4,2400,7,283.0,4440,18.1,25.8
896,2007,Europe,Gasoline,All-wheel drive,2,2210,6,246.0,3970,19.8,29.3
897,1976,USA,Gasoline,Front-wheel drive,4,2120,6,,3980,19.8,28.6
898,1986,Asia,Diesel,Front-wheel drive,3,2190,6,244.0,3980,19.5,31.9
899,1980,Europe,Diesel,All-wheel drive,4,2040,5,,4120,,29.8
900,1975,Asia,Gasoline,All-wheel drive,4,2310,6,259.0,4440,19.2,24.8
901,2013,Asia,Gasoline,Front-wheel drive,5,2060,5,243.0,4090,20.0,33.0
902,2004,USA,Diesel,Front-wheel drive,3,2500,7,296.0,4580,16.6,27.7
903,2021,Europe,Diesel,Front-wheel drive,5,2210,6,278.0,4280,16.6,32.3
904,2008,Asia,Gasoline,Front-wheel drive,3,2320,6,239.0,4340,19.0,32.5
905,1999,USA,Gasoline,Front-wheel drive,3,2160,6,249.0,4300,17.5,27.8
906,1985,Europe,Gasoline,Front-wheel drive,3,2030,5,226.0,3850,18.7,32.1
907,2005,USA,Gasoline,Rear-wheel drive,5,2440,6,262.0,4360,17.6,27.1
908,2006,Asia,Diesel,All-wheel drive,2,2150,6,258.0,4210,18.0,34.3
909,1979,USA,Hybrid,Front-wheel drive,3,2220,6,,4280,19.0,32.3
910,2012,USA,Diesel,Rear-wheel drive,3,2150,6,254.0,4180,17.8,34.1
911,1981,USA,Hybrid,All-wheel drive,3,2570,7,274.0,4990,21.0,25.5
912,2013,USA,Gasoline,Front-wheel drive,4,2340,7,254.0,4520,19.3,30.9
913,2012,USA,Diesel,Rear-wheel drive,4,2230,6,251.0,4490,17.8,31.2
914,2013,USA,Diesel,All-wheel drive,4,2370,6,289.0,4750,18.9,28.2
915,2023,USA,Gasoline,Front-wheel drive,4,2240,6,243.0,4400,17.6,29.7
916,1985,USA,Gasoline,Front-wheel drive,4,2250,7,271.0,4190,18.8,29.7
917,2004,Europe,Gasoline,All-wheel drive,3,2320,6,243.0,4310,18.8,32.2
918,1996,Asia,Hybrid,Rear-wheel drive,5,2230,5,244.0,4540,20.3,34.2
919,1995,Europe,Gasoline,Front-wheel drive,2,2370,6,254.0,4210,18.6,31.9
920,2018,Europe,Gasoline,Front-wheel drive,4,2320,6,,4380,20.4,32.3
921,2007,Asia,Gasoline,Front-wheel drive,5,2010,5,217.0,3930,17.3,31.7
922,2014,Asia,Diesel,Front-wheel drive,4,2200,6,248.0,3960,18.5,33.9
923,2019,USA,Gasoline,Front-wheel drive,3,2410,7,281.0,4520,19.2,28.5
924,1994,Asia,Gasoline,Front-wheel drive,4,2150,6,,3930,16.8,32.3
925,1998,Europe,Gasoline,Rear-wheel drive,5,2000,6,229.0,4210,19.7,29.5
926,2006,Asia,Diesel,Rear-wheel drive,3,2330,6,276.0,4550,18.0,33.2
927,2012,USA,Hybrid,Front-wheel drive,4,2040,5,243.0,3990,16.5,34.2
928,1994,USA,Gasoline,All-wheel drive,3,2090,6,245.0,4490,20.4,28.7
929,1998,Europe,Diesel,Front-wheel drive,4,2410,7,260.0,4250,20.2,33.7
930,2012,Asia,Gasoline,Front-wheel drive,4,2360,6,251.0,4110,19.1,35.4
931,1985,USA,Gasoline,Front-wheel drive,3,2320,7,270.0,4280,20.3,26.8
932,1980,Asia,Gasoline,Front-wheel drive,4,2370,6,236.0,4090,20.5,26.5
933,2020,Europe,Diesel,Front-wheel drive,3,1920,5,221.0,3460,20.0,36.8
934,1986,Europe,Gasoline,Rear-wheel drive,4,2280,6,238.0,4550,19.8,26.7
935,2004,USA,Gasoline,Rear-wheel drive,2,2330,6,253.0,4300,19.8,27.1
936,1997,USA,Hybrid,Rear-wheel drive,5,2160,6,259.0,4380,21.0,32.4
937,2021,Europe,Gasoline,All-wheel drive,4,2480,6,260.0,4680,19.6,32.4
938,1986,Europe,Gasoline,Front-wheel drive,5,2030,6,230.0,4050,19.1,30.2
939,1988,USA,Gasoline,Front-wheel drive,5,2200,6,249.0,4420,19.7,25.6
940,1978,Europe,Gasoline,Front-wheel drive,2,2250,6,,4370,17.8,25.9
941,2000,USA,Gasoline,Rear-wheel drive,2,2610,7,299.0,4740,19.1,27.1
942,1982,USA,Diesel,Front-wheel drive,3,2090,6,251.0,3820,18.0,29.2
943,2012,USA,Gasoline,All-wheel drive,2,2420,6,272.0,4800,20.6,26.1
944,1993,Asia,Gasoline,Front-wheel drive,4,2110,6,241.0,4090,18.8,26.7
945,1996,Europe,Gasoline,Front-wheel drive,3,2460,7,272.0,4410,20.2,26.9
946,2013,USA,Hybrid,Front-wheel drive,3,2510,7,280.0,4510,18.6,34.2
947,2015,USA,Gasoline,Front-wheel drive,4,2190,6,226.0,4220,18.7,31.4
948,1983,Asia,Hybrid,Front-wheel drive,4,2380,6,,4250,20.3,35.0
949,1990,Europe,Hybrid,All-wheel drive,2,2320,5,230.0,3990,17.4,35.0
950,1996,Europe,Gasoline,Front-wheel drive,4,1930,5,216.0,3890,17.8,32.8
951,2011,Europe,Diesel,Front-wheel drive,5,2250,6,264.0,4060,18.6,36.7
952,2016,USA,Diesel,All-wheel drive,3,2250,6,271.0,4320,19.5,30.8
953,2008,Europe,Diesel,Rear-wheel drive,4,2440,7,284.0,4260,19.2,30.9
954,1981,Europe,Diesel,Rear-wheel drive,2,2350,6,,4540,20.9,28.9
955,2014,Asia,Hybrid,Front-wheel drive,5,2190,6,216.0,4120,20.0,36.7
956,1985,Europe,Gasoline,Rear-wheel drive,4,2180,6,229.0,4070,18.7,30.5
957,2016,USA,Gasoline,All-wheel drive,4,2220,6,250.0,4520,19.3,29.6
958,2022,USA,Gasoline,All-wheel drive,4,2120,6,243.0,4250,18.4,31.5
959,2018,Europe,Diesel,Rear-wheel drive,4,2250,6,257.0,4300,17.9,33.4
960,2000,Europe,Gasoline,Front-wheel drive,3,2690,7,294.0,4370,17.7,27.5
961,1989,Europe,Gasoline,All-wheel drive,5,2300,6,233.0,4660,19.5,29.1
962,2006,Europe,Gasoline,All-wheel drive,4,2250,6,233.0,4140,19.1,29.9
963,1997,Europe,Gasoline,Rear-wheel drive,3,2480,6,277.0,4680,19.2,27.5
964,2008,USA,Gasoline,Front-wheel drive,3,2560,7,304.0,4650,17.1,28.5
965,1995,USA,Gasoline,All-wheel drive,4,2360,6,268.0,4750,20.6,25.1
966,1989,Asia,Diesel,Rear-wheel drive,3,2370,6,268.0,4480,21.2,33.3
967,2009,Asia,Gasoline,Rear-wheel drive,4,2130,6,,4360,21.0,31.0
968,1997,Europe,Diesel,Front-wheel drive,2,2320,7,252.0,4480,,28.4
969,1988,USA,Gasoline,All-wheel drive,4,2150,6,261.0,4460,20.4,29.2
970,1998,Asia,Gasoline,All-wheel drive,3,2290,6,257.0,4390,19.6,25.2
971,2001,Europe,Hybrid,All-wheel drive,3,2460,7,269.0,4450,19.9,29.2
972,2007,Asia,Gasoline,Front-wheel drive,3,2250,6,236.0,4220,18.4,30.3
973,2018,Europe,Gasoline,Rear-wheel drive,3,2330,6,263.0,4380,17.4,31.2
974,2020,Asia,Gasoline,Front-wheel drive,3,2250,6,245.0,3990,17.3,31.6
975,1997,USA,Gasoline,Rear-wheel drive,3,2030,6,241.0,4150,17.8,26.7
976,1979,USA,Gasoline,Rear-wheel drive,3,2430,6,260.0,4600,18.8,25.5
977,2002,Europe,Gasoline,Rear-wheel drive,3,2340,6,236.0,4310,19.4,28.0
978,1996,USA,Gasoline,Front-wheel drive,2,2110,6,247.0,4100,19.3,30.5
979,2012,Asia,Gasoline,Front-wheel drive,4,2180,6,251.0,4250,17.0,29.7
980,1981,Asia,Gasoline,Front-wheel drive,2,2070,6,241.0,4180,18.3,27.7
981,2002,USA,Gasoline,Rear-wheel drive,3,1870,5,215.0,3930,19.6,31.7
982,1997,USA,Gasoline,Front-wheel drive,4,2020,5,218.0,4000,19.9,31.1
983,2002,Europe,Diesel,Front-wheel drive,5,2270,6,258.0,4530,20.8,32.6
984,1982,USA,Gasoline,Front-wheel drive,3,2110,5,,4270,19.8,26.4
985,2024,Asia,Gasoline,Front-wheel drive,3,2500,7,261.0,4550,17.3,31.9
986,2018,Europe,Diesel,Front-wheel drive,5,2240,6,260.0,4410,18.1,36.6
987,2003,Europe,Gasoline,Front-wheel drive,4,2530,7,270.0,4140,17.0,30.7
988,2017,Europe,Diesel,Rear-wheel drive,3,2490,7,268.0,4670,18.3,29.4
989,1998,USA,Gasoline,Front-wheel drive,4,2360,6,241.0,4370,19.1,31.8
990,1999,USA,Diesel,Front-wheel drive,3,2150,6,252.0,4060,19.4,33.8
991,2020,Europe,Gasoline,Rear-wheel drive,4,2130,5,231.0,4290,18.5,33.8
992,1993,USA,Diesel,Rear-wheel drive,3,2070,6,259.0,4030,18.0,28.7
993,1986,USA,Hybrid,Front-wheel drive,5,2400,6,257.0,4650,18.2,28.8
994,1997,Europe,Gasoline,All-wheel drive,4,2480,6,238.0,4530,18.9,28.8
995,2002,Europe,Diesel,All-wheel drive,4,2120,6,246.0,4360,21.2,33.9
996,1985,USA,Gasoline,Rear-wheel drive,5,2660,6,308.0,5200,19.6,25.1
997,1989,Europe,Gasoline,Rear-wheel drive,2,2150,6,219.0,4030,19.9,29.5
998,1996,USA,Diesel,Front-wheel drive,3,2220,6,273.0,4320,20.5,29.9
999,2006,USA,Gasoline,Front-wheel drive,4,2190,6,238.0,4170,19.4,29.8
1000,2023,USA,Gasoline,Rear-wheel drive,5,2350,7,273.0,4680,20.7,29.6
1001,2006,USA,Gasoline,All-wheel drive,2,2320,6,265.0,4690,18.8,25.3
1002,1981,Europe,Gasoline,All-wheel drive,4,2410,6,,4730,21.2,26.6
1003,2018,USA,Gasoline,Front-wheel drive,3,2180,6,242.0,4280,18.5,30.3
1004,1987,Asia,Hybrid,Rear-wheel drive,4,1970,5,240.0,3940,18.8,32.7
1005,2014,Europe,Gasoline,Rear-wheel drive,3,2100,6,226.0,4160,20.1,31.1
1006,2012,USA,Gasoline,All-wheel drive,4,2360,6,236.0,4650,20.8,31.0
1007,2005,USA,Gasoline,Front-wheel drive,2,2250,6,245.0,4070,17.8,29.9
1008,2022,Europe,Gasoline,Rear-wheel drive,5,2280,6,247.0,4230,18.0,31.9
1009,2009,USA,Diesel,Front-wheel drive,4,2230,6,271.0,4100,20.2,31.2
1010,2014,Europe,Gasoline,All-wheel drive,3,2160,6,241.0,4130,19.2,31.4
1011,2006,Europe,Gasoline,Rear-wheel drive,3,2110,6,221.0,3940,17.9,33.0
1012,1990,Europe,Gasoline,Rear-wheel drive,2,2300,6,264.0,4110,18.9,28.4
1013,1996,Asia,Gasoline,All-wheel drive,2,2180,6,,4470,18.9,26.8
1014,2012,Europe,Gasoline,All-wheel drive,4,2460,6,252.0,4670,20.7,29.8
1015,2011,Asia,Gasoline,Front-wheel drive,3,1700,5,212.0,3510,18.3,31.7
1016,1981,USA,Hybrid,Front-wheel drive,2,2370,6,,4510,18.5,27.8
1017,1994,Europe,Gasoline,Rear-wheel drive,4,2110,6,259.0,4160,18.8,27.2
1018,2002,USA,Gasoline,Front-wheel drive,3,2300,6,280.0,4180,19.5,30.4
1019,2019,Asia,Gasoline,Front-wheel drive,3,2480,6,251.0,4350,19.9,30.9
1020,2023,USA,Diesel,Front-wheel drive,5,1980,5,259.0,4150,19.2,35.5
1021,1986,Europe,Gasoline,Front-wheel drive,4,2200,6,256.0,4260,,28.9
1022,2022,Asia,Gasoline,Front-wheel drive,3,2470,6,260.0,4220,17.4,31.0
1023,2020,Europe,Gasoline,Front-wheel drive,2,2330,6,256.0,4170,16.4,31.3
1024,1994,Asia,Gasoline,All-wheel drive,5,2040,5,210.0,4220,21.7,31.8
1025,1994,USA,Gasoline,Front-wheel drive,4,2020,6,220.0,4190,18.2,28.1
1026,2014,USA,Gasoline,All-wheel drive,3,2410,7,265.0,4480,17.3,29.0
1027,1981,Asia,Diesel,Rear-wheel drive,3,1820,5,203.0,4070,20.8,31.5
1028,1983,Asia,Gasoline,Front-wheel drive,3,2080,6,230.0,3940,19.9,28.3
1029,2000,USA,Gasoline,Front-wheel drive,5,2300,6,241.0,4490,19.0,30.7
1030,1983,Asia,Diesel,Front-wheel drive,3,2540,6,251.0,4390,19.8,30.0
1031,2006,Asia,Gasoline,Front-wheel drive,5,2150,6,245.0,4350,19.3,32.3
1032,1979,USA,Gasoline,Front-wheel drive,4,2100,6,,4160,19.4,28.6
1033,1986,Europe,Gasoline,All-wheel drive,2,2220,5,219.0,4270,20.6,27.6
1034,1985,USA,Gasoline,Front-wheel drive,3,2450,6,249.0,4290,18.1,23.2
1035,2024,Europe,Gasoline,Front-wheel drive,5,2300,6,260.0,4370,17.8,31.3
1036,1992,Asia,Gasoline,Rear-wheel drive,2,2340,7,267.0,4320,17.7,28.6
1037,2009,Asia,Gasoline,Front-wheel drive,3,2480,7,294.0,4290,17.1,32.5
1038,2004,Europe,Gasoline,Rear-wheel drive,5,2340,6,265.0,4210,17.7,27.0
1039,2012,Asia,Gasoline,Front-wheel drive,5,2130,6,265.0,4110,17.1,35.8
1040,2020,Europe,Hybrid,Front-wheel drive,5,2420,6,281.0,4430,20.2,35.9
1041,2011,Asia,Gasoline,Front-wheel drive,4,2790,7,297.0,4610,18.8,31.9
1042,1989,USA,Gasoline,Front-wheel drive,4,2110,6,240.0,4180,19.3,24.8
1043,1977,Asia,Diesel,Front-wheel drive,4,2420,7,276.0,4330,18.2,29.6
1044,2007,USA,Gasoline,Front-wheel drive,2,1870,5,218.0,3780,19.9,32.2
1045,1979,Europe,Diesel,All-wheel drive,5,2260,6,247.0,4370,18.8,30.9
1046,1993,Europe,Hybrid,Front-wheel drive,3,1930,5,235.0,3670,,35.3
1047,2004,USA,Diesel,Front-wheel drive,3,2070,5,250.0,4290,18.3,29.5
1048,1992,Asia,Gasoline,Front-wheel drive,3,2350,6,245.0,4260,18.5,28.3
1049,2017,USA,Hybrid,Front-wheel drive,5,2000,5,242.0,4030,18.0,34.5
1050,2017,Asia,Gasoline,All-wheel drive,3,2290,6,250.0,4550,19.8,30.4
1051,2001,USA,Gasoline,Front-wheel drive,5,2410,6,283.0,4570,19.5,28.4
1052,2012,USA,Gasoline,All-wheel drive,3,2310,6,269.0,4170,19.5,30.5
1053,2004,USA,Gasoline,Rear-wheel drive,4,2210,6,254.0,4480,18.4,27.4
1054,2021,Asia,Diesel,All-wheel drive,2,2140,6,231.0,3970,19.7,34.9
1055,2011,Asia,Gasoline,Rear-wheel drive,4,2370,6,244.0,4440,17.9,29.1
1056,1980,USA,Gasoline,Rear-wheel drive,3,2430,6,286.0,4500,19.8,23.6
1057,1997,USA,Gasoline,All-wheel drive,3,2230,6,264.0,4640,19.7,29.2
1058,2017,USA,Hybrid,Front-wheel drive,3,1960,6,225.0,4010,17.3,34.5
1059,2008,Asia,Diesel,All-wheel drive,4,2420,6,,4340,20.1,28.4
1060,1983,Europe,Gasoline,All-wheel drive,4,2380,6,262.0,4670,19.8,28.3
1061,1979,USA,Gasoline,Rear-wheel drive,5,2110,6,,4180,20.3,26.5
1062,2006,Asia,Hybrid,Front-wheel drive,4,2160,5,226.0,4300,19.3,36.0
1063,1994,USA,Gasoline,Front-wheel drive,3,2410,6,256.0,4430,19.1,27.9
1064,1993,USA,Gasoline,Front-wheel drive,4,2270,6,284.0,4230,16.5,29.6
1065,2005,Europe,Gasoline,Front-wheel drive,3,2150,6,233.0,3880,17.8,32.8
1066,2014,USA,Gasoline,All-wheel drive,2,2440,6,276.0,4550,19.6,30.4
1067,2016,Asia,Diesel,All-wheel drive,4,2120,6,241.0,4180,19.1,32.6
1068,1987,Asia,Diesel,Front-wheel drive,4,2040,6,224.0,3740,19.0,32.9
1069,1982,USA,Gasoline,All-wheel drive,3,2440,7,,4530,20.0,22.4
1070,1977,USA,Gasoline,Rear-wheel drive,4,1800,5,187.0,4120,20.3,24.5
1071,1987,Asia,Diesel,Front-wheel drive,3,2110,6,249.0,3660,19.5,31.8
1072,2007,USA,Hybrid,All-wheel drive,4,2160,6,255.0,4420,19.7,32.6
1073,1979,USA,Gasoline,All-wheel drive,2,2430,6,265.0,4410,19.6,21.9
1074,2003,Europe,Gasoline,Front-wheel drive,3,2270,6,,4000,17.0,30.7
1075,1981,Asia,Gasoline,Front-wheel drive,3,2300,6,253.0,4370,20.3,31.9
1076,1992,Europe,Gasoline,Front-wheel drive,3,2020,6,218.0,3830,19.0,32.0
1077,1991,USA,Gasoline,Rear-wheel drive,3,2050,6,227.0,3880,18.2,31.2
1078,2013,USA,Diesel,All-wheel drive,4,2070,6,233.0,4240,18.1,30.2
1079,2011,Asia,Gasoline,Rear-wheel drive,4,2130,6,,4000,17.9,30.9
1080,2004,Europe,Gasoline,All-wheel drive,4,2280,6,235.0,4590,19.6,30.1
1081,1976,USA,Gasoline,Front-wheel drive,5,2350,6,272.0,4140,19.9,27.6
1082,2009,Europe,Gasoline,All-wheel drive,3,2170,5,224.0,4370,19.1,29.3
1083,1997,USA,Gasoline,Rear-wheel drive,4,2210,6,,4500,18.3,28.1
1084,1984,USA,Diesel,Front-wheel drive,3,2190,6,254.0,4040,16.4,29.0
1085,2013,USA,Gasoline,All-wheel drive,4,2690,6,300.0,4900,17.9,25.4
1086,1995,Europe,Diesel,Front-wheel drive,2,2330,6,254.0,3860,17.9,31.9
1087,1980,Asia,Gasoline,Front-wheel drive,3,2610,7,,4610,17.6,28.4
1088,2012,USA,Hybrid,Front-wheel drive,3,2600,7,313.0,4460,17.5,32.9
1089,2022,USA,Hybrid,Front-wheel drive,4,2450,6,279.0,4510,19.4,35.9
1090,1982,Asia,Gasoline,All-wheel drive,4,2560,7,276.0,4670,18.9,26.5
1091,2020,Europe,Gasoline,All-wheel drive,4,2380,6,255.0,4260,20.8,30.4
1092,1999,Europe,Gasoline,All-wheel drive,3,2210,6,254.0,4060,16.8,27.9
1093,1985,USA,Gasoline,Rear-wheel drive,5,2660,7,298.0,5080,20.6,23.1
1094,2017,Asia,Diesel,Rear-wheel drive,4,2330,6,266.0,4240,19.3,32.1
1095,2023,Asia,Gasoline,Front-wheel drive,5,2520,6,257.0,4270,19.5,31.5
1096,2011,Europe,Diesel,Front-wheel drive,5,2090,6,245.0,3850,17.9,33.4
1097,2012,Europe,Hybrid,All-wheel drive,3,2260,6,252.0,4460,19.0,31.5
1098,2008,Asia,Gasoline,All-wheel drive,2,2960,7,298.0,5140,20.4,28.2
1099,1981,Europe,Gasoline,Front-wheel drive,4,2330,6,,4260,,28.0
1100,1998,Asia,Diesel,Front-wheel drive,5,2070,5,238.0,4040,18.3,34.6
1101,2007,Europe,Gasoline,Front-wheel drive,4,2150,6,233.0,4070,17.3,28.9
1102,2009,Europe,Gasoline,Front-wheel drive,2,1970,5,232.0,3560,15.3,32.2
1103,2019,USA,Hybrid,Front-wheel drive,4,2300,6,244.0,4200,20.2,36.2
1104,2017,Europe,Gasoline,Rear-wheel drive,3,2290,6,265.0,4210,18.3,33.3
1105,1979,USA,Gasoline,Front-wheel drive,4,2340,6,276.0,4320,21.2,25.1
1106,2023,USA,Diesel,Front-wheel drive,4,2430,7,278.0,4620,21.9,33.5
1107,1994,USA,Gasoline,Front-wheel drive,4,2750,7,295.0,4560,16.4,27.5
1108,2016,Europe,Gasoline,Front-wheel drive,3,2070,5,228.0,4000,17.8,34.8
1109,1977,Asia,Gasoline,All-wheel drive,4,2140,6,227.0,4540,20.9,23.7
1110,2006,Asia,Gasoline,All-wheel drive,3,2430,6,293.0,4640,19.3,31.6
1111,2004,USA,Diesel,Front-wheel drive,2,2380,7,317.0,4270,20.1,30.5
1112,1992,USA,Gasoline,Rear-wheel drive,2,2470,7,297.0,4430,20.5,22.1
1113,2010,USA,Gasoline,All-wheel drive,4,2460,6,276.0,4930,18.9,23.4
1114,1983,Europe,Hybrid,Front-wheel drive,3,2420,6,,4130,17.9,32.0
1115,2014,Asia,Gasoline,All-wheel drive,2,2350,6,264.0,4290,18.4,32.4
1116,1976,Asia,Gasoline,All-wheel drive,3,2540,7,,4730,19.9,25.6
1117,2004,Europe,Hybrid,All-wheel drive,2,1980,5,246.0,3820,15.9,35.4
1118,2000,USA,Gasoline,Front-wheel drive,3,2410,6,275.0,4450,18.4,27.4
1119,2021,Asia,Gasoline,Front-wheel drive,2,2360,6,264.0,4200,18.7,31.7
1120,2015,Asia,Gasoline,Rear-wheel drive,3,2180,5,233.0,4000,18.3,33.3
1121,1982,USA,Gasoline,Front-wheel drive,2,2460,7,,4120,18.1,27.3
1122,2018,Asia,Gasoline,Front-wheel drive,4,2140,5,215.0,4260,17.2,32.1
1123,1995,USA,Hybrid,All-wheel drive,3,2540,7,281.0,4650,19.5,30.4
1124,2007,USA,Gasoline,Front-wheel drive,3,2140,6,246.0,4090,16.5,30.3
1125,1989,USA,Gasoline,Front-wheel drive,2,2260,6,267.0,4180,19.4,27.9
1126,1986,Asia,Gasoline,Front-wheel drive,5,2320,7,266.0,4320,17.9,27.1
1127,2015,USA,Diesel,Front-wheel drive,4,2460,7,297.0,4530,17.7,35.4
1128,2017,USA,Hybrid,Rear-wheel drive,3,2380,6,254.0,4550,19.7,31.8
1129,2000,USA,Hybrid,Front-wheel drive,5,1980,6,241.0,4050,18.3,34.6
1130,2021,Europe,Gasoline,Front-wheel drive,3,2280,6,266.0,4340,18.2,33.1
1131,2022,Asia,Gasoline,Rear-wheel drive,4,2110,6,233.0,4150,20.5,32.8
1132,2004,USA,Gasoline,Rear-wheel drive,2,1950,5,222.0,3860,16.6,30.5
1133,2018,USA,Gasoline,Rear-wheel drive,3,2320,6,262.0,4340,19.7,29.5
1134,2013,Asia,Hybrid,All-wheel drive,3,2250,6,252.0,4450,18.1,33.0
1135,1984,Europe,Gasoline,Front-wheel drive,3,2090,6,,3790,19.1,30.7
1136,1998,USA,Gasoline,Front-wheel drive,3,2290,6,266.0,4390,18.3,30.2
1137,1993,Asia,Gasoline,Front-wheel drive,3,2500,7,274.0,4210,19.4,30.3
1138,2005,USA,Diesel,Front-wheel drive,4,2110,6,264.0,4310,17.7,34.7
1139,2013,USA,Gasoline,Front-wheel drive,3,2510,7,287.0,4340,18.0,31.6
1140,2004,USA,Diesel,Front-wheel drive,4,2190,6,257.0,4190,18.8,29.3
1141,1995,USA,Diesel,All-wheel drive,3,2360,6,294.0,4550,19.9,28.1
1142,1999,Europe,Gasoline,Front-wheel drive,3,2250,6,257.0,4180,,32.0
1143,2008,USA,Diesel,All-wheel drive,3,2330,6,258.0,4440,18.6,29.3
1144,1999,Asia,Gasoline,Rear-wheel drive,2,2080,6,226.0,4070,20.9,30.7
1145,2008,USA,Gasoline,Front-wheel drive,4,2220,6,255.0,4360,18.2,26.2
1146,2017,Europe,Diesel,Rear-wheel drive,3,2440,6,256.0,4370,18.4,31.2
1147,1985,USA,Gasoline,All-wheel drive,2,2450,6,280.0,4710,20.6,22.8
1148,2011,Asia,Hybrid,Front-wheel drive,5,2450,6,259.0,4510,19.5,35.4
1149,2015,Asia,Gasoline,Rear-wheel drive,4,2220,6,267.0,4390,17.2,28.2
1150,2017,Europe,Diesel,All-wheel drive,3,2320,6,250.0,4280,16.9,36.2
1151,1992,Asia,Diesel,Front-wheel drive,4,2120,6,252.0,3950,18.8,30.5
1152,1979,Asia,Diesel,Front-wheel drive,4,2150,6,,4040,18.9,32.2
1153,1990,USA,Gasoline,All-wheel drive,2,2460,6,274.0,4640,20.2,22.3
1154,1996,Europe,Diesel,All-wheel drive,5,2620,7,292.0,4840,20.3,28.5
1155,2002,Europe,Gasoline,All-wheel drive,3,2220,5,227.0,4420,17.2,28.0
1156,2007,USA,Gasoline,Rear-wheel drive,3,2150,7,249.0,4380,17.4,28.5
1157,2015,Europe,Gasoline,All-wheel drive,3,2240,6,234.0,4220,18.8,31.2
1158,1992,Asia,Gasoline,All-wheel drive,3,2320,7,259.0,4480,18.1,27.6
1159,1991,USA,Gasoline,Front-wheel drive,3,2180,6,228.0,4120,16.7,31.3
1160,1984,Europe,Gasoline,Rear-wheel drive,5,2470,6,,4710,21.2,27.3
1161,2003,USA,Gasoline,All-wheel drive,5,2380,6,276.0,4640,18.1,25.6
1162,1982,USA,Gasoline,Front-wheel drive,5,2030,5,244.0,3860,16.1,27.0
1163,1984,Asia,Gasoline,All-wheel drive,3,2200,6,237.0,4520,21.0,27.0
1164,1994,USA,Diesel,Rear-wheel drive,4,2400,6,289.0,4620,20.5,27.2
1165,2024,Asia,Diesel,All-wheel drive,4,2480,6,272.0,4700,17.3,28.1
1166,2003,USA,Gasoline,Front-wheel drive,3,2330,6,273.0,4420,18.8,28.2
1167,2023,Asia,Gasoline,Rear-wheel drive,3,2270,7,276.0,4350,17.3,30.3
1168,1986,USA,Diesel,All-wheel drive,2,2400,7,284.0,4620,18.9,27.2
1169,1981,USA,Gasoline,Rear-wheel drive,4,2130,5,219.0,4270,18.0,27.4
1170,2019,USA,Hybrid,Rear-wheel drive,5,2270,6,269.0,4280,15.8,33.6
1171,1989,Europe,Gasoline,Front-wheel drive,4,1780,5,194.0,3760,18.8,32.2
1172,2005,Asia,Gasoline,Front-wheel drive,5,2250,6,231.0,4500,21.5,31.9
1173,2001,USA,Diesel,Front-wheel drive,5,2340,6,270.0,4110,17.9,30.3
1174,2017,USA,Gasoline,All-wheel drive,4,2090,5,248.0,4260,19.7,29.7
1175,1983,USA,Gasoline,All-wheel drive,5,2040,6,,4490,20.7,25.5
1176,1994,Europe,Hybrid,Rear-wheel drive,3,2140,6,229.0,4310,19.8,33.9
1177,1990,USA,Gasoline,Front-wheel drive,5,2450,6,267.0,4390,18.7,26.0
1178,1986,Europe,Gasoline,Front-wheel drive,4,2180,6,251.0,4210,21.4,28.7
1179,2000,USA,Gasoline,Rear-wheel drive,3,2550,7,286.0,4520,20.4,26.7
1180,2014,USA,Diesel,All-wheel drive,3,2280,6,276.0,4610,19.6,32.7
1181,2010,Asia,Gasoline,Rear-wheel drive,3,2330,6,231.0,4380,20.5,29.2
1182,2001,USA,Diesel,Rear-wheel drive,4,2490,7,304.0,4330,19.0,27.6
1183,1985,USA,Hybrid,Front-wheel drive,3,2510,7,285.0,4260,20.4,30.0
1184,1993,Asia,Gasoline,Rear-wheel drive,5,2120,6,246.0,4010,19.4,30.2
1185,2020,USA,Gasoline,All-wheel drive,2,2410,6,267.0,4690,18.7,27.1
1186,2016,USA,Gasoline,Front-wheel drive,5,2110,6,249.0,4040,17.8,33.1
1187,1992,Asia,Diesel,Rear-wheel drive,4,2370,6,282.0,4620,22.5,30.8
1188,1992,USA,Diesel,Rear-wheel drive,3,2220,6,269.0,4350,17.9,33.2
1189,2017,Europe,Gasoline,Front-wheel drive,4,2220,6,251.0,4320,18.4,31.9
1190,2011,Asia,Diesel,Front-wheel drive,5,2490,7,304.0,4320,18.1,31.1
1191,2021,USA,Hybrid,Rear-wheel drive,3,2190,5,257.0,4250,19.7,34.4
1192,1976,Asia,Gasoline,All-wheel drive,4,2270,6,265.0,4430,18.6,28.0
1193,2012,USA,Diesel,Rear-wheel drive,4,2290,6,254.0,4460,18.8,33.1
1194,2001,Europe,Gasoline,Front-wheel drive,4,2430,7,264.0,4420,,33.2
1195,1995,Asia,Gasoline,Front-wheel drive,4,2310,6,276.0,4120,19.4,30.9
1196,2005,Asia,Diesel,Front-wheel drive,5,2370,6,277.0,4310,18.7,32.6
1197,1977,Europe,Gasoline,Front-wheel drive,2,2370,6,245.0,4320,16.7,27.3
1198,1982,USA,Diesel,Front-wheel drive,3,2010,6,,3950,18.8,28.6
1199,2017,Asia,Gasoline,All-wheel drive,5,2550,7,,4700,17.2,29.9
1200,1997,Asia,Gasoline,Front-wheel drive,3,2210,6,229.0,4130,18.7,33.5
1201,1976,Europe,Gasoline,Front-wheel drive,4,1980,6,,3980,18.1,27.4
1202,2013,Europe,Gasoline,Front-wheel drive,4,2410,7,268.0,4510,,30.7
1203,1981,USA,Gasoline,Front-wheel drive,2,2450,6,,4080,18.6,24.5
1204,2008,Europe,Gasoline,Front-wheel drive,2,1930,5,209.0,3700,19.5,29.1
1205,2002,USA,Gasoline,All-wheel drive,2,2260,6,,4390,18.5,26.0
1206,1979,USA,Gasoline,Front-wheel drive,4,1960,5,226.0,3910,19.8,28.6
1207,1992,Asia,Gasoline,Front-wheel drive,4,2050,6,236.0,4500,19.9,30.2
1208,1985,Asia,Diesel,Front-wheel drive,3,2260,6,267.0,4120,18.3,32.1
1209,2024,USA,Gasoline,Front-wheel drive,5,2030,6,240.0,4020,16.1,31.9
1210,2021,USA,Gasoline,Front-wheel drive,3,2470,6,277.0,4150,18.6,30.9
1211,1976,USA,Gasoline,Rear-wheel drive,3,2140,6,,4190,20.1,23.6
1212,1993,Asia,Gasoline,Front-wheel drive,4,2250,6,240.0,4380,19.8,29.6
1213,2010,Europe,Gasoline,Rear-wheel drive,2,2600,7,291.0,4770,15.9,27.7
1214,2001,Europe,Gasoline,All-wheel drive,2,2150,6,,4060,19.5,27.9
1215,2023,USA,Gasoline,Front-wheel drive,4,2320,6,270.0,4230,18.8,30.5
1216,1975,Asia,Hybrid,Front-wheel drive,4,2130,6,,3800,17.4,31.7
1217,2000,Asia,Gasoline,Front-wheel drive,3,2130,5,230.0,3790,17.7,31.9
1218,2003,Europe,Gasoline,Front-wheel drive,4,2370,7,254.0,4180,16.4,31.3
1219,2009,Europe,Gasoline,Rear-wheel drive,4,2100,5,244.0,4020,18.4,32.1
1220,1995,Europe,Gasoline,Front-wheel drive,2,2240,6,236.0,4230,20.2,31.4
1221,1995,Europe,Diesel,Front-wheel drive,2,2360,7,256.0,4550,18.3,31.0
1222,2000,USA,Diesel,Rear-wheel drive,4,2400,6,285.0,4600,17.5,24.5
1223,2021,Europe,Gasoline,Front-wheel drive,4,2330,6,283.0,4260,19.4,31.1
1224,1984,Asia,Gasoline,All-wheel drive,5,2250,6,282.0,4380,19.6,25.8
1225,1984,Europe,Gasoline,Front-wheel drive,3,2230,6,248.0,3990,18.5,29.2
1226,2009,USA,Gasoline,Front-wheel drive,5,2310,6,254.0,4250,18.6,26.9
1227,2015,USA,Gasoline,Front-wheel drive,4,2090,5,252.0,4100,19.5,29.9
1228,2007,Asia,Gasoline,Front-wheel drive,3,2340,6,232.0,4350,18.3,32.5
1229,2013,Europe,Diesel,Front-wheel drive,2,2170,5,254.0,4100,19.4,32.3
1230,2016,Europe,Diesel,Front-wheel drive,3,2130,6,255.0,3940,17.4,33.0
1231,2016,USA,Gasoline,Rear-wheel drive,3,2440,6,252.0,4620,18.8,27.0
1232,2005,USA,Gasoline,All-wheel drive,3,2300,6,262.0,4200,18.9,28.7
1233,1986,USA,Gasoline,Front-wheel drive,4,2440,6,290.0,4060,18.8,29.4
1234,2006,Asia,Hybrid,Front-wheel drive,3,1900,6,216.0,3840,18.8,37.3
1235,1987,USA,Diesel,Front-wheel drive,4,2540,6,287.0,4440,18.8,27.5
1236,2007,Europe,Gasoline,Front-wheel drive,5,2560,7,268.0,4540,19.3,31.3
1237,1990,Europe,Gasoline,Rear-wheel drive,3,2140,6,238.0,4140,17.6,31.2
1238,1998,USA,Gasoline,Front-wheel drive,4,1880,5,235.0,3720,18.0,35.1
1239,1976,USA,Gasoline,Front-wheel drive,4,2070,5,243.0,4020,18.4,28.0
1240,2015,USA,Gasoline,Front-wheel drive,4,2700,7,291.0,4350,17.7,28.7
1241,2000,Europe,Hybrid,Front-wheel drive,3,2000,5,215.0,4060,19.2,33.3
1242,2017,USA,Gasoline,Front-wheel drive,5,2090,6,238.0,4100,18.3,33.6
1243,2014,Europe,Diesel,Front-wheel drive,4,2120,5,246.0,4040,18.1,34.9
1244,1995,Asia,Gasoline,Front-wheel drive,2,2340,6,247.0,3970,19.2,32.5
1245,2004,Europe,Gasoline,All-wheel drive,5,2110,6,244.0,4460,19.4,31.7
1246,1995,Europe,Gasoline,Front-wheel drive,4,2090,5,217.0,3850,19.4,31.3
1247,2014,Europe,Hybrid,Front-wheel drive,5,2110,6,244.0,4160,18.1,35.3
1248,1989,USA,Gasoline,Front-wheel drive,5,2260,6,237.0,4600,17.9,28.6
1249,1978,Europe,Gasoline,Front-wheel drive,3,2670,7,278.0,4550,18.2,25.7
1250,1989,Europe,Gasoline,Front-wheel drive,4,1760,5,200.0,3700,19.5,31.2
1251,2019,Asia,Gasoline,Front-wheel drive,2,2330,6,249.0,4110,19.4,34.0
1252,1981,USA,Diesel,Front-wheel drive,3,2230,6,261.0,4060,18.2,29.5
1253,2023,Europe,Gasoline,Front-wheel drive,4,2830,8,307.0,4760,17.5,29.7
1254,1984,Europe,Gasoline,Front-wheel drive,4,2610,6,,4650,,27.0
1255,1991,Asia,Gasoline,Front-wheel drive,5,1990,5,208.0,4230,19.2,30.5
1256,2019,Europe,Diesel,All-wheel drive,3,2220,6,245.0,4140,16.3,31.5
1257,1992,USA,Diesel,Front-wheel drive,4,2200,6,240.0,4450,21.1,28.7
1258,2000,USA,Gasoline,Front-wheel drive,4,2270,6,252.0,4330,18.0,29.0
1259,1977,USA,Hybrid,Front-wheel drive,4,2110,5,,4120,20.4,32.6
1260,2014,Europe,Gasoline,All-wheel drive,3,2440,6,259.0,4570,20.0,28.7
1261,2016,Asia,Gasoline,Front-wheel drive,5,2090,5,200.0,3960,18.9,31.8
1262,2020,USA,Diesel,Front-wheel drive,4,2480,6,301.0,4250,18.2,30.5
1263,1997,Europe,Gasoline,Front-wheel drive,5,2160,6,231.0,4000,19.9,31.2
1264,1988,USA,Gasoline,Rear-wheel drive,2,2090,5,242.0,4300,19.1,28.3
1265,2018,USA,Diesel,All-wheel drive,4,2380,6,263.0,4640,20.0,30.4
1266,2007,USA,Diesel,Front-wheel drive,3,1930,5,232.0,3930,17.8,35.2
1267,1995,USA,Gasoline,Front-wheel drive,5,2100,6,257.0,4140,17.8,30.8
1268,1994,USA,Gasoline,All-wheel drive,5,2310,6,245.0,4320,18.8,26.5
1269,1976,USA,Diesel,All-wheel drive,2,2300,6,300.0,4230,19.2,29.0
1270,2001,USA,Gasoline,Front-wheel drive,5,2120,6,233.0,4140,19.6,30.7
1271,2018,USA,Diesel,All-wheel drive,4,2220,6,285.0,4390,17.7,28.1
1272,2003,Europe,Gasoline,Rear-wheel drive,4,2130,5,227.0,4090,19.4,30.1
1273,1998,Europe,Gasoline,Front-wheel drive,3,2310,6,266.0,4270,19.5,26.7
1274,2014,USA,Diesel,Rear-wheel drive,2,2540,7,301.0,4670,18.1,32.2
1275,2022,Europe,Gasoline,Front-wheel drive,3,2030,6,224.0,4050,19.3,33.6
1276,1980,Asia,Diesel,All-wheel drive,4,2100,6,239.0,4130,18.5,26.7
1277,2021,USA,Diesel,All-wheel drive,3,2030,6,261.0,3990,17.5,32.7
1278,2018,Europe,Gasoline,All-wheel drive,3,2460,7,261.0,4550,20.8,28.9
1279,2016,USA,Gasoline,Front-wheel drive,3,1970,6,223.0,3960,20.0,27.2
1280,2010,Asia,Gasoline,Front-wheel drive,5,2270,6,234.0,4310,19.9,30.7
1281,2022,Asia,Diesel,Rear-wheel drive,2,2200,5,245.0,4080,20.7,33.4
1282,2014,USA,Diesel,Rear-wheel drive,2,2820,7,328.0,4640,20.2,32.4
1283,1984,USA,Gasoline,Rear-wheel drive,3,1930,5,,4030,16.9,25.1
1284,1999,Europe,Diesel,Front-wheel drive,3,2090,6,238.0,3950,19.8,33.7
1285,1982,Asia,Diesel,All-wheel drive,3,2290,6,,4160,19.7,27.1
1286,2014,Asia,Hybrid,Front-wheel drive,5,2230,6,231.0,4120,18.3,37.9
1287,2011,USA,Gasoline,Front-wheel drive,2,2240,6,254.0,4190,18.9,32.4
1288,2018,USA,Gasoline,Rear-wheel drive,4,2420,7,292.0,4670,16.5,28.7
1289,1979,Europe,Hybrid,Front-wheel drive,3,2200,6,239.0,4020,19.5,33.8
1290,2021,Europe,Gasoline,Rear-wheel drive,4,2180,6,248.0,4230,19.7,30.7
1291,1976,Asia,Gasoline,All-wheel drive,2,2420,7,,4550,19.2,25.1
1292,1999,Asia,Gasoline,Front-wheel drive,4,2260,6,258.0,3840,19.6,30.4
1293,2014,Asia,Diesel,Front-wheel drive,4,2410,7,286.0,4260,20.1,30.8
1294,1994,Europe,Gasoline,All-wheel drive,3,2760,8,318.0,4950,20.9,24.2
1295,1983,Europe,Gasoline,All-wheel drive,4,2380,6,246.0,4810,20.1,23.4
1296,2003,Europe,Gasoline,All-wheel drive,4,2430,6,257.0,4540,19.6,27.3
1297,1979,Europe,Gasoline,All-wheel drive,4,2480,6,,4650,18.5,25.7
1298,1995,Asia,Gasoline,Rear-wheel drive,2,2360,6,267.0,4450,19.1,28.2
1299,1995,Europe,Diesel,All-wheel drive,4,2210,5,235.0,4390,21.4,32.2
1300,2003,USA,Hybrid,Front-wheel drive,4,2170,5,244.0,4240,19.6,34.7
1301,1997,Europe,Hybrid,Front-wheel drive,4,1940,5,215.0,3840,,34.3
1302,1983,USA,Gasoline,Front-wheel drive,3,2330,6,273.0,4380,19.5,27.9
1303,1976,USA,Gasoline,Front-wheel drive,3,2780,7,,4700,18.5,25.9
1304,1998,Asia,Diesel,Front-wheel drive,3,2110,6,242.0,3980,21.2,34.2
1305,2010,Europe,Gasoline,Front-wheel drive,3,2200,6,240.0,4090,17.6,31.3
1306,1983,USA,Gasoline,Rear-wheel drive,4,2190,6,259.0,4290,19.8,25.2
1307,2020,Europe,Hybrid,All-wheel drive,5,2190,6,246.0,4610,20.1,33.0
1308,2016,USA,Gasoline,Front-wheel drive,3,2280,6,286.0,4300,18.8,30.4
1309,1996,Asia,Gasoline,Front-wheel drive,5,2080,6,243.0,4100,19.3,28.5
1310,1985,Europe,Gasoline,All-wheel drive,3,2310,6,269.0,4510,18.4,26.3
1311,2015,USA,Gasoline,Front-wheel drive,4,2170,6,263.0,4120,18.9,31.8
1312,2000,Europe,Gasoline,Rear-wheel drive,3,2470,6,272.0,4740,19.3,26.3
1313,1995,USA,Gasoline,All-wheel drive,4,2190,6,244.0,4450,19.8,27.9
1314,1997,Europe,Gasoline,All-wheel drive,4,2380,6,247.0,4710,22.1,26.1
1315,2009,Europe,Diesel,Front-wheel drive,4,2030,5,246.0,3980,17.5,33.6
1316,1977,USA,Gasoline,All-wheel drive,3,2350,6,,4450,17.3,22.1
1317,2015,USA,Gasoline,Rear-wheel drive,3,2430,7,280.0,4240,17.7,29.0
1318,2015,Asia,Hybrid,Front-wheel drive,4,2100,6,232.0,4110,18.0,36.4
1319,2012,Asia,Gasoline,All-wheel drive,3,2080,6,255.0,3980,18.2,32.0
1320,2002,Europe,Gasoline,Front-wheel drive,4,2420,6,257.0,4450,18.9,30.3
1321,1984,Europe,Gasoline,Front-wheel drive,3,2580,7,272.0,4450,18.1,26.8
1322,2014,Europe,Gasoline,Front-wheel drive,3,2030,5,230.0,3800,17.7,32.0
1323,1991,USA,Gasoline,Front-wheel drive,3,2140,6,268.0,4440,17.9,29.2
1324,2016,USA,Gasoline,All-wheel drive,2,2520,6,300.0,4560,18.8,30.7
1325,1995,Europe,Gasoline,Front-wheel drive,5,2010,5,,4150,17.8,30.4
1326,1976,Europe,Gasoline,Front-wheel drive,4,2410,7,245.0,4530,19.3,27.0
1327,2023,Asia,Gasoline,Front-wheel drive,3,2350,6,248.0,4240,18.7,31.1
1328,2018,Asia,Gasoline,Front-wheel drive,4,1870,5,203.0,3600,19.3,34.2
1329,2020,USA,Gasoline,Rear-wheel drive,5,2220,6,247.0,4510,18.5,30.7
1330,2003,Europe,Hybrid,Front-wheel drive,4,2250,6,245.0,4130,16.6,35.3
1331,2013,Europe,Gasoline,Front-wheel drive,3,2370,6,238.0,4130,19.9,34.3
1332,1987,Europe,Gasoline,All-wheel drive,3,1980,6,218.0,3960,18.9,28.1
1333,1999,Asia,Gasoline,Front-wheel drive,2,2100,5,238.0,3850,16.5,31.2
1334,2020,Asia,Gasoline,Front-wheel drive,4,2150,6,231.0,3990,20.2,31.9
1335,2004,Europe,Gasoline,Rear-wheel drive,3,2280,6,228.0,4480,17.7,28.8
1336,1990,USA,Diesel,Front-wheel drive,3,2540,7,282.0,4330,19.9,29.4
1337,1978,USA,Diesel,All-wheel drive,3,2200,6,,4580,18.2,27.8
1338,1977,USA,Gasoline,All-wheel drive,5,2320,6,,4720,20.3,23.7
1339,2010,Europe,Gasoline,Rear-wheel drive,3,2520,7,272.0,4480,19.9,30.2
1340,2006,USA,Gasoline,Rear-wheel drive,5,2250,6,274.0,4400,17.5,29.2
1341,1994,Asia,Diesel,All-wheel drive,5,2200,6,251.0,4480,18.6,31.0
1342,2003,USA,Gasoline,All-wheel drive,5,2330,7,276.0,4710,20.2,27.0
1343,1981,Asia,Diesel,Front-wheel drive,3,2250,6,,4100,20.0,29.3
1344,1977,Europe,Gasoline,All-wheel drive,5,2210,6,,4370,18.2,23.9
1345,2016,Europe,Diesel,Front-wheel drive,5,2210,6,247.0,4150,19.9,32.9
1346,2016,USA,Gasoline,Front-wheel drive,4,2190,6,236.0,4050,17.3,29.9
1347,2008,Asia,Diesel,All-wheel drive,3,2260,6,258.0,4480,18.9,29.8
1348,2017,USA,Gasoline,Front-wheel drive,5,2440,6,265.0,4620,18.6,31.3
1349,1994,Europe,Gasoline,Rear-wheel drive,2,2260,6,240.0,4670,20.9,27.0
1350,1980,Europe,Diesel,Front-wheel drive,3,2410,6,268.0,4510,18.2,29.3
1351,1981,USA,Gasoline,Rear-wheel drive,5,2060,6,248.0,4090,20.5,24.6
1352,2014,Asia,Gasoline,All-wheel drive,4,2420,6,263.0,4230,19.4,30.1
1353,1999,Asia,Gasoline,Front-wheel drive,4,2140,6,232.0,4130,19.9,33.9
1354,2022,USA,Gasoline,Front-wheel drive,3,2300,6,268.0,4110,17.8,30.5
1355,2000,Europe,Gasoline,Rear-wheel drive,2,2320,6,266.0,4310,17.0,28.9
1356,1996,Asia,Gasoline,Front-wheel drive,3,2350,7,258.0,3930,18.5,31.7
1357,2020,Europe,Gasoline,Front-wheel drive,3,2020,6,232.0,3730,17.9,34.9
1358,2007,USA,Gasoline,Rear-wheel drive,4,2230,6,264.0,4460,19.3,29.1
1359,1976,Europe,Gasoline,Front-wheel drive,3,2670,7,312.0,4530,20.6,24.9
1360,2016,USA,Gasoline,Front-wheel drive,4,2350,6,279.0,4200,16.2,30.1
1361,1992,Asia,Gasoline,Front-wheel drive,4,2480,7,269.0,4400,18.1,27.5
1362,2014,Asia,Gasoline,Front-wheel drive,3,2030,5,235.0,3890,18.8,30.5
1363,1980,USA,Hybrid,All-wheel drive,3,2480,6,260.0,4570,19.9,25.5
1364,2011,USA,Diesel,Rear-wheel drive,2,2300,6,283.0,4190,18.1,32.6
1365,2006,Europe,Hybrid,Front-wheel drive,3,2290,6,244.0,3850,17.8,35.2
1366,2010,Europe,Gasoline,Rear-wheel drive,3,2090,6,210.0,4250,20.1,31.9
1367,2013,Europe,Gasoline,Front-wheel drive,4,2190,6,237.0,3900,16.7,34.0
1368,2013,USA,Gasoline,Front-wheel drive,4,2260,6,266.0,4300,19.1,29.7
1369,2001,USA,Diesel,Rear-wheel drive,2,2370,6,273.0,4490,20.1,31.5
1370,2020,USA,Gasoline,Rear-wheel drive,4,2500,6,275.0,4630,18.2,30.2
1371,2007,USA,Gasoline,Rear-wheel drive,4,2470,6,283.0,4710,18.4,25.7
1372,1980,Asia,Diesel,Rear-wheel drive,3,2370,6,277.0,4410,20.1,28.5
1373,1994,Europe,Gasoline,Front-wheel drive,2,2730,7,278.0,4470,19.8,30.4
1374,1979,Europe,Gasoline,Rear-wheel drive,2,1710,5,208.0,3480,18.8,27.3
1375,2002,Asia,Diesel,Front-wheel drive,5,2030,5,246.0,3650,17.9,33.0
1376,2010,Asia,Gasoline,Front-wheel drive,5,2010,6,231.0,4120,17.2,30.3
1377,1981,USA,Gasoline,Rear-wheel drive,3,2630,7,318.0,4740,19.4,23.3
1378,2020,Asia,Gasoline,Front-wheel drive,3,2310,6,252.0,4310,19.0,29.9
1379,1993,USA,Gasoline,Rear-wheel drive,2,2300,6,272.0,4300,19.3,30.1
1380,1982,Europe,Gasoline,Rear-wheel drive,4,2420,6,266.0,4520,19.9,28.5
1381,1979,USA,Gasoline,Front-wheel drive,2,1820,5,215.0,3890,18.7,28.7
1382,2013,USA,Diesel,Front-wheel drive,2,1900,6,217.0,3590,18.3,33.8
1383,1975,Europe,Hybrid,Front-wheel drive,3,2560,7,290.0,4430,19.9,29.2
1384,1985,Asia,Gasoline,Front-wheel drive,2,2290,6,266.0,4240,21.3,29.7
1385,1986,USA,Gasoline,Front-wheel drive,5,1990,6,232.0,3910,20.0,27.9
1386,2021,Asia,Gasoline,Front-wheel drive,3,2530,7,286.0,4540,17.5,30.6
1387,2022,USA,Gasoline,Front-wheel drive,4,2160,6,234.0,4060,18.3,33.3
1388,1998,Europe,Diesel,Rear-wheel drive,3,2170,6,237.0,4140,,32.0
1389,2004,USA,Diesel,Front-wheel drive,4,2070,6,262.0,4060,17.0,29.5
1390,2021,Europe,Gasoline,Front-wheel drive,4,2480,7,257.0,4500,17.8,30.2
1391,1996,Asia,Diesel,Front-wheel drive,4,2090,6,250.0,3840,19.1,29.9
1392,1979,Asia,Gasoline,Front-wheel drive,3,2310,6,245.0,3930,15.2,27.7
1393,2006,Asia,Gasoline,All-wheel drive,5,2000,6,228.0,4200,19.2,30.5
1394,1990,Asia,Hybrid,All-wheel drive,4,2280,6,251.0,4700,20.4,32.0
1395,1998,USA,Diesel,Front-wheel drive,4,2480,7,301.0,4240,17.1,29.4
1396,1980,Asia,Gasoline,Front-wheel drive,5,2070,6,221.0,4230,19.6,28.9
1397,1976,USA,Gasoline,Rear-wheel drive,3,2380,6,266.0,4560,20.4,26.0
1398,2020,Asia,Gasoline,Front-wheel drive,2,1880,5,222.0,3990,18.2,32.6
1399,2016,Europe,Diesel,All-wheel drive,3,2560,7,300.0,4620,18.7,31.9
1400,2004,Asia,Hybrid,All-wheel drive,4,2330,6,240.0,4360,19.0,30.9
1401,2003,USA,Gasoline,Rear-wheel drive,4,2160,6,274.0,4430,20.0,28.9
1402,2023,Asia,Gasoline,Front-wheel drive,4,2170,6,241.0,3980,18.5,33.7
1403,2010,Asia,Gasoline,Front-wheel drive,2,2300,6,252.0,4240,18.7,33.0
1404,2024,Europe,Gasoline,Front-wheel drive,2,2270,6,240.0,3880,17.7,31.1
1405,1993,Asia,Gasoline,Front-wheel drive,4,2280,6,240.0,4180,20.1,30.5
1406,1993,USA,Hybrid,Front-wheel drive,3,2250,6,258.0,4020,18.1,31.3
1407,1983,Asia,Hybrid,All-wheel drive,4,2210,6,228.0,4440,20.2,29.2
1408,1985,Europe,Gasoline,Front-wheel drive,2,2200,6,253.0,3910,,31.6
1409,2009,USA,Diesel,Front-wheel drive,5,2250,7,277.0,4470,17.6,29.5
1410,2019,USA,Diesel,All-wheel drive,5,2720,7,327.0,5000,20.6,30.6
1411,1977,Asia,Gasoline,Front-wheel drive,4,2320,6,,4030,21.0,27.8
1412,1984,USA,Diesel,Rear-wheel drive,4,2700,7,290.0,4520,19.3,26.1
1413,2004,Asia,Gasoline,Rear-wheel drive,4,2290,6,244.0,4110,16.9,28.1
1414,1988,Europe,Gasoline,Front-wheel drive,4,2280,6,238.0,4060,20.2,26.7
1415,1990,Europe,Gasoline,Rear-wheel drive,4,1990,6,230.0,3980,,28.7
1416,1989,Asia,Gasoline,Rear-wheel drive,4,2300,6,236.0,4140,18.5,28.3
1417,1992,Europe,Gasoline,Front-wheel drive,3,2140,6,236.0,4150,19.5,27.1
1418,2011,Asia,Gasoline,All-wheel drive,2,2320,6,261.0,4440,17.2,31.3
1419,2022,Europe,Gasoline,Rear-wheel drive,4,2070,5,212.0,4060,17.8,30.5
1420,1981,Asia,Diesel,All-wheel drive,2,2360,6,265.0,4300,21.0,29.0
1421,1988,Europe,Diesel,Rear-wheel drive,4,2240,5,260.0,4150,19.5,29.3
1422,2007,USA,Gasoline,Rear-wheel drive,5,2370,6,264.0,4480,17.9,29.2
1423,1989,Asia,Gasoline,Front-wheel drive,2,2120,6,230.0,4170,20.4,26.6
1424,1997,Asia,Gasoline,Front-wheel drive,4,2360,7,266.0,4120,19.9,28.6
1425,2004,USA,Gasoline,Front-wheel drive,3,2290,6,272.0,4220,18.8,27.4
1426,1976,Europe,Hybrid,All-wheel drive,3,2480,6,271.0,4630,19.9,28.2
1427,2004,USA,Gasoline,All-wheel drive,3,2350,6,273.0,4460,20.1,25.2
1428,1984,USA,Gasoline,Front-wheel drive,4,2060,6,,4060,17.7,25.5
1429,1979,USA,Hybrid,Front-wheel drive,2,2460,7,,4390,19.2,33.7
1430,2000,Europe,Gasoline,Rear-wheel drive,3,2170,6,248.0,4010,,29.4
1431,1981,Europe,Gasoline,Front-wheel drive,2,2190,5,239.0,3620,16.6,32.1
1432,1980,Europe,Gasoline,Front-wheel drive,3,2430,6,255.0,4230,21.2,30.4
1433,1984,Asia,Gasoline,Front-wheel drive,3,2630,7,,4500,20.1,27.3
1434,1978,Europe,Hybrid,All-wheel drive,3,2390,7,273.0,4540,20.2,28.2
1435,1986,Asia,Gasoline,All-wheel drive,3,2350,6,241.0,4400,17.8,28.6
1436,2022,Europe,Gasoline,Front-wheel drive,4,2310,6,265.0,4210,19.4,30.1
1437,2016,USA,Gasoline,Rear-wheel drive,4,2210,6,274.0,4550,17.8,30.2
1438,2015,Europe,Diesel,All-wheel drive,3,2050,5,208.0,4440,21.6,31.1
1439,1982,USA,Gasoline,Front-wheel drive,3,2240,6,247.0,4040,16.9,27.3
1440,2003,USA,Diesel,Rear-wheel drive,4,2640,7,318.0,4950,17.8,30.2
1441,2021,USA,Diesel,Front-wheel drive,4,2230,6,,4420,16.3,36.6
1442,2014,Asia,Gasoline,Front-wheel drive,4,2670,7,283.0,4540,19.1,31.5
1443,1995,USA,Diesel,Front-wheel drive,5,2380,6,,4330,18.9,32.7
1444,1988,Europe,Diesel,Front-wheel drive,4,2440,6,277.0,4100,18.1,31.4
1445,2002,Europe,Gasoline,Front-wheel drive,4,1840,5,201.0,3760,18.0,31.5
1446,2016,Europe,Gasoline,All-wheel drive,5,2530,6,254.0,4690,20.4,27.7
1447,2003,Asia,Gasoline,All-wheel drive,3,2020,6,250.0,4190,17.7,29.3
1448,1986,Europe,Hybrid,Front-wheel drive,4,2330,6,260.0,4220,18.7,31.9
1449,1976,USA,Diesel,Front-wheel drive,2,2330,6,270.0,4270,18.4,27.5
1450,1994,Asia,Diesel,Rear-wheel drive,4,2340,7,283.0,4290,17.1,31.1
1451,2013,USA,Gasoline,All-wheel drive,5,2050,6,215.0,4590,19.5,30.8
1452,2013,Asia,Gasoline,Front-wheel drive,2,2420,6,238.0,4200,19.1,32.4
1453,1991,USA,Hybrid,All-wheel drive,3,2370,7,282.0,4720,18.5,27.0
1454,2022,USA,Gasoline,Front-wheel drive,4,2150,6,241.0,4150,16.7,33.1
1455,1978,USA,Gasoline,Front-wheel drive,4,2120,6,253.0,4560,19.1,27.6
1456,2016,Asia,Gasoline,Front-wheel drive,4,2140,6,226.0,4220,19.2,32.7
1457,2012,Asia,Gasoline,Front-wheel drive,5,2280,6,249.0,4360,17.7,31.7
1458,2022,USA,Gasoline,Front-wheel drive,5,2210,6,276.0,4480,18.2,31.0
1459,2009,Asia,Gasoline,Front-wheel drive,4,2110,5,231.0,4120,18.7,32.3
1460,2020,USA,Gasoline,All-wheel drive,3,2280,6,270.0,4530,20.6,28.8
1461,2005,Asia,Gasoline,Front-wheel drive,3,2200,6,239.0,4080,16.8,30.3
1462,1976,USA,Hybrid,Front-wheel drive,5,2080,5,235.0,4200,19.6,31.6
1463,1988,Asia,Gasoline,Front-wheel drive,5,2100,6,234.0,4220,18.6,27.7
1464,1986,Europe,Diesel,Front-wheel drive,4,2260,6,260.0,4210,18.5,29.9
1465,2013,USA,Gasoline,Front-wheel drive,2,2160,6,271.0,3840,16.0,31.1
1466,1988,USA,Diesel,All-wheel drive,5,2340,6,288.0,4720,17.5,28.6
1467,2018,USA,Gasoline,Rear-wheel drive,3,1910,5,211.0,3880,17.8,30.6
1468,1999,USA,Gasoline,Rear-wheel drive,2,2240,5,266.0,4310,17.5,27.1
1469,2016,USA,Diesel,Front-wheel drive,3,2200,6,256.0,4070,19.0,31.2
1470,1990,USA,Diesel,All-wheel drive,3,2430,6,288.0,4580,18.7,30.2
1471,2001,USA,Diesel,All-wheel drive,3,2500,7,290.0,4890,20.0,26.6
1472,1985,USA,Gasoline,Front-wheel drive,4,2030,5,245.0,3810,18.8,28.8
1473,1992,Europe,Diesel,Front-wheel drive,4,2470,6,296.0,4210,17.6,29.5
1474,2014,Europe,Gasoline,Front-wheel drive,5,1980,5,215.0,3900,18.7,35.4
1475,2022,Asia,Gasoline,Rear-wheel drive,2,2130,6,239.0,4330,18.7,31.4
1476,1975,USA,Gasoline,Front-wheel drive,2,2380,6,276.0,4310,18.3,26.1
1477,1994,Asia,Gasoline,Front-wheel drive,5,2500,7,273.0,4780,18.7,30.6
1478,1996,USA,Gasoline,Front-wheel drive,4,2430,7,295.0,4430,18.7,27.0
1479,1999,USA,Gasoline,Front-wheel drive,5,2220,7,273.0,4420,20.7,29.4
1480,1988,Europe,Gasoline,Front-wheel drive,2,2140,6,216.0,4190,19.6,29.5
1481,2014,Europe,Gasoline,Rear-wheel drive,3,2070,6,232.0,4290,18.3,31.4
1482,2001,USA,Gasoline,Front-wheel drive,4,2490,7,287.0,4680,18.4,28.5
1483,1993,USA,Diesel,Rear-wheel drive,5,2610,7,302.0,4930,20.0,26.5
1484,2016,Asia,Gasoline,Front-wheel drive,4,2410,6,235.0,4360,19.1,33.0
1485,1979,Europe,Gasoline,Rear-wheel drive,3,2500,7,285.0,4290,18.6,25.8
1486,2000,Asia,Hybrid,Rear-wheel drive,2,1950,6,231.0,3830,19.0,31.9
1487,1981,USA,Hybrid,Front-wheel drive,2,2070,6,247.0,4030,17.7,33.3
1488,2007,Europe,Diesel,Rear-wheel drive,4,2340,6,266.0,4580,19.6,30.5
1489,2022,Europe,Gasoline,Front-wheel drive,2,2500,6,263.0,4110,18.6,33.5
1490,1990,USA,Hybrid,Rear-wheel drive,3,2290,6,278.0,4190,17.0,31.2
1491,2019,Asia,Gasoline,Rear-wheel drive,2,2210,6,254.0,4170,17.4,28.0
1492,2008,USA,Gasoline,Front-wheel drive,3,2410,6,259.0,4400,18.3,28.7
1493,1994,USA,Gasoline,Front-wheel drive,3,2380,6,295.0,4430,20.4,28.4
1494,1976,Asia,Gasoline,Front-wheel drive,4,2120,5,,3960,17.3,30.8
1495,2010,Asia,Gasoline,Rear-wheel drive,2,2430,6,266.0,4470,16.6,25.8
1496,2015,USA,Gasoline,Rear-wheel drive,2,2420,6,285.0,4380,19.5,27.1
1497,2015,USA,Gasoline,All-wheel drive,4,2460,6,269.0,4830,19.4,24.0
1498,1987,Asia,Gasoline,All-wheel drive,4,2190,7,252.0,4560,21.0,26.8
1499,1990,Europe,Hybrid,Front-wheel drive,3,2260,6,246.0,4050,19.1,31.2
1500,1980,USA,Gasoline,Front-wheel drive,5,2070,5,228.0,4270,18.6,27.1
1501,2021,USA,Gasoline,Front-wheel drive,5,1950,5,245.0,4020,17.0,30.4
1502,2013,USA,Diesel,All-wheel drive,3,2540,6,281.0,4610,19.0,29.0
1503,1992,Europe,Gasoline,All-wheel drive,3,2340,6,274.0,4530,18.1,25.1
1504,2011,USA,Gasoline,Rear-wheel drive,5,2050,6,243.0,4290,18.7,30.2
1505,2020,Europe,Gasoline,Front-wheel drive,3,2830,7,304.0,4510,19.3,29.0
1506,1998,USA,Gasoline,Front-wheel drive,3,2100,7,250.0,4180,18.5,30.5
1507,2002,Europe,Gasoline,All-wheel drive,4,2210,5,249.0,4450,18.5,28.6
1508,2022,Asia,Gasoline,Front-wheel drive,3,2080,6,237.0,4060,17.4,35.0
1509,1993,USA,Gasoline,Front-wheel drive,4,2320,6,271.0,4050,17.9,28.3
1510,2004,Asia,Gasoline,Front-wheel drive,5,2590,7,283.0,4750,17.8,26.9
1511,1976,USA,Diesel,Front-wheel drive,3,2330,6,277.0,4180,19.7,28.7
1512,2024,Europe,Diesel,Front-wheel drive,4,2550,7,293.0,4320,20.0,36.0
1513,1992,Asia,Gasoline,Front-wheel drive,2,2120,6,205.0,3970,20.9,29.6
1514,2002,USA,Gasoline,Front-wheel drive,4,1890,5,231.0,3960,18.7,30.9
1515,2012,Asia,Hybrid,Front-wheel drive,4,2360,6,264.0,4370,18.0,38.7
1516,2000,USA,Diesel,Front-wheel drive,4,2260,6,282.0,4190,16.6,30.9
1517,2005,Asia,Gasoline,Front-wheel drive,4,2310,6,260.0,4180,19.0,31.0
1518,1979,USA,Gasoline,Front-wheel drive,3,2380,6,,4380,20.1,25.6
1519,1985,Europe,Gasoline,Front-wheel drive,4,2310,6,244.0,4340,18.7,28.9
1520,1992,USA,Diesel,All-wheel drive,5,2530,6,292.0,4740,19.1,25.2
1521,2009,USA,Hybrid,Front-wheel drive,3,2270,7,266.0,4110,17.3,36.3
1522,2017,USA,Gasoline,Rear-wheel drive,3,2040,6,244.0,4130,19.7,32.3
1523,2000,Europe,Gasoline,Front-wheel drive,4,2120,5,234.0,4090,19.6,32.5
1524,2006,Asia,Diesel,Front-wheel drive,4,2430,6,282.0,4370,18.3,32.4
1525,2007,Europe,Gasoline,Rear-wheel drive,4,2200,6,230.0,4380,18.5,30.8
1526,2024,Europe,Gasoline,Front-wheel drive,3,2290,6,239.0,4000,,32.7
1527,2018,Europe,Diesel,Front-wheel drive,3,2400,7,262.0,4620,18.5,33.4
1528,1996,Europe,Gasoline,Front-wheel drive,3,2180,6,229.0,4280,21.2,28.5
1529,1981,Europe,Gasoline,Front-wheel drive,4,1980,5,,4060,18.1,28.7
1530,1988,Europe,Gasoline,Front-wheel drive,3,2250,5,244.0,3730,19.3,30.5
1531,2013,Europe,Gasoline,Front-wheel drive,3,2610,7,287.0,4310,,26.1
1532,1982,Europe,Gasoline,Rear-wheel drive,3,2370,6,252.0,4440,20.8,26.8
1533,2021,USA,Gasoline,Rear-wheel drive,4,2330,6,290.0,4550,18.5,31.3
1534,1989,Europe,Gasoline,Front-wheel drive,4,1920,6,212.0,3850,,33.0
1535,1991,USA,Gasoline,All-wheel drive,2,2340,6,266.0,4420,19.6,28.2
1536,2015,Asia,Gasoline,Front-wheel drive,3,2290,6,230.0,4030,18.7,33.1
1537,2003,USA,Gasoline,Front-wheel drive,4,2000,6,245.0,3770,17.1,30.7
1538,2006,USA,Gasoline,Front-wheel drive,3,2080,6,236.0,4160,20.6,28.8
1539,2011,Europe,Gasoline,Front-wheel drive,3,2490,6,263.0,4380,18.0,29.1
1540,2017,Europe,Gasoline,All-wheel drive,3,2440,6,270.0,4740,19.7,29.7
1541,2017,USA,Gasoline,Front-wheel drive,2,2560,7,269.0,4530,17.8,30.1
1542,2019,USA,Hybrid,Rear-wheel drive,5,2040,6,,4070,17.8,34.1
1543,1995,Asia,Gasoline,Front-wheel drive,4,2130,5,246.0,4020,16.0,30.1
1544,2022,USA,Gasoline,Front-wheel drive,4,2280,6,,4510,19.0,30.1
1545,2008,Asia,Gasoline,Rear-wheel drive,3,2120,6,246.0,4200,18.4,31.9
1546,1981,Europe,Hybrid,All-wheel drive,3,2630,7,287.0,4660,19.4,30.6
1547,1990,USA,Gasoline,Rear-wheel drive,3,2470,6,270.0,4330,18.5,29.0
1548,1984,Asia,Gasoline,Rear-wheel drive,4,2210,5,229.0,4520,17.1,27.0
1549,2020,Asia,Diesel,All-wheel drive,2,2210,5,217.0,4260,19.1,35.8
1550,1996,USA,Hybrid,Front-wheel drive,4,2230,6,277.0,4410,17.5,31.8
1551,1998,USA,Gasoline,Front-wheel drive,5,2520,6,263.0,4520,21.0,28.4
1552,2015,Asia,Gasoline,All-wheel drive,3,2530,6,296.0,4540,16.0,29.7
1553,1991,USA,Hybrid,Front-wheel drive,3,2340,7,253.0,4420,18.5,30.0
1554,2008,Asia,Gasoline,Front-wheel drive,2,2380,7,248.0,4260,21.7,29.8
1555,2010,Europe,Gasoline,Rear-wheel drive,2,2320,6,265.0,4320,18.7,27.8
1556,1987,Europe,Gasoline,Front-wheel drive,2,2450,6,254.0,4190,19.7,28.5
1557,2019,USA,Gasoline,Front-wheel drive,2,2250,6,260.0,4300,18.8,28.5
1558,2004,USA,Gasoline,Rear-wheel drive,2,2390,6,268.0,4300,17.0,26.2
1559,2024,USA,Gasoline,Front-wheel drive,5,2440,6,284.0,4230,19.0,30.4
1560,2023,Asia,Gasoline,Rear-wheel drive,4,2160,5,213.0,4170,17.7,33.3
1561,2013,USA,Diesel,Front-wheel drive,2,2440,6,263.0,4440,17.8,32.8
1562,2020,USA,Gasoline,Front-wheel drive,2,2290,6,265.0,4230,18.9,29.4
1563,2013,Asia,Diesel,All-wheel drive,3,2560,7,275.0,4880,20.1,27.0
1564,2022,Europe,Gasoline,All-wheel drive,3,2100,5,225.0,4080,17.0,34.1
1565,2021,USA,Gasoline,Front-wheel drive,4,2440,6,279.0,4560,19.7,32.2
1566,2015,Asia,Gasoline,Rear-wheel drive,4,2230,5,225.0,4220,18.8,30.8
1567,2006,Europe,Gasoline,Front-wheel drive,4,2110,6,227.0,4280,19.2,30.1
1568,2000,Europe,Gasoline,Rear-wheel drive,3,2190,6,238.0,4410,19.9,27.9
1569,2005,Asia,Gasoline,All-wheel drive,3,2280,6,256.0,4480,18.8,29.7
1570,1981,USA,Gasoline,Front-wheel drive,4,2540,7,295.0,4530,19.5,26.4
1571,1992,Asia,Diesel,Front-wheel drive,3,2210,5,246.0,4140,18.5,31.0
1572,1995,Europe,Gasoline,Front-wheel drive,2,2330,6,273.0,4140,19.7,31.5
1573,1990,Asia,Gasoline,Rear-wheel drive,4,2450,6,246.0,4590,19.2,28.6
1574,2011,Asia,Gasoline,Front-wheel drive,3,2030,5,217.0,4000,18.5,30.6
1575,1994,USA,Diesel,Rear-wheel drive,3,2280,6,274.0,4430,20.2,28.4
1576,1988,Asia,Gasoline,All-wheel drive,3,2330,6,271.0,4510,19.5,26.2
1577,2019,Asia,Hybrid,Rear-wheel drive,4,2570,7,279.0,4650,19.3,31.4
1578,1992,USA,Gasoline,Front-wheel drive,4,2160,6,208.0,4190,17.4,28.6
1579,2007,USA,Gasoline,All-wheel drive,4,2090,5,250.0,4290,18.4,28.7
1580,2000,Europe,Gasoline,All-wheel drive,3,2490,7,300.0,4450,19.6,28.7
1581,2003,Europe,Gasoline,Front-wheel drive,5,2260,6,243.0,4160,19.8,31.9
1582,2014,USA,Gasoline,Rear-wheel drive,2,2180,6,259.0,4640,19.0,30.8
1583,1976,USA,Gasoline,All-wheel drive,3,2160,6,,4210,20.0,27.1
1584,2000,USA,Diesel,Rear-wheel drive,3,2610,7,302.0,4760,18.5,28.5
1585,1997,USA,Gasoline,Front-wheel drive,2,2280,6,275.0,3940,17.2,30.4
1586,2014,Europe,Hybrid,All-wheel drive,2,2320,6,220.0,4290,19.3,34.5
1587,2023,Asia,Hybrid,Front-wheel drive,2,1960,5,229.0,3950,18.7,37.3
1588,2006,Asia,Gasoline,Rear-wheel drive,4,2590,7,258.0,4840,21.2,27.3
1589,1991,Asia,Gasoline,All-wheel drive,3,2180,6,243.0,4360,18.4,27.6
1590,1976,Asia,Diesel,All-wheel drive,3,2340,6,,4340,19.4,28.1
1591,2001,USA,Gasoline,Rear-wheel drive,3,2060,5,233.0,4070,20.1,27.9
1592,2011,Asia,Gasoline,Rear-wheel drive,3,2100,6,234.0,3960,18.3,32.0
1593,2004,Asia,Hybrid,Rear-wheel drive,4,2270,6,250.0,4400,18.9,33.7
1594,2010,Asia,Gasoline,All-wheel drive,3,2260,5,217.0,4600,19.6,31.3
1595,2011,USA,Hybrid,Front-wheel drive,2,2420,7,287.0,4340,18.9,34.6
1596,1980,USA,Diesel,Front-wheel drive,4,2240,6,260.0,4090,20.6,29.3
1597,1995,Asia,Gasoline,Rear-wheel drive,3,2200,5,211.0,4330,19.1,29.0
1598,2000,USA,Gasoline,All-wheel drive,3,2140,6,254.0,4380,18.6,26.6
1599,1978,Europe,Gasoline,All-wheel drive,3,2460,6,268.0,4570,18.8,25.9
1600,1988,Asia,Gasoline,Front-wheel drive,2,2430,6,247.0,4160,18.8,26.4
1601,1975,USA,Hybrid,Front-wheel drive,5,2130,6,267.0,4210,17.5,28.0
1602,1999,USA,Gasoline,Front-wheel drive,2,2760,7,295.0,4400,18.5,29.9
1603,2012,USA,Diesel,Rear-wheel drive,4,2040,5,242.0,4210,18.9,29.9
1604,1985,Europe,Hybrid,All-wheel drive,4,2210,6,240.0,4410,20.7,32.7
1605,2001,Asia,Hybrid,Rear-wheel drive,5,2700,7,284.0,4820,21.4,31.2
1606,1999,Asia,Gasoline,Front-wheel drive,5,2120,6,238.0,3920,16.5,33.4
1607,1991,Asia,Gasoline,Front-wheel drive,5,2210,6,235.0,4060,18.7,31.7
1608,1978,Asia,Gasoline,Rear-wheel drive,5,2390,6,,4390,20.7,27.4
1609,1990,Europe,Diesel,Front-wheel drive,4,2330,6,272.0,4140,17.2,31.8
1610,2011,Asia,Gasoline,Rear-wheel drive,2,2290,6,249.0,4330,19.1,32.8
1611,1985,Europe,Gasoline,All-wheel drive,4,2440,6,265.0,4490,,24.7
1612,1989,Europe,Gasoline,Front-wheel drive,4,2410,6,259.0,4360,18.5,30.6
1613,1991,USA,Gasoline,Rear-wheel drive,4,2030,5,230.0,4030,19.6,27.1
1614,1993,USA,Diesel,Front-wheel drive,5,2760,7,329.0,5060,20.0,28.8
1615,1996,Asia,Gasoline,Rear-wheel drive,4,2200,6,231.0,4160,19.1,28.6
1616,2014,Asia,Hybrid,Front-wheel drive,3,2330,6,250.0,4110,15.9,36.5
1617,1991,USA,Hybrid,Rear-wheel drive,3,2390,6,250.0,4540,19.6,31.1
1618,2018,Asia,Gasoline,Rear-wheel drive,4,2140,6,229.0,4040,18.5,34.5
1619,1990,Europe,Gasoline,Front-wheel drive,3,2680,7,287.0,4360,18.1,28.1
1620,1993,USA,Gasoline,All-wheel drive,3,2200,6,262.0,4230,18.6,26.4
1621,2018,Asia,Hybrid,Front-wheel drive,2,2330,6,252.0,4040,18.9,37.1
1622,1985,Asia,Gasoline,Front-wheel drive,4,2410,6,241.0,4350,18.4,31.2
1623,2009,USA,Gasoline,Front-wheel drive,4,2380,6,277.0,4260,17.5,27.7
1624,2012,Europe,Gasoline,Rear-wheel drive,3,2190,5,228.0,4150,,30.7
1625,2019,USA,Diesel,Front-wheel drive,4,2330,6,272.0,4370,19.5,34.3
1626,1976,Asia,Gasoline,Front-wheel drive,4,2050,6,,4250,20.2,27.8
1627,1987,Europe,Gasoline,Rear-wheel drive,4,2040,6,213.0,4220,17.9,30.9
1628,2017,Europe,Gasoline,Rear-wheel drive,4,2630,7,277.0,4890,,27.5
1629,2007,USA,Gasoline,Rear-wheel drive,2,2620,7,295.0,4570,19.5,24.6
1630,1996,USA,Gasoline,Front-wheel drive,4,2110,5,228.0,3930,19.2,30.1
1631,2004,USA,Hybrid,Front-wheel drive,4,2370,7,271.0,4650,18.3,32.2
1632,1990,Asia,Gasoline,Front-wheel drive,3,2010,5,227.0,3710,18.6,31.5
1633,1995,USA,Gasoline,Front-wheel drive,3,2300,6,258.0,4390,19.0,27.6
1634,2023,Asia,Gasoline,Front-wheel drive,4,2570,7,286.0,4740,18.4,32.4
1635,2017,USA,Gasoline,All-wheel drive,2,2500,6,294.0,4590,19.4,29.6
1636,1991,Asia,Diesel,Front-wheel drive,4,2540,6,267.0,4270,20.1,27.7
1637,1998,Asia,Gasoline,Front-wheel drive,2,2180,6,217.0,4000,19.8,32.4
1638,2020,Europe,Gasoline,Rear-wheel drive,3,1980,5,229.0,4140,16.7,30.3
1639,1997,USA,Diesel,Front-wheel drive,2,2580,6,300.0,4280,20.1,29.6
1640,1998,Europe,Gasoline,All-wheel drive,3,2450,7,276.0,4270,18.6,30.1
1641,1999,Europe,Hybrid,Front-wheel drive,4,2260,7,255.0,4170,19.0,36.3
1642,1989,Asia,Gasoline,All-wheel drive,3,2330,6,242.0,4240,19.8,28.9
1643,1980,USA,Gasoline,Front-wheel drive,3,2140,5,,4130,18.6,28.3
1644,2016,Asia,Diesel,Rear-wheel drive,2,2190,6,266.0,4150,18.3,35.2
1645,1978,USA,Gasoline,Rear-wheel drive,2,2150,6,227.0,4240,18.8,29.6
1646,1987,Europe,Gasoline,Front-wheel drive,4,2340,6,250.0,4130,18.8,27.8
1647,2010,USA,Gasoline,All-wheel drive,4,2330,6,251.0,4630,20.2,29.5
1648,1990,USA,Gasoline,Front-wheel drive,5,2190,6,249.0,4320,20.8,28.1
1649,1996,USA,Hybrid,Rear-wheel drive,2,2120,5,249.0,4300,20.6,33.2
1650,2016,Europe,Gasoline,Front-wheel drive,4,2320,6,260.0,4140,17.3,29.7
1651,2009,Asia,Diesel,Rear-wheel drive,2,2400,6,260.0,4180,20.6,29.8
1652,1997,Asia,Diesel,All-wheel drive,3,2720,7,305.0,4630,19.0,28.4
1653,2023,USA,Hybrid,Front-wheel drive,3,2620,7,297.0,4850,17.8,32.7
1654,1985,USA,Gasoline,Front-wheel drive,3,2080,5,239.0,4100,20.0,24.5
1655,2008,USA,Hybrid,Front-wheel drive,4,2170,6,255.0,4240,17.7,32.7
1656,1981,USA,Gasoline,Front-wheel drive,2,2320,6,278.0,4130,18.6,26.0
1657,1986,Europe,Diesel,Front-wheel drive,5,1990,5,221.0,3700,,32.6
1658,2022,USA,Gasoline,Front-wheel drive,4,2180,6,251.0,4100,21.0,32.5
1659,1983,Europe,Gasoline,Front-wheel drive,4,2310,6,268.0,4200,17.9,26.0
1660,2017,Europe,Gasoline,Front-wheel drive,3,2230,6,236.0,4240,19.2,29.7
1661,2011,Asia,Gasoline,Rear-wheel drive,3,2510,7,271.0,4630,18.7,29.3
1662,1983,USA,Diesel,Rear-wheel drive,3,2140,6,267.0,4540,20.3,31.3
1663,1976,USA,Gasoline,Front-wheel drive,2,2440,7,,4140,18.3,25.5
1664,2020,Europe,Gasoline,All-wheel drive,4,2540,6,267.0,4470,16.8,28.8
1665,2005,USA,Gasoline,Front-wheel drive,2,2190,6,255.0,4020,20.7,31.1
1666,1998,USA,Hybrid,All-wheel drive,5,2230,6,246.0,4250,18.2,31.8
1667,1980,Asia,Gasoline,All-wheel drive,4,2660,7,277.0,4870,19.6,24.2
1668,2024,USA,Hybrid,Front-wheel drive,5,2300,6,260.0,4310,18.0,36.3
1669,1982,USA,Hybrid,Rear-wheel drive,3,2270,6,272.0,4450,18.4,32.3
1670,2022,Europe,Gasoline,Front-wheel drive,2,1910,5,213.0,3660,19.7,38.5
1671,2022,USA,Gasoline,All-wheel drive,4,2260,6,249.0,4850,22.0,29.7
1672,2021,USA,Gasoline,Front-wheel drive,4,2260,6,247.0,4220,19.6,30.9
1673,2011,USA,Gasoline,All-wheel drive,4,2580,7,279.0,4770,19.6,27.0
1674,2014,Asia,Gasoline,Rear-wheel drive,3,2490,6,277.0,4240,21.1,28.3
1675,1999,Asia,Hybrid,Rear-wheel drive,2,2470,7,289.0,4650,20.9,28.9
1676,1998,USA,Gasoline,Front-wheel drive,3,2480,7,276.0,4650,19.7,27.9
1677,1988,Europe,Gasoline,All-wheel drive,3,2150,6,249.0,4260,21.4,27.3
1678,1979,USA,Gasoline,All-wheel drive,3,2550,6,,4600,19.0,23.7
1679,2000,Asia,Gasoline,Front-wheel drive,3,2070,6,230.0,3990,17.6,30.6
1680,1992,Europe,Gasoline,Front-wheel drive,2,2520,6,279.0,4140,19.1,28.3
1681,1976,USA,Hybrid,Front-wheel drive,5,1960,5,226.0,4130,19.9,32.0
1682,2023,Europe,Gasoline,Front-wheel drive,4,2380,6,261.0,4160,17.8,33.4
1683,1997,USA,Hybrid,Front-wheel drive,4,2430,6,276.0,4480,18.7,29.0
1684,1983,Asia,Gasoline,All-wheel drive,4,2410,6,249.0,4590,20.6,24.2
1685,2014,USA,Gasoline,Front-wheel drive,2,2250,5,232.0,3820,18.0,32.1
1686,2008,Europe,Gasoline,All-wheel drive,4,2390,6,265.0,4670,21.0,29.0
1687,2024,USA,Gasoline,All-wheel drive,5,2110,6,238.0,4210,18.8,30.8
1688,2011,USA,Gasoline,Front-wheel drive,4,2190,6,246.0,4340,17.1,29.8
1689,1984,Asia,Hybrid,Front-wheel drive,5,2330,6,268.0,4310,18.1,30.4
1690,2006,Asia,Diesel,Rear-wheel drive,2,2320,7,260.0,4430,19.1,31.0
1691,1979,Asia,Gasoline,Rear-wheel drive,3,1940,6,235.0,3830,20.2,27.4
1692,1981,Europe,Gasoline,Front-wheel drive,4,2360,6,262.0,4460,19.4,28.3
1693,2013,USA,Gasoline,All-wheel drive,5,2120,6,249.0,4390,18.1,26.9
1694,2010,Europe,Gasoline,Front-wheel drive,3,2290,6,236.0,4340,21.4,31.5
1695,1988,USA,Diesel,Front-wheel drive,4,2160,6,261.0,4150,18.7,32.3
1696,1997,Europe,Diesel,Front-wheel drive,3,2110,6,221.0,4080,19.9,31.6
1697,1983,USA,Gasoline,All-wheel drive,2,2050,6,253.0,4270,18.9,26.2
1698,2015,Europe,Gasoline,All-wheel drive,4,2760,7,300.0,4650,18.2,26.6
1699,2003,Asia,Diesel,Rear-wheel drive,2,2350,6,261.0,4740,19.8,31.6
1700,1987,Asia,Diesel,Rear-wheel drive,3,2470,7,282.0,4650,19.0,31.7
1701,2006,Europe,Diesel,Front-wheel drive,4,2280,6,255.0,4230,18.3,33.3
1702,1990,Asia,Gasoline,Front-wheel drive,4,2590,7,278.0,4320,17.2,26.0
1703,1995,Asia,Hybrid,All-wheel drive,4,1990,5,204.0,3840,18.4,34.8
1704,2022,Europe,Gasoline,Front-wheel drive,4,2040,6,246.0,4000,17.2,33.0
1705,2011,Europe,Gasoline,Front-wheel drive,3,2450,7,255.0,4140,20.8,31.0
1706,2003,Asia,Gasoline,Front-wheel drive,4,2410,7,254.0,4080,15.3,30.4
1707,1998,USA,Gasoline,Front-wheel drive,3,2060,6,237.0,4230,17.6,27.2
1708,1995,USA,Gasoline,Rear-wheel drive,5,2160,6,255.0,4470,18.1,25.8
1709,2015,USA,Gasoline,Front-wheel drive,4,2610,7,272.0,4520,16.9,29.8
1710,1978,Europe,Gasoline,All-wheel drive,4,2380,6,265.0,4400,22.5,28.3
1711,1976,Europe,Diesel,Rear-wheel drive,3,2030,6,260.0,4030,16.6,32.6
1712,1988,Asia,Gasoline,Front-wheel drive,3,2300,6,245.0,4030,18.1,29.6
1713,2002,Asia,Gasoline,Rear-wheel drive,3,2440,7,275.0,4330,17.4,28.0
1714,2024,USA,Diesel,All-wheel drive,4,2230,6,253.0,4500,19.1,33.1
1715,1981,Asia,Gasoline,Front-wheel drive,4,2420,6,245.0,4490,19.4,27.9
1716,1997,Europe,Gasoline,Front-wheel drive,3,2470,6,265.0,4330,19.9,32.2
1717,2020,Europe,Gasoline,Front-wheel drive,2,2240,5,233.0,3730,16.2,32.0
1718,1993,Europe,Hybrid,All-wheel drive,3,2180,6,240.0,4360,18.9,31.4
1719,2003,Europe,Diesel,Front-wheel drive,4,2190,6,260.0,4330,20.8,33.2
1720,1992,USA,Gasoline,Rear-wheel drive,3,2120,5,234.0,4470,20.7,27.2
1721,1986,Asia,Gasoline,Front-wheel drive,2,2240,6,233.0,3950,20.2,29.0
1722,2008,Asia,Gasoline,Front-wheel drive,4,2280,7,262.0,3860,19.3,31.6
1723,1994,USA,Gasoline,Front-wheel drive,3,2380,6,287.0,4460,19.3,28.5
1724,1978,USA,Diesel,All-wheel drive,3,2510,6,300.0,4940,21.9,24.3
1725,2015,Europe,Diesel,Front-wheel drive,3,2180,6,227.0,3920,18.3,34.6
1726,1985,Asia,Gasoline,All-wheel drive,2,2440,6,242.0,4240,18.0,27.8
1727,2008,USA,Diesel,Front-wheel drive,2,2350,6,275.0,4220,19.8,33.3
1728,1982,USA,Hybrid,Rear-wheel drive,4,2130,6,242.0,4520,18.4,31.3
1729,2010,Asia,Gasoline,Rear-wheel drive,3,2390,6,271.0,4110,19.0,28.7
1730,1983,USA,Gasoline,Front-wheel drive,3,2380,7,286.0,4460,21.2,26.0
1731,2022,USA,Hybrid,Front-wheel drive,3,2330,6,286.0,4090,17.8,34.1
1732,2016,USA,Gasoline,Rear-wheel drive,4,2380,7,279.0,4670,18.1,26.5
1733,1998,USA,Gasoline,Front-wheel drive,2,2330,6,265.0,4140,18.8,28.5
1734,1986,Asia,Gasoline,Rear-wheel drive,4,2140,6,238.0,4110,19.8,30.4
1735,1998,USA,Gasoline,Front-wheel drive,4,2460,6,273.0,4640,20.6,28.6
1736,1992,USA,Diesel,Rear-wheel drive,3,2340,7,294.0,4490,19.1,30.1
1737,1997,Asia,Diesel,Rear-wheel drive,5,2180,6,249.0,4330,18.7,30.4
1738,1977,Europe,Diesel,Rear-wheel drive,5,2400,6,267.0,4740,20.7,26.2
1739,2014,Europe,Gasoline,All-wheel drive,3,2380,6,263.0,4640,18.1,30.5
1740,1987,Asia,Gasoline,Front-wheel drive,3,2150,6,256.0,3850,18.6,30.7
1741,1977,USA,Gasoline,Front-wheel drive,3,2420,6,248.0,4080,19.3,27.1
1742,1997,Europe,Diesel,Front-wheel drive,5,1900,5,239.0,4060,17.4,35.1
1743,2004,Asia,Diesel,All-wheel drive,4,2270,6,247.0,4380,18.8,31.4
1744,1986,USA,Hybrid,Front-wheel drive,2,2520,6,280.0,4270,19.6,31.5
1745,2014,Europe,Hybrid,Rear-wheel drive,4,2170,5,226.0,4200,19.6,37.7
1746,2015,USA,Diesel,Front-wheel drive,4,2270,6,282.0,3970,16.8,33.6
1747,1993,Europe,Gasoline,All-wheel drive,5,2580,7,281.0,4500,17.3,28.6
1748,2013,USA,Diesel,All-wheel drive,5,2130,6,263.0,4580,17.9,32.3
1749,2001,Europe,Gasoline,Front-wheel drive,3,2090,5,214.0,3760,17.6,32.1
1750,2000,Europe,Gasoline,Rear-wheel drive,3,2410,7,280.0,4420,18.1,28.0
1751,2010,USA,Gasoline,Front-wheel drive,5,2300,7,279.0,4510,21.0,28.4
1752,2012,USA,Hybrid,All-wheel drive,2,2490,7,291.0,4610,16.4,33.6
1753,2004,USA,Gasoline,Rear-wheel drive,4,2230,6,258.0,4280,18.1,29.0
1754,1994,Europe,Gasoline,Front-wheel drive,3,2350,6,236.0,4310,21.0,30.8
1755,1979,USA,Gasoline,All-wheel drive,2,2350,6,260.0,4880,20.7,25.9
1756,1990,Europe,Gasoline,Rear-wheel drive,2,2270,6,246.0,4390,18.2,29.7
1757,1994,USA,Diesel,Front-wheel drive,3,2060,6,242.0,3940,20.1,32.2
1758,2023,USA,Gasoline,All-wheel drive,3,2370,6,257.0,4210,16.3,33.2
1759,2021,USA,Gasoline,Front-wheel drive,4,2240,6,253.0,4320,19.7,31.4
1760,1977,USA,Gasoline,All-wheel drive,4,2380,6,,4560,20.3,28.4
1761,2003,Europe,Gasoline,All-wheel drive,4,2230,6,268.0,4520,18.6,27.7
1762,1990,USA,Diesel,Front-wheel drive,4,2460,7,291.0,4650,20.1,28.6
1763,1986,Europe,Hybrid,Front-wheel drive,3,2490,6,263.0,4340,15.4,34.4
1764,2009,USA,Gasoline,Front-wheel drive,4,2120,5,227.0,4170,17.7,28.4
1765,2007,Europe,Gasoline,Front-wheel drive,4,2080,5,211.0,3980,20.1,32.6
1766,1996,Europe,Gasoline,Rear-wheel drive,2,2200,6,248.0,4220,18.1,30.5
1767,1990,Asia,Gasoline,All-wheel drive,4,2200,6,229.0,4300,18.1,25.3
1768,1990,USA,Gasoline,Rear-wheel drive,3,2580,7,283.0,4780,18.8,24.4
1769,2009,USA,Hybrid,Rear-wheel drive,3,2560,7,284.0,4660,18.5,29.5
1770,1977,USA,Gasoline,Rear-wheel drive,3,2080,6,214.0,4050,21.5,28.5
1771,2010,Asia,Gasoline,Front-wheel drive,4,2450,6,286.0,4310,18.1,30.0
1772,1996,Asia,Gasoline,Rear-wheel drive,4,1970,5,213.0,4000,18.1,31.7
1773,2021,USA,Gasoline,Front-wheel drive,4,2000,5,230.0,4090,19.6,34.0
1774,2024,Europe,Hybrid,All-wheel drive,2,2330,6,249.0,4260,19.4,37.5
1775,2006,Europe,Gasoline,Front-wheel drive,2,2600,7,,4750,20.8,26.5
1776,1997,Europe,Hybrid,Rear-wheel drive,5,2130,6,222.0,4320,18.9,34.8
1777,1986,Asia,Gasoline,Front-wheel drive,4,1930,5,212.0,4140,18.2,30.1
1778,1990,Europe,Gasoline,Front-wheel drive,4,2240,6,244.0,4170,,29.5
1779,2015,USA,Gasoline,Front-wheel drive,4,2080,6,236.0,4240,19.0,33.4
1780,1996,USA,Gasoline,Front-wheel drive,2,1970,5,230.0,3820,18.9,26.3
1781,1985,USA,Gasoline,All-wheel drive,2,2340,6,269.0,4420,18.5,26.8
1782,1985,Asia,Gasoline,All-wheel drive,4,2140,6,225.0,4170,19.6,31.0
1783,1979,USA,Gasoline,Rear-wheel drive,5,2270,6,262.0,4280,19.1,25.6
1784,1996,USA,Hybrid,All-wheel drive,4,2190,6,268.0,4560,20.3,31.2
1785,2001,USA,Hybrid,Front-wheel drive,3,2150,6,236.0,3980,16.4,33.6
1786,1985,Asia,Gasoline,Front-wheel drive,3,1720,5,187.0,3570,18.2,32.3
1787,1977,USA,Hybrid,Rear-wheel drive,4,2210,6,250.0,4690,19.6,31.3
1788,1979,Europe,Gasoline,All-wheel drive,5,2410,6,246.0,4510,19.2,23.7
1789,1982,Europe,Gasoline,All-wheel drive,4,2460,6,279.0,4800,21.3,22.9
1790,1988,USA,Gasoline,Front-wheel drive,4,2600,7,296.0,4690,19.1,24.3
1791,2001,USA,Diesel,Rear-wheel drive,3,2400,7,304.0,4530,18.8,31.2
1792,2007,Asia,Diesel,Front-wheel drive,3,2340,6,255.0,4320,20.5,31.6
1793,1990,Asia,Gasoline,Rear-wheel drive,2,2410,6,266.0,4420,19.7,25.8
1794,2013,USA,Gasoline,Front-wheel drive,3,2130,6,256.0,4090,17.7,33.3
1795,1993,Europe,Gasoline,Rear-wheel drive,3,2490,6,279.0,4440,19.7,24.3
1796,2014,USA,Gasoline,All-wheel drive,3,2520,7,295.0,4440,19.2,25.7
1797,2001,USA,Gasoline,Front-wheel drive,2,2200,6,254.0,4420,19.4,29.0
1798,1989,USA,Gasoline,Front-wheel drive,4,2260,6,261.0,4300,20.1,28.1
1799,1982,Asia,Gasoline,Front-wheel drive,3,2200,6,248.0,3900,19.3,30.4
1800,2019,Asia,Hybrid,Front-wheel drive,4,1780,5,213.0,3690,19.7,39.2
1801,2016,USA,Gasoline,All-wheel drive,4,2160,6,254.0,4190,17.4,31.8
1802,1977,Europe,Gasoline,Rear-wheel drive,5,2490,7,295.0,4900,21.5,24.0
1803,2020,Asia,Gasoline,Rear-wheel drive,2,2330,6,262.0,4320,17.9,31.9
1804,2021,Asia,Gasoline,Front-wheel drive,4,2410,6,264.0,4310,18.5,33.6
1805,1979,USA,Diesel,Front-wheel drive,5,2190,6,286.0,4140,18.1,28.7
1806,1985,Asia,Diesel,Rear-wheel drive,4,1830,5,199.0,3930,18.2,28.1
1807,2018,USA,Gasoline,Rear-wheel drive,4,2070,6,270.0,4160,19.1,30.2
1808,1996,Asia,Gasoline,Front-wheel drive,4,2130,7,247.0,4140,17.7,27.0
1809,2022,Asia,Gasoline,Front-wheel drive,3,2160,7,255.0,4240,18.2,32.0
1810,1991,USA,Diesel,Rear-wheel drive,2,2470,6,259.0,4410,19.6,29.6
1811,2014,Asia,Gasoline,Front-wheel drive,3,2250,6,249.0,3820,18.3,32.3
1812,1978,Asia,Gasoline,Front-wheel drive,3,2160,6,248.0,4030,17.9,31.2
1813,2012,Europe,Gasoline,Front-wheel drive,2,2520,6,259.0,4400,19.6,30.6
1814,2015,USA,Gasoline,Front-wheel drive,3,2280,7,271.0,4520,20.2,31.5
1815,1986,USA,Gasoline,Front-wheel drive,4,2300,6,288.0,4500,18.3,23.3
1816,1997,Europe,Gasoline,Front-wheel drive,2,2410,6,260.0,4410,17.4,27.5
1817,2014,Europe,Gasoline,Rear-wheel drive,4,2130,6,250.0,4140,19.4,30.0
1818,1994,USA,Gasoline,Rear-wheel drive,3,2490,6,279.0,4540,19.8,26.9
1819,1979,Asia,Gasoline,All-wheel drive,3,2540,6,,4860,20.9,24.2
1820,2000,Europe,Gasoline,Rear-wheel drive,5,2510,7,264.0,4670,20.8,29.5
1821,1982,USA,Gasoline,All-wheel drive,4,2260,6,,4580,19.6,26.3
1822,1980,Europe,Diesel,Rear-wheel drive,3,2320,6,,4240,18.8,30.9
1823,1989,USA,Gasoline,Front-wheel drive,4,2460,6,294.0,4270,16.1,26.4
1824,1978,USA,Gasoline,All-wheel drive,4,2070,6,,4510,18.2,24.1
1825,1989,Europe,Gasoline,Front-wheel drive,5,2230,6,238.0,4180,18.6,31.7
1826,2008,USA,Gasoline,Rear-wheel drive,5,2350,6,270.0,4580,21.1,26.1
1827,1991,Asia,Gasoline,Front-wheel drive,3,2200,6,224.0,3860,20.0,29.1
1828,1992,Asia,Gasoline,Front-wheel drive,4,2200,6,225.0,4110,17.7,28.2
1829,1982,USA,Diesel,Front-wheel drive,4,2480,6,,4610,19.0,27.1
1830,1991,Asia,Gasoline,Rear-wheel drive,3,2320,6,238.0,3930,18.7,32.4
1831,2016,USA,Diesel,Front-wheel drive,4,2560,7,324.0,4750,18.8,27.4
1832,1983,Europe,Gasoline,Front-wheel drive,3,2240,6,,3750,19.1,29.8
1833,2015,USA,Diesel,Front-wheel drive,5,2210,6,258.0,4510,20.8,32.7
1834,1982,USA,Gasoline,Rear-wheel drive,2,2420,7,274.0,4630,21.6,23.2
1835,2011,Europe,Gasoline,Rear-wheel drive,5,2080,5,236.0,4100,17.5,33.8
1836,1985,Europe,Gasoline,Front-wheel drive,4,2280,6,225.0,4240,19.1,26.6
1837,1995,Europe,Gasoline,Front-wheel drive,3,1980,5,199.0,3910,20.4,34.1
1838,1991,Asia,Gasoline,All-wheel drive,4,2000,6,206.0,4110,19.4,30.1
1839,1995,USA,Gasoline,All-wheel drive,2,2300,6,252.0,4570,19.8,26.7
1840,2006,USA,Gasoline,All-wheel drive,5,2590,7,310.0,5010,19.0,24.0
1841,2012,USA,Gasoline,Front-wheel drive,3,2350,6,265.0,4310,18.2,31.4
1842,1978,USA,Gasoline,Front-wheel drive,4,2270,6,262.0,4170,19.1,29.2
1843,2008,Europe,Diesel,Front-wheel drive,2,2150,5,233.0,4100,19.2,33.4
1844,1992,Asia,Gasoline,Front-wheel drive,2,2040,6,245.0,3660,19.2,32.3
1845,2002,USA,Hybrid,All-wheel drive,5,2240,6,275.0,4280,18.5,32.2
1846,1986,USA,Gasoline,All-wheel drive,4,2120,6,265.0,4270,18.0,25.0
1847,2012,Europe,Gasoline,Front-wheel drive,3,2390,6,266.0,4220,18.7,32.6
1848,2021,Asia,Diesel,Front-wheel drive,3,2230,6,260.0,4000,16.4,33.7
1849,1978,Asia,Gasoline,Rear-wheel drive,4,2430,7,,4530,18.8,24.8
1850,2022,Asia,Diesel,Front-wheel drive,5,2240,7,276.0,4220,19.3,34.2
1851,2007,Europe,Gasoline,Rear-wheel drive,5,2590,6,278.0,4410,19.5,29.9
1852,2024,Asia,Gasoline,Front-wheel drive,3,2330,7,265.0,4200,19.2,30.2
1853,1980,Europe,Gasoline,Front-wheel drive,3,2170,7,232.0,3870,18.1,31.1
1854,2017,Asia,Gasoline,Front-wheel drive,4,2000,5,224.0,3990,19.2,31.0
1855,2012,Asia,Diesel,Rear-wheel drive,3,2220,6,255.0,4320,19.3,34.8
1856,2010,USA,Hybrid,All-wheel drive,2,2140,6,270.0,4400,18.6,32.9
1857,2018,Europe,Gasoline,All-wheel drive,3,2230,6,224.0,3950,20.9,31.7
1858,1976,Asia,Diesel,All-wheel drive,3,1900,5,244.0,4160,17.1,30.0
1859,1996,Europe,Diesel,Front-wheel drive,3,2310,6,261.0,4040,18.7,30.2
1860,1995,USA,Diesel,Front-wheel drive,4,2530,7,270.0,4530,18.1,30.9
1861,2009,USA,Gasoline,Front-wheel drive,3,2240,6,265.0,4180,18.9,28.3
1862,1977,USA,Gasoline,Rear-wheel drive,2,2420,7,279.0,4480,21.3,22.5
1863,1995,Europe,Diesel,Rear-wheel drive,3,2110,6,240.0,4440,19.0,31.2
1864,2011,Europe,Gasoline,Front-wheel drive,3,2330,6,236.0,4300,18.8,30.3
1865,1994,Europe,Gasoline,Rear-wheel drive,5,2330,6,261.0,4390,19.4,27.6
1866,1989,USA,Diesel,All-wheel drive,4,2320,6,263.0,4790,19.6,26.2
1867,2024,USA,Gasoline,Front-wheel drive,4,2240,6,268.0,4460,18.0,30.7
1868,2010,USA,Gasoline,Front-wheel drive,5,2270,6,264.0,4060,17.3,31.0
1869,2000,Asia,Gasoline,Front-wheel drive,5,2470,7,279.0,4550,17.4,28.4
1870,2001,Europe,Gasoline,Rear-wheel drive,3,2480,7,270.0,4640,20.0,29.7
1871,1980,Europe,Gasoline,Front-wheel drive,3,2390,7,282.0,4330,17.2,24.2
1872,1993,Europe,Gasoline,All-wheel drive,4,2160,5,219.0,4120,19.9,28.7
1873,2011,Asia,Gasoline,Rear-wheel drive,3,2140,6,228.0,4180,18.7,32.5
1874,1992,Asia,Gasoline,Rear-wheel drive,2,2420,6,270.0,4300,19.0,27.2
1875,2019,Europe,Gasoline,Front-wheel drive,4,2040,6,240.0,4180,16.9,32.4
1876,1989,USA,Hybrid,Front-wheel drive,3,2190,6,243.0,4070,18.9,32.6
1877,2020,USA,Gasoline,Rear-wheel drive,5,2580,6,276.0,4700,20.5,25.4
1878,1989,USA,Gasoline,Front-wheel drive,3,2370,7,275.0,4250,17.1,27.3
1879,1983,Asia,Gasoline,Rear-wheel drive,2,2420,7,,4340,19.4,26.2
1880,2012,USA,Diesel,All-wheel drive,3,2640,7,290.0,4740,20.3,27.1
1881,2011,USA,Gasoline,Rear-wheel drive,2,1980,5,238.0,4220,19.0,33.1
1882,1982,USA,Gasoline,Front-wheel drive,4,2100,6,222.0,4040,21.2,27.1
1883,2006,Europe,Gasoline,Front-wheel drive,4,2050,6,228.0,3980,18.5,34.8
1884,1999,Europe,Gasoline,Front-wheel drive,4,2570,7,276.0,4380,18.8,28.9
1885,1996,Asia,Gasoline,Front-wheel drive,4,2390,6,242.0,4330,20.8,29.4
1886,1982,USA,Diesel,All-wheel drive,3,2280,6,281.0,4660,21.2,26.0
1887,1977,Europe,Gasoline,Rear-wheel drive,3,2330,6,255.0,4350,18.1,26.6
1888,2006,Europe,Hybrid,Front-wheel drive,3,2220,6,224.0,4050,18.6,36.2
1889,2022,USA,Gasoline,Rear-wheel drive,3,2490,6,282.0,4550,20.0,32.2
1890,2009,Asia,Diesel,Front-wheel drive,4,2190,5,229.0,4050,19.4,30.9
1891,2003,USA,Diesel,All-wheel drive,5,2190,6,290.0,4170,16.9,28.8
1892,2020,Europe,Gasoline,Front-wheel drive,2,2210,6,246.0,4200,18.9,33.2
1893,2000,Europe,Gasoline,Front-wheel drive,2,2170,6,232.0,4280,18.8,28.2
1894,1993,USA,Gasoline,Front-wheel drive,4,2250,6,263.0,4360,16.8,28.2
1895,2016,Asia,Gasoline,Front-wheel drive,3,2280,6,246.0,4100,16.8,33.9
1896,2019,Asia,Gasoline,Rear-wheel drive,2,1810,5,209.0,3760,17.5,35.4
1897,1985,USA,Gasoline,Rear-wheel drive,3,2110,5,244.0,4260,17.0,26.8
1898,2017,Europe,Diesel,Front-wheel drive,4,2350,6,247.0,4260,20.0,34.1
1899,2010,USA,Gasoline,Front-wheel drive,5,2340,6,267.0,4420,18.1,29.9
1900,1977,USA,Gasoline,Rear-wheel drive,3,2410,6,240.0,4480,20.6,25.2
1901,1982,USA,Gasoline,All-wheel drive,4,2200,6,,4570,20.1,24.7
1902,1992,USA,Gasoline,Rear-wheel drive,5,2430,6,269.0,4720,18.4,25.5
1903,2008,Asia,Gasoline,Rear-wheel drive,2,2380,6,247.0,4470,18.8,31.1
1904,1975,USA,Gasoline,Front-wheel drive,4,2170,6,,4140,17.7,28.0
1905,2020,USA,Gasoline,Rear-wheel drive,5,1790,6,223.0,4240,18.2,31.5
1906,1984,USA,Gasoline,Front-wheel drive,5,2280,6,242.0,4190,19.5,30.7
1907,1990,Europe,Gasoline,Front-wheel drive,3,2360,6,268.0,4170,,26.9
1908,2012,USA,Gasoline,Front-wheel drive,5,2390,6,257.0,4370,19.1,29.4
1909,2020,Asia,Gasoline,Front-wheel drive,4,2300,6,256.0,4140,19.0,32.1
1910,2011,Asia,Gasoline,Front-wheel drive,3,2270,6,251.0,3950,19.2,31.1
1911,1990,USA,Gasoline,Front-wheel drive,3,2460,6,258.0,4330,18.0,25.9
1912,2018,USA,Gasoline,Front-wheel drive,4,2030,6,201.0,4090,19.2,32.2
1913,1984,USA,Diesel,Rear-wheel drive,3,2220,6,,4170,19.4,26.7
1914,2022,Europe,Gasoline,Rear-wheel drive,2,1980,6,232.0,4150,19.4,30.3
1915,2022,USA,Gasoline,Rear-wheel drive,2,2050,6,224.0,4060,17.5,32.0
1916,1981,Asia,Gasoline,Front-wheel drive,2,2260,6,,4060,18.0,27.8
1917,2019,USA,Gasoline,All-wheel drive,5,2260,7,270.0,4730,19.2,27.9
1918,2000,Asia,Gasoline,Front-wheel drive,4,2240,6,236.0,4020,18.3,31.9
1919,2008,Asia,Gasoline,Rear-wheel drive,4,2250,6,245.0,4230,18.2,28.7
1920,1992,Europe,Gasoline,Front-wheel drive,3,2550,7,276.0,4120,17.2,26.0
1921,1979,Europe,Gasoline,Front-wheel drive,3,1970,6,238.0,3900,19.4,28.5
1922,1981,USA,Gasoline,Front-wheel drive,5,2080,6,232.0,4040,21.4,30.5
1923,2020,Asia,Diesel,Front-wheel drive,4,2180,6,268.0,4140,19.3,35.1
1924,2009,Europe,Gasoline,Front-wheel drive,3,2150,6,227.0,4030,19.4,31.4
1925,1987,Europe,Gasoline,Rear-wheel drive,4,2070,6,224.0,4180,18.5,28.7
1926,2015,Asia,Gasoline,Front-wheel drive,4,1970,5,,4240,18.5,30.9
1927,2006,Europe,Gasoline,Front-wheel drive,4,2210,6,251.0,4380,20.9,28.1
1928,1999,Europe,Gasoline,Rear-wheel drive,3,2310,6,238.0,4570,18.2,24.5
1929,1985,USA,Diesel,All-wheel drive,2,2130,6,263.0,4090,18.6,26.8
1930,1997,Europe,Gasoline,All-wheel drive,3,2140,6,250.0,3980,16.2,28.9
1931,2009,Asia,Diesel,All-wheel drive,4,2350,6,268.0,4760,18.0,33.0
1932,1980,USA,Diesel,Rear-wheel drive,5,2080,6,254.0,4250,19.6,27.2
1933,2008,Asia,Gasoline,Front-wheel drive,4,2250,6,233.0,3950,19.5,34.4
1934,2021,Asia,Gasoline,Rear-wheel drive,3,2240,6,234.0,4340,20.5,33.0
1935,1994,USA,Gasoline,Rear-wheel drive,3,2620,7,266.0,4740,20.2,25.2
1936,1985,Europe,Gasoline,Rear-wheel drive,3,2130,6,237.0,4220,,30.4
1937,1977,Europe,Gasoline,Rear-wheel drive,4,2010,6,,4420,20.9,26.5
1938,2005,Asia,Gasoline,Rear-wheel drive,4,2100,6,232.0,4110,20.5,31.2
1939,1990,USA,Gasoline,Front-wheel drive,4,2350,6,263.0,4500,19.7,26.1
1940,1989,Asia,Diesel,Rear-wheel drive,4,2160,5,237.0,4320,18.5,30.9
1941,1999,Europe,Gasoline,Front-wheel drive,3,2280,6,244.0,4380,19.0,30.5
1942,1978,Europe,Gasoline,Front-wheel drive,5,2220,6,,4250,17.7,30.0
1943,2016,Europe,Gasoline,Front-wheel drive,2,2200,6,249.0,4040,20.2,29.6
1944,2005,Europe,Gasoline,Rear-wheel drive,3,2270,7,239.0,4360,19.4,31.4
1945,2024,Asia,Gasoline,Rear-wheel drive,3,2210,6,236.0,4390,18.0,33.2
1946,1976,USA,Gasoline,Front-wheel drive,2,2160,5,244.0,4230,17.6,27.6
1947,1976,Europe,Gasoline,Front-wheel drive,2,2170,6,241.0,4130,18.8,27.6
1948,2001,Europe,Gasoline,All-wheel drive,4,2250,6,253.0,4300,20.4,28.3
1949,1977,Asia,Diesel,Front-wheel drive,5,2470,6,273.0,4250,18.9,31.3
1950,2020,Europe,Diesel,Front-wheel drive,4,2230,6,243.0,4280,20.1,33.3
1951,2021,Europe,Gasoline,Front-wheel drive,2,2360,6,279.0,3910,18.6,31.3
1952,2000,Asia,Diesel,All-wheel drive,5,2270,6,276.0,4490,16.9,33.9
1953,1998,Europe,Gasoline,All-wheel drive,3,2100,6,229.0,4280,19.4,31.3
1954,1999,Asia,Diesel,Front-wheel drive,2,1940,5,231.0,3960,18.8,35.4
1955,1985,USA,Diesel,All-wheel drive,2,1780,5,231.0,4030,19.2,28.3
1956,1989,Asia,Gasoline,Front-wheel drive,3,2480,7,274.0,4410,18.4,30.1
1957,2009,Europe,Gasoline,Rear-wheel drive,4,2270,6,220.0,4300,20.0,31.6
1958,1984,Asia,Gasoline,Front-wheel drive,5,2370,6,246.0,4340,19.0,25.7
1959,1976,Europe,Hybrid,Front-wheel drive,3,2370,6,265.0,4420,20.4,31.4
1960,1983,USA,Gasoline,Front-wheel drive,3,2050,6,232.0,4120,19.6,26.5
1961,2021,USA,Gasoline,Rear-wheel drive,4,2060,5,230.0,4220,17.9,32.9
1962,1985,Europe,Hybrid,All-wheel drive,4,2270,6,249.0,4400,19.7,30.2
1963,2015,USA,Gasoline,Front-wheel drive,2,2470,7,279.0,4480,17.7,30.7
1964,1993,Asia,Gasoline,Rear-wheel drive,3,2550,6,279.0,4460,16.7,25.8
1965,1986,Asia,Hybrid,Front-wheel drive,5,2290,6,239.0,4200,19.8,33.0
1966,2021,USA,Gasoline,Front-wheel drive,4,2140,6,253.0,4150,17.3,32.1
1967,2021,Asia,Gasoline,Front-wheel drive,3,2290,6,248.0,4140,18.3,31.4
1968,1986,Europe,Gasoline,Rear-wheel drive,4,2310,6,257.0,4370,18.4,27.6
1969,2002,Asia,Gasoline,Rear-wheel drive,3,2130,6,212.0,4240,20.0,29.6
1970,1989,USA,Gasoline,Rear-wheel drive,4,2030,6,220.0,4560,21.2,30.2
1971,1990,USA,Gasoline,Front-wheel drive,5,2330,6,271.0,4430,20.0,27.0
1972,2014,USA,Gasoline,All-wheel drive,4,2070,6,263.0,4310,18.9,29.8
1973,1984,USA,Gasoline,All-wheel drive,3,2010,6,264.0,4300,15.8,26.4
1974,2020,USA,Gasoline,Rear-wheel drive,4,2280,6,276.0,4380,20.4,32.6
1975,1975,USA,Gasoline,Rear-wheel drive,3,2480,6,270.0,4660,17.9,22.9
1976,2008,Asia,Gasoline,Front-wheel drive,2,2040,6,213.0,3810,20.8,32.8
1977,1984,Europe,Gasoline,All-wheel drive,2,2190,6,258.0,4320,17.5,29.8
1978,1997,Asia,Gasoline,All-wheel drive,5,2260,5,220.0,4410,19.7,27.4
1979,2014,Europe,Gasoline,Rear-wheel drive,4,2110,6,232.0,4210,18.5,31.2
1980,1982,Europe,Gasoline,Rear-wheel drive,3,2050,6,227.0,4130,20.8,25.9
1981,2012,USA,Diesel,Front-wheel drive,3,2300,6,257.0,4030,15.7,31.5
1982,1978,Europe,Gasoline,All-wheel drive,3,2160,6,262.0,4240,19.4,28.3
1983,2021,Europe,Diesel,Rear-wheel drive,5,2440,6,276.0,4500,20.1,33.3
1984,2020,Asia,Gasoline,Front-wheel drive,3,2220,6,224.0,3820,19.1,35.1
1985,1984,Europe,Diesel,All-wheel drive,3,2520,6,271.0,4790,,28.9
1986,1988,Asia,Gasoline,Front-wheel drive,4,2140,6,228.0,4000,17.9,29.4
1987,1975,USA,Gasoline,Rear-wheel drive,4,1910,5,,3990,19.5,26.5
1988,2009,USA,Gasoline,Front-wheel drive,4,2640,7,283.0,4830,20.0,25.1
1989,1980,Europe,Gasoline,Rear-wheel drive,4,2190,6,,3860,18.1,27.0
1990,2020,Europe,Diesel,Rear-wheel drive,4,2300,6,254.0,4310,,32.3
1991,2008,USA,Diesel,Rear-wheel drive,2,2220,6,273.0,4350,19.9,30.7
1992,2002,Europe,Hybrid,Front-wheel drive,3,2220,6,251.0,3990,16.4,34.8
1993,1981,Europe,Gasoline,Front-wheel drive,4,2060,6,229.0,3960,18.0,30.3
1994,1992,USA,Gasoline,Front-wheel drive,3,2340,6,266.0,4230,20.7,30.0
1995,1976,Europe,Gasoline,Rear-wheel drive,4,2390,6,,4090,16.9,29.6
1996,1999,USA,Gasoline,All-wheel drive,4,2110,6,252.0,4270,19.4,28.0
1997,1983,Asia,Diesel,Rear-wheel drive,3,1960,6,226.0,4240,17.8,27.7
1998,2021,USA,Hybrid,Rear-wheel drive,4,2330,6,278.0,4480,17.5,32.9
1999,1981,Europe,Hybrid,Front-wheel drive,3,2400,7,279.0,4360,18.9,33.3
2000,2001,Europe,Gasoline,Front-wheel drive,4,1860,6,225.0,3860,18.1,33.4
2001,2023,USA,Gasoline,Front-wheel drive,4,1840,5,198.0,3790,17.4,34.8
2002,1987,USA,Diesel,Rear-wheel drive,3,2320,6,276.0,4500,19.7,28.3
2003,1983,USA,Gasoline,Front-wheel drive,3,2240,6,276.0,4300,17.8,26.4
2004,2015,USA,Gasoline,Front-wheel drive,4,2450,7,268.0,4670,17.4,29.5
2005,2017,Europe,Gasoline,All-wheel drive,2,1980,6,246.0,4040,20.0,30.5
2006,2005,Asia,Gasoline,Front-wheel drive,3,2360,6,250.0,4130,18.2,33.2
2007,1993,Asia,Gasoline,Front-wheel drive,3,2320,6,245.0,4210,19.3,27.9
2008,1979,Asia,Gasoline,Front-wheel drive,4,1940,5,212.0,3670,20.2,28.1
2009,2001,Europe,Gasoline,Front-wheel drive,4,2120,6,241.0,4090,19.4,30.0
2010,2010,Europe,Gasoline,Front-wheel drive,5,2340,6,247.0,4250,16.7,32.3
2011,2000,USA,Gasoline,Front-wheel drive,3,2340,6,283.0,4350,17.7,27.1
2012,2017,Europe,Gasoline,All-wheel drive,4,2440,7,254.0,4690,,29.4
2013,2004,USA,Gasoline,Front-wheel drive,2,2290,6,261.0,4360,19.6,28.8
2014,1976,Asia,Gasoline,Front-wheel drive,3,2360,6,,4210,16.4,26.2
2015,2024,Europe,Diesel,Rear-wheel drive,3,2490,7,289.0,4330,,32.8
2016,1990,USA,Gasoline,Rear-wheel drive,5,2780,7,326.0,5200,20.3,25.8
2017,1997,Asia,Gasoline,Front-wheel drive,2,2420,6,,4160,16.7,28.8
2018,2015,Asia,Gasoline,Front-wheel drive,3,1860,5,191.0,3730,16.9,34.8
2019,2004,USA,Diesel,All-wheel drive,2,2630,7,313.0,4640,18.7,26.7
2020,2003,Europe,Gasoline,Front-wheel drive,4,2130,6,244.0,4050,18.4,30.8
2021,1989,USA,Hybrid,Front-wheel drive,2,2310,7,283.0,4600,19.4,29.8
2022,2006,Asia,Gasoline,Front-wheel drive,2,2020,5,208.0,3870,17.7,30.6
2023,1996,Europe,Gasoline,Front-wheel drive,3,2100,6,218.0,3970,18.8,31.4
2024,2003,USA,Gasoline,Front-wheel drive,5,2290,6,297.0,4450,17.7,29.3
2025,1993,Europe,Gasoline,Front-wheel drive,5,2160,6,241.0,4050,19.2,30.1
2026,2018,Europe,Gasoline,Rear-wheel drive,5,2210,6,229.0,4390,15.8,34.0
2027,2003,USA,Hybrid,All-wheel drive,2,2220,6,253.0,4400,18.7,30.0
2028,1980,USA,Hybrid,Front-wheel drive,3,2640,6,278.0,4450,19.5,29.0
2029,1987,Asia,Gasoline,Rear-wheel drive,3,2020,5,211.0,4190,21.0,28.5
2030,2020,USA,Gasoline,All-wheel drive,3,2050,6,245.0,4440,19.2,30.9
2031,2023,USA,Gasoline,Front-wheel drive,4,2240,6,261.0,4240,18.5,33.4
2032,2019,USA,Gasoline,Front-wheel drive,5,2010,5,208.0,4090,18.6,32.8
2033,1998,USA,Gasoline,All-wheel drive,4,2420,6,271.0,4450,21.6,26.1
2034,1998,Asia,Gasoline,Rear-wheel drive,4,2450,6,273.0,4410,18.3,29.9
2035,2016,USA,Gasoline,Front-wheel drive,5,2400,6,273.0,4340,16.6,31.1
2036,2010,USA,Diesel,All-wheel drive,4,2270,6,268.0,4740,20.3,27.4
2037,2009,Europe,Gasoline,Front-wheel drive,4,2290,6,273.0,4280,,30.5
2038,2006,USA,Gasoline,Rear-wheel drive,4,2330,6,269.0,4640,19.6,26.7
2039,1976,Asia,Gasoline,All-wheel drive,5,2180,6,,4460,18.7,28.8
2040,1985,Europe,Gasoline,Front-wheel drive,3,2220,6,243.0,4050,17.9,31.7
2041,2003,USA,Gasoline,Rear-wheel drive,3,2190,6,248.0,4390,21.9,29.0
2042,1979,USA,Hybrid,Front-wheel drive,4,2010,5,,4010,18.1,31.6
2043,1988,USA,Gasoline,Front-wheel drive,5,1980,6,254.0,4170,19.4,28.3
2044,1986,Asia,Hybrid,All-wheel drive,4,1840,5,209.0,3700,18.3,32.4
2045,2007,USA,Gasoline,All-wheel drive,5,2540,7,301.0,4910,18.1,26.8
2046,2003,Europe,Gasoline,Front-wheel drive,3,2230,6,247.0,4270,19.9,31.1
2047,2016,Asia,Gasoline,Front-wheel drive,4,2330,6,250.0,4210,20.5,32.8
2048,1987,Asia,Gasoline,All-wheel drive,4,1910,6,230.0,4330,17.6,24.5
2049,1984,Europe,Diesel,Front-wheel drive,2,2090,5,,4130,20.0,29.8
2050,1995,Asia,Hybrid,Front-wheel drive,3,2480,6,297.0,4360,18.4,32.7
2051,2018,USA,Gasoline,All-wheel drive,4,2560,7,306.0,4890,18.3,28.0
2052,2014,Europe,Diesel,All-wheel drive,3,2340,6,276.0,4370,,30.3
2053,2016,USA,Gasoline,Rear-wheel drive,5,2160,6,220.0,4370,18.9,34.4
2054,1977,USA,Hybrid,All-wheel drive,2,2290,6,277.0,4520,19.6,27.9
2055,2019,Europe,Hybrid,Front-wheel drive,5,2290,6,241.0,4360,19.5,38.4
2056,2000,USA,Gasoline,All-wheel drive,5,2040,6,231.0,4400,20.7,26.9
2057,1982,USA,Diesel,Rear-wheel drive,4,2700,7,311.0,4960,19.6,26.0
2058,2006,USA,Gasoline,Rear-wheel drive,3,2740,8,334.0,5040,20.8,27.3
2059,1992,Asia,Gasoline,Front-wheel drive,3,2250,6,252.0,4140,19.9,31.8
2060,2017,Europe,Gasoline,Rear-wheel drive,3,2630,6,297.0,4520,,28.7
2061,1996,USA,Gasoline,Front-wheel drive,4,2170,6,243.0,4050,18.5,30.3
2062,1995,USA,Gasoline,All-wheel drive,4,2480,7,299.0,4680,17.9,25.9
2063,2009,USA,Gasoline,Rear-wheel drive,5,2170,5,250.0,4470,17.2,25.2
2064,2005,Asia,Gasoline,Front-wheel drive,3,2380,6,264.0,4300,19.0,28.1
2065,2014,Asia,Gasoline,Front-wheel drive,5,2430,6,269.0,4370,17.9,32.8
2066,1990,Europe,Gasoline,Front-wheel drive,4,2420,7,269.0,4470,20.0,29.9
2067,1980,USA,Diesel,Rear-wheel drive,2,2360,7,266.0,4530,20.7,28.8
2068,2008,Asia,Gasoline,Front-wheel drive,4,2580,7,270.0,4650,18.5,28.9
2069,1982,USA,Diesel,Rear-wheel drive,5,2410,7,282.0,4740,18.0,25.2
2070,2004,Europe,Gasoline,Front-wheel drive,3,2430,6,254.0,4110,18.8,30.3
2071,2023,USA,Gasoline,All-wheel drive,5,2060,6,243.0,4260,19.3,27.2
2072,1981,Europe,Diesel,Front-wheel drive,4,2030,6,245.0,4080,19.1,34.7
2073,2009,Europe,Gasoline,Front-wheel drive,4,2480,7,279.0,4390,17.9,28.9
2074,2012,USA,Gasoline,Rear-wheel drive,3,2130,6,218.0,4300,18.5,32.0
2075,1978,Asia,Gasoline,Front-wheel drive,3,1790,6,200.0,3790,18.7,32.0
2076,1982,Europe,Diesel,Rear-wheel drive,3,2280,6,247.0,4150,18.2,28.3
2077,2014,Asia,Gasoline,Rear-wheel drive,4,2240,6,234.0,4640,19.7,31.0
2078,1998,Asia,Gasoline,All-wheel drive,5,2160,7,252.0,4610,20.7,28.7
2079,2009,USA,Gasoline,Front-wheel drive,4,2240,6,254.0,4360,20.2,29.5
2080,2023,USA,Diesel,All-wheel drive,3,2260,6,260.0,4390,20.3,34.0
2081,1995,Asia,Diesel,Front-wheel drive,2,2080,6,241.0,3760,15.9,32.5
2082,1983,Asia,Diesel,Rear-wheel drive,4,2350,6,279.0,4700,20.0,29.9
2083,1990,Asia,Gasoline,Front-wheel drive,3,2220,6,264.0,4020,18.3,29.6
2084,1995,USA,Gasoline,Front-wheel drive,4,2330,6,273.0,4560,19.6,27.0
2085,2004,USA,Gasoline,Front-wheel drive,3,2390,6,267.0,4310,19.7,28.9
2086,2003,Europe,Gasoline,Front-wheel drive,4,2230,6,253.0,4320,19.2,32.5
2087,2012,Asia,Gasoline,Rear-wheel drive,3,2190,6,236.0,4010,19.3,34.5
2088,1981,Europe,Hybrid,Front-wheel drive,2,2470,6,270.0,4120,20.0,32.2
2089,2013,USA,Gasoline,Front-wheel drive,5,2670,7,298.0,4560,19.0,26.8
2090,1999,Asia,Gasoline,Front-wheel drive,5,2340,6,242.0,4520,17.4,28.6
2091,1983,USA,Diesel,Rear-wheel drive,4,2140,6,274.0,4500,20.3,29.0
2092,1989,USA,Diesel,Front-wheel drive,5,2310,6,266.0,4320,18.3,27.2
2093,1997,Asia,Gasoline,Rear-wheel drive,3,2340,6,276.0,4340,18.0,28.4
2094,1985,Europe,Hybrid,All-wheel drive,4,2230,6,238.0,4550,18.8,26.0
2095,2022,USA,Gasoline,Front-wheel drive,3,2040,6,237.0,3890,16.0,31.9
2096,1988,USA,Gasoline,Front-wheel drive,4,2410,6,272.0,4780,20.4,26.5
2097,2022,USA,Gasoline,Front-wheel drive,4,2360,6,261.0,4470,19.7,30.7
2098,2004,USA,Gasoline,Front-wheel drive,2,1930,5,228.0,3700,18.3,34.7
2099,2000,Asia,Gasoline,All-wheel drive,3,2400,7,250.0,4620,19.3,29.6
2100,1984,Asia,Diesel,Rear-wheel drive,3,2010,5,254.0,3950,19.5,28.6
2101,2013,USA,Gasoline,Front-wheel drive,4,2330,6,275.0,4370,18.0,27.1
2102,1988,Europe,Gasoline,Front-wheel drive,4,2350,6,264.0,4250,16.3,29.1
2103,1984,USA,Diesel,Front-wheel drive,4,2090,6,262.0,4190,19.4,29.3
2104,2008,USA,Gasoline,Rear-wheel drive,3,2230,6,266.0,4660,20.5,28.7
2105,2013,USA,Gasoline,All-wheel drive,2,2430,6,,4440,18.1,28.6
2106,1981,Asia,Gasoline,Rear-wheel drive,4,2090,5,229.0,4060,19.2,27.9
2107,1995,USA,Gasoline,Front-wheel drive,4,2040,5,241.0,4060,18.1,26.9
2108,2018,Asia,Gasoline,Front-wheel drive,2,2380,6,263.0,4070,19.0,34.7
2109,1978,USA,Diesel,Rear-wheel drive,2,2270,6,279.0,4270,17.8,29.7
2110,1982,USA,Hybrid,Front-wheel drive,2,2160,6,262.0,4140,18.0,31.9
2111,2023,Europe,Gasoline,Front-wheel drive,3,2320,7,287.0,4040,18.0,31.6
2112,1976,USA,Gasoline,Front-wheel drive,5,2350,6,293.0,4140,18.2,24.7
2113,1985,Europe,Gasoline,Front-wheel drive,5,2260,6,261.0,3960,18.5,29.1
2114,2010,Europe,Gasoline,Front-wheel drive,3,2660,6,269.0,4400,18.6,29.6
2115,2024,Europe,Diesel,All-wheel drive,2,2080,5,256.0,4100,17.7,31.7
2116,2018,Asia,Gasoline,All-wheel drive,5,1840,5,206.0,3770,18.4,30.3
2117,2017,Asia,Gasoline,Rear-wheel drive,3,2090,6,234.0,4140,21.6,33.0
2118,1994,Europe,Gasoline,Front-wheel drive,5,2450,6,254.0,4290,17.8,27.2
2119,1979,Europe,Gasoline,Rear-wheel drive,5,2500,6,,4480,19.3,26.6
2120,2017,USA,Hybrid,Front-wheel drive,3,2150,6,263.0,4020,17.5,34.3
2121,2012,Asia,Gasoline,Front-wheel drive,2,2260,6,244.0,4220,20.8,32.2
2122,2001,Asia,Gasoline,Rear-wheel drive,5,2380,6,250.0,4310,18.2,30.3
2123,2019,Asia,Gasoline,Rear-wheel drive,2,1860,5,205.0,3740,17.5,37.6
2124,1986,USA,Gasoline,Rear-wheel drive,3,2450,6,267.0,4700,19.3,24.8
2125,2007,USA,Hybrid,Rear-wheel drive,2,2330,6,255.0,4500,18.8,34.4
2126,1988,USA,Diesel,All-wheel drive,5,2280,6,270.0,4680,20.1,28.1
2127,1985,Europe,Gasoline,All-wheel drive,4,2350,6,258.0,4690,18.4,24.6
2128,2002,USA,Gasoline,Front-wheel drive,5,2220,6,257.0,4430,17.0,29.8
2129,1988,Asia,Gasoline,All-wheel drive,3,2270,6,239.0,4690,17.6,29.0
2130,2001,Asia,Diesel,Front-wheel drive,4,2190,6,257.0,4140,16.7,31.7
2131,2010,USA,Diesel,Front-wheel drive,4,2390,6,284.0,4290,18.3,36.1
2132,1991,USA,Gasoline,All-wheel drive,4,2430,6,266.0,4770,19.8,26.8
2133,2005,USA,Gasoline,Front-wheel drive,3,2430,6,262.0,4320,18.5,29.1
2134,1986,USA,Gasoline,Rear-wheel drive,2,2360,6,274.0,4320,19.8,29.0
2135,1994,USA,Gasoline,Rear-wheel drive,4,2180,6,259.0,4340,19.0,26.8
2136,1991,Asia,Hybrid,Front-wheel drive,3,2500,7,279.0,4110,18.5,33.1
2137,2001,USA,Diesel,All-wheel drive,3,2200,6,264.0,4250,19.3,28.9
2138,2012,USA,Hybrid,All-wheel drive,3,2300,6,240.0,4420,20.8,34.5
2139,1987,USA,Gasoline,Front-wheel drive,4,2290,6,254.0,4330,20.3,27.3
2140,2011,Asia,Gasoline,Front-wheel drive,2,2090,6,219.0,4030,18.2,34.0
2141,1990,USA,Gasoline,Rear-wheel drive,3,2180,6,240.0,4470,20.1,26.6
2142,2010,Asia,Diesel,Rear-wheel drive,4,2010,6,221.0,3870,19.3,31.9
2143,2015,USA,Gasoline,Rear-wheel drive,4,2200,6,243.0,4440,19.0,30.8
2144,2005,USA,Gasoline,Rear-wheel drive,4,2530,7,290.0,4650,18.6,26.8
2145,1978,USA,Diesel,Rear-wheel drive,3,2160,6,290.0,4460,21.3,30.1
2146,1995,Europe,Gasoline,Front-wheel drive,3,2100,6,,4030,,29.7
2147,2008,USA,Gasoline,All-wheel drive,3,2370,6,258.0,4530,21.4,29.6
2148,2014,Europe,Gasoline,Rear-wheel drive,4,2000,6,214.0,4030,18.6,34.8
2149,2022,USA,Diesel,Front-wheel drive,3,2180,6,268.0,4030,16.2,32.2
2150,1990,Europe,Gasoline,Front-wheel drive,4,2060,6,235.0,4090,,29.6
2151,1993,Europe,Diesel,All-wheel drive,3,2520,6,300.0,4620,20.0,28.9
2152,1999,Asia,Hybrid,Front-wheel drive,5,2080,6,226.0,4220,19.7,36.5
2153,1983,Asia,Gasoline,Front-wheel drive,3,2330,7,,4230,17.7,26.6
2154,2024,Europe,Gasoline,Rear-wheel drive,3,2290,6,235.0,4210,17.9,32.5
2155,1983,Europe,Gasoline,Front-wheel drive,4,2630,7,,4890,20.8,27.0
2156,1995,Asia,Diesel,Rear-wheel drive,4,2530,6,291.0,4530,19.3,31.9
2157,2001,Europe,Gasoline,Rear-wheel drive,5,2260,6,250.0,4450,18.6,31.8
2158,2013,USA,Gasoline,Rear-wheel drive,5,2270,6,252.0,4650,17.6,29.1
2159,2021,USA,Gasoline,Front-wheel drive,4,2420,6,266.0,4390,18.6,28.9
2160,2011,Asia,Diesel,Front-wheel drive,5,2520,6,266.0,4610,17.4,34.1
2161,2019,Asia,Gasoline,All-wheel drive,3,2500,7,269.0,4810,19.4,28.4
2162,2000,Europe,Gasoline,Rear-wheel drive,4,2370,6,249.0,4360,21.3,28.5
2163,2022,Asia,Gasoline,Rear-wheel drive,5,2430,7,290.0,4420,18.2,31.8
2164,1998,Asia,Gasoline,Front-wheel drive,5,2070,6,252.0,4140,18.9,34.0
2165,1995,Europe,Gasoline,Front-wheel drive,3,2130,5,226.0,4010,19.3,32.7
2166,2013,USA,Hybrid,Rear-wheel drive,3,2390,6,276.0,4590,19.2,32.4
2167,2001,Asia,Diesel,Rear-wheel drive,4,1820,5,203.0,3880,18.8,32.8
2168,1980,Asia,Gasoline,Rear-wheel drive,3,2280,6,242.0,4410,19.6,28.6
2169,2015,Europe,Gasoline,Front-wheel drive,4,2300,6,259.0,3870,18.5,33.5
2170,1998,USA,Gasoline,All-wheel drive,2,2190,6,242.0,4270,18.6,25.5
2171,2015,USA,Gasoline,Front-wheel drive,2,2040,6,231.0,4020,18.2,29.8
2172,1990,Asia,Gasoline,Rear-wheel drive,4,2140,6,232.0,4200,19.6,33.5
2173,1994,USA,Gasoline,Front-wheel drive,4,2140,5,239.0,3980,20.0,28.2
2174,2020,USA,Diesel,Front-wheel drive,4,2300,6,279.0,4490,18.8,30.2
2175,1996,Asia,Gasoline,Front-wheel drive,4,2320,6,240.0,4010,16.7,31.4
2176,1977,Europe,Gasoline,Front-wheel drive,3,1990,6,226.0,3980,22.9,27.9
2177,1995,USA,Gasoline,All-wheel drive,3,2650,7,299.0,4890,19.9,24.9
2178,2015,USA,Diesel,Front-wheel drive,3,2040,6,256.0,4040,20.7,33.8
2179,2000,Asia,Gasoline,All-wheel drive,5,2420,6,257.0,4550,20.8,28.8
2180,1990,Asia,Gasoline,Rear-wheel drive,2,2550,6,257.0,4890,21.6,29.2
2181,2016,Asia,Hybrid,Front-wheel drive,3,2320,6,241.0,4020,18.9,39.2
2182,2006,USA,Diesel,All-wheel drive,4,2380,6,278.0,4770,19.2,28.3
2183,2013,Europe,Gasoline,Front-wheel drive,3,1910,6,212.0,4030,16.7,33.7
2184,1987,Europe,Gasoline,Front-wheel drive,2,2190,6,235.0,4020,17.6,25.5
2185,1979,Asia,Gasoline,Front-wheel drive,2,2110,6,235.0,3860,18.4,30.0
2186,1989,USA,Diesel,Rear-wheel drive,2,2200,5,263.0,4040,15.6,29.2
2187,1984,USA,Hybrid,All-wheel drive,2,2010,5,,4010,17.1,30.5
2188,1984,USA,Diesel,Front-wheel drive,3,2350,6,292.0,4050,18.7,31.0
2189,1989,Asia,Diesel,Rear-wheel drive,2,2160,6,252.0,4130,17.6,30.0
2190,2003,USA,Hybrid,Front-wheel drive,4,2290,6,256.0,4480,19.2,28.4
2191,2024,Europe,Hybrid,All-wheel drive,3,2350,6,240.0,4680,21.0,33.8
2192,2008,Europe,Diesel,Front-wheel drive,2,2130,6,244.0,3920,19.2,31.4
2193,1984,USA,Gasoline,Rear-wheel drive,4,2450,7,278.0,4580,18.2,23.3
2194,2011,USA,Diesel,Front-wheel drive,4,2130,6,259.0,4170,15.9,30.7
2195,2013,USA,Gasoline,Front-wheel drive,4,2230,6,258.0,4380,19.2,31.2
2196,1999,Asia,Gasoline,Rear-wheel drive,3,2090,6,229.0,4140,19.8,28.9
2197,1993,USA,Gasoline,Front-wheel drive,3,2080,6,239.0,4140,17.7,30.0
2198,2007,Asia,Gasoline,Front-wheel drive,3,2080,5,220.0,4010,20.4,29.6
2199,2004,Asia,Gasoline,Front-wheel drive,5,2310,6,246.0,4380,19.7,31.6
2200,1982,Europe,Gasoline,Front-wheel drive,3,2020,5,,3890,19.3,29.1
2201,2024,USA,Gasoline,Front-wheel drive,4,2510,7,269.0,4740,19.5,29.8
2202,2023,Asia,Gasoline,All-wheel drive,2,2650,7,271.0,4870,19.7,26.3
2203,2019,Europe,Gasoline,Rear-wheel drive,5,2130,5,235.0,4260,19.8,32.2
2204,2012,USA,Gasoline,Front-wheel drive,4,2560,7,282.0,4470,14.6,30.4
2205,2004,USA,Diesel,Front-wheel drive,2,1990,5,250.0,3920,17.9,33.4
2206,2010,USA,Hybrid,Rear-wheel drive,4,2290,6,279.0,4660,21.6,31.4
2207,1994,Asia,Gasoline,All-wheel drive,4,2250,6,234.0,4110,21.4,27.6
2208,2021,USA,Diesel,Front-wheel drive,3,1920,5,228.0,3730,19.6,31.4
2209,2007,Europe,Gasoline,Front-wheel drive,5,2180,7,241.0,4190,17.1,31.8
2210,1989,Europe,Hybrid,Rear-wheel drive,4,2330,5,225.0,4340,,33.9
2211,1985,Europe,Gasoline,Front-wheel drive,4,2470,6,259.0,4300,,28.6
2212,1983,USA,Gasoline,All-wheel drive,2,2170,6,255.0,4310,20.1,24.2
2213,1978,USA,Gasoline,Front-wheel drive,2,2340,6,257.0,4340,20.4,29.4
2214,1980,Asia,Gasoline,Front-wheel drive,5,2330,6,,4500,19.5,25.9
2215,1978,USA,Diesel,Rear-wheel drive,3,2430,6,,4370,16.9,24.9
2216,1979,Europe,Gasoline,Front-wheel drive,3,2180,6,233.0,4080,18.8,29.9
2217,1999,USA,Gasoline,Front-wheel drive,3,2430,6,270.0,4300,18.5,29.1
2218,1989,Europe,Gasoline,All-wheel drive,4,2220,6,251.0,4510,20.1,24.9
2219,2005,Europe,Gasoline,Front-wheel drive,3,2310,6,269.0,4200,15.9,33.1
2220,1993,Asia,Gasoline,All-wheel drive,4,2540,6,267.0,4650,20.9,29.0
2221,1985,Europe,Gasoline,All-wheel drive,3,2070,6,230.0,4150,20.6,27.6
2222,1992,Europe,Hybrid,Rear-wheel drive,4,2060,6,233.0,4010,18.8,34.1
2223,2007,Asia,Hybrid,Front-wheel drive,4,2150,6,239.0,4220,17.2,36.1
2224,2000,Asia,Gasoline,Front-wheel drive,3,2410,6,224.0,4160,20.5,31.7
2225,2021,USA,Gasoline,Rear-wheel drive,2,2240,6,246.0,4580,18.7,31.0
2226,2010,Asia,Gasoline,Front-wheel drive,4,2430,6,241.0,4380,16.4,31.9
2227,2011,Asia,Gasoline,All-wheel drive,2,2480,6,259.0,4280,19.5,28.0
2228,1991,Asia,Diesel,Front-wheel drive,3,2180,6,256.0,4120,18.1,30.8
2229,2017,USA,Gasoline,Front-wheel drive,3,2460,6,270.0,4370,19.5,29.1
2230,2002,Europe,Diesel,Front-wheel drive,3,2410,6,296.0,4220,,33.3
2231,1981,Europe,Gasoline,Front-wheel drive,3,2080,6,,3950,18.1,29.2
2232,1999,USA,Gasoline,All-wheel drive,3,2240,6,249.0,4390,20.3,29.3
2233,1978,USA,Hybrid,Rear-wheel drive,3,2140,5,,4300,18.0,28.1
2234,2001,USA,Gasoline,All-wheel drive,3,2270,6,251.0,4380,16.3,29.0
2235,2019,USA,Diesel,Front-wheel drive,3,2420,6,296.0,4250,17.1,31.3
2236,1979,Asia,Gasoline,Front-wheel drive,2,1840,5,188.0,3330,18.2,31.1
2237,1992,Europe,Diesel,All-wheel drive,5,2250,6,253.0,4590,19.0,29.9
2238,2012,USA,Diesel,Front-wheel drive,5,2140,6,263.0,4090,18.0,34.3
2239,1977,Asia,Gasoline,Rear-wheel drive,4,2470,6,282.0,4420,22.5,27.9
2240,1990,Europe,Gasoline,Front-wheel drive,3,2290,6,279.0,4070,,30.2
2241,1989,USA,Gasoline,Front-wheel drive,3,2320,6,274.0,4200,17.1,28.5
2242,2016,USA,Gasoline,Front-wheel drive,2,2050,6,246.0,4250,18.6,31.8
2243,1985,USA,Gasoline,Rear-wheel drive,3,2180,6,266.0,4400,19.0,24.6
2244,1977,Europe,Gasoline,Front-wheel drive,4,2100,5,216.0,3910,20.8,28.3
2245,2003,USA,Diesel,Front-wheel drive,4,2360,6,270.0,4520,22.1,31.4
2246,1990,Europe,Hybrid,All-wheel drive,3,2260,6,232.0,4530,18.5,32.2
2247,1998,Asia,Gasoline,Front-wheel drive,4,2210,7,,4240,17.9,29.7
2248,1977,USA,Gasoline,Rear-wheel drive,2,2270,6,250.0,4500,18.8,23.2
2249,2000,USA,Hybrid,Rear-wheel drive,2,2450,7,282.0,4500,18.4,32.4
2250,2019,Asia,Gasoline,All-wheel drive,4,2110,6,223.0,4480,19.4,31.2
2251,1982,USA,Gasoline,Front-wheel drive,3,2350,6,,4440,18.5,25.8
2252,2007,USA,Diesel,Rear-wheel drive,4,2510,7,305.0,4800,18.7,26.7
2253,2002,Asia,Gasoline,Front-wheel drive,5,1980,5,214.0,3960,18.4,29.3
2254,2005,USA,Diesel,Rear-wheel drive,3,2360,6,285.0,4430,17.6,30.4
2255,2021,USA,Gasoline,All-wheel drive,4,2160,6,251.0,4520,19.4,28.1
2256,2020,Asia,Hybrid,Front-wheel drive,3,2040,5,230.0,3770,18.9,37.0
2257,2010,USA,Gasoline,All-wheel drive,4,2410,6,242.0,4730,18.2,27.8
2258,2005,Asia,Gasoline,All-wheel drive,4,2180,6,252.0,4300,18.9,30.2
2259,1985,Europe,Diesel,Front-wheel drive,3,2110,6,225.0,4040,19.5,31.9
2260,1990,USA,Gasoline,Front-wheel drive,4,2180,6,270.0,4070,18.7,27.2
2261,1998,USA,Gasoline,Front-wheel drive,4,2060,6,232.0,4180,19.7,28.2
2262,2011,Asia,Hybrid,Front-wheel drive,4,2270,6,252.0,4290,19.4,33.7
2263,1978,USA,Gasoline,Front-wheel drive,3,2410,6,,4080,17.6,25.3
2264,2022,USA,Gasoline,Front-wheel drive,3,2150,6,237.0,4210,17.9,31.2
2265,1994,Europe,Gasoline,Front-wheel drive,4,2400,6,243.0,4230,19.0,29.9
2266,2018,USA,Gasoline,Front-wheel drive,3,2320,6,255.0,4250,20.3,28.2
2267,1989,Europe,Gasoline,Rear-wheel drive,4,2220,6,248.0,4310,19.9,27.3
2268,1999,USA,Hybrid,Front-wheel drive,4,2490,6,265.0,4450,18.3,33.4
2269,2020,Europe,Gasoline,Front-wheel drive,3,1990,6,190.0,3880,20.8,37.6
2270,1996,Europe,Gasoline,All-wheel drive,3,2470,7,262.0,4500,20.1,30.2
2271,1993,Europe,Hybrid,Front-wheel drive,2,2000,5,213.0,3690,17.4,36.6
2272,1987,Europe,Gasoline,Front-wheel drive,5,2190,5,232.0,4220,21.6,26.3
2273,2010,USA,Diesel,Front-wheel drive,2,2260,6,278.0,4210,18.9,32.3
2274,2022,Europe,Gasoline,All-wheel drive,3,1950,5,187.0,4030,18.6,31.6
2275,1987,Asia,Gasoline,Front-wheel drive,4,2390,7,279.0,4450,17.5,27.0
2276,1990,Europe,Gasoline,Front-wheel drive,2,2130,6,251.0,3750,,32.5
2277,1988,USA,Gasoline,Front-wheel drive,5,2440,5,253.0,4370,20.5,28.5
2278,2005,Asia,Gasoline,Front-wheel drive,4,2190,5,241.0,4190,18.2,31.2
2279,2005,USA,Gasoline,Front-wheel drive,4,2170,6,257.0,4300,18.3,29.4
2280,2001,Europe,Hybrid,All-wheel drive,4,2410,7,247.0,4670,20.2,30.7
2281,1978,Europe,Gasoline,Rear-wheel drive,3,2170,6,,4250,19.6,28.1
2282,2018,Europe,Gasoline,Front-wheel drive,2,2360,7,280.0,4270,17.6,29.9
2283,1991,USA,Gasoline,Front-wheel drive,3,2360,7,263.0,4320,18.2,28.9
2284,2007,Europe,Diesel,Rear-wheel drive,4,1990,5,223.0,4020,16.7,32.2
2285,1982,Asia,Gasoline,Front-wheel drive,2,2330,6,279.0,3870,17.7,27.8
2286,2002,USA,Gasoline,Front-wheel drive,2,2250,6,252.0,3990,18.0,29.0
2287,2019,USA,Hybrid,Front-wheel drive,5,2430,7,273.0,4500,19.2,33.9
2288,1976,USA,Gasoline,Front-wheel drive,3,2110,6,235.0,4180,19.4,30.0
2289,1995,Asia,Gasoline,Front-wheel drive,5,2180,6,219.0,3960,19.5,29.8
2290,2020,Europe,Gasoline,Front-wheel drive,2,2230,6,235.0,3960,19.0,31.2
2291,2007,USA,Diesel,All-wheel drive,3,2090,6,,4200,18.2,31.1
2292,1979,Asia,Gasoline,Front-wheel drive,5,2420,6,262.0,4380,17.7,27.0
2293,2000,Europe,Gasoline,All-wheel drive,4,2360,6,263.0,4400,,29.7
2294,1975,USA,Gasoline,Rear-wheel drive,5,2290,6,,4430,17.6,25.1
2295,1976,USA,Gasoline,Front-wheel drive,5,2700,6,281.0,4780,18.5,27.3
2296,2003,USA,Gasoline,Front-wheel drive,4,2260,6,283.0,4560,20.2,29.9
2297,1983,Europe,Gasoline,Front-wheel drive,3,2050,6,220.0,3640,18.8,26.8
2298,2014,Asia,Hybrid,All-wheel drive,4,2180,6,223.0,4360,17.8,34.1
2299,1993,Europe,Gasoline,Front-wheel drive,2,2290,6,237.0,3930,15.9,30.7
2300,2024,Europe,Gasoline,Rear-wheel drive,3,2190,6,249.0,4140,18.0,33.1
2301,2023,USA,Gasoline,Front-wheel drive,3,2060,5,239.0,3860,18.0,32.2
2302,2010,Asia,Gasoline,Front-wheel drive,2,2060,6,249.0,4050,16.5,34.1
2303,2002,Europe,Gasoline,Rear-wheel drive,4,2150,5,223.0,4320,18.1,27.8
2304,1984,Europe,Gasoline,Front-wheel drive,2,2140,6,236.0,3890,18.6,28.8
2305,2012,USA,Diesel,Front-wheel drive,4,2260,6,269.0,4480,17.4,28.6
2306,1988,USA,Diesel,Front-wheel drive,4,2260,6,270.0,4120,20.9,28.7
2307,1975,USA,Gasoline,Front-wheel drive,2,2250,6,269.0,4000,17.7,25.4
2308,2000,USA,Hybrid,Front-wheel drive,3,1890,6,235.0,3850,18.5,34.9
2309,2011,Europe,Gasoline,All-wheel drive,4,2430,6,264.0,4390,18.9,31.6
2310,2012,Asia,Gasoline,Front-wheel drive,5,1840,5,223.0,3770,18.7,33.9
2311,1991,USA,Gasoline,Front-wheel drive,5,1890,5,210.0,4150,19.2,31.0
2312,1997,USA,Hybrid,Front-wheel drive,5,2210,6,279.0,4330,16.2,33.4
2313,2015,Asia,Gasoline,Front-wheel drive,3,2370,6,258.0,3900,18.1,34.5
2314,2023,Europe,Diesel,All-wheel drive,3,2240,6,262.0,4420,19.6,32.1
2315,1980,Europe,Gasoline,Rear-wheel drive,3,2220,5,241.0,4370,20.1,29.8
2316,2010,Europe,Gasoline,Front-wheel drive,3,2150,5,212.0,4240,20.8,34.4
2317,2011,Europe,Gasoline,All-wheel drive,3,2330,6,248.0,4430,16.1,28.3
2318,1997,Asia,Hybrid,All-wheel drive,3,2480,7,295.0,4590,21.2,31.4
2319,2006,Asia,Gasoline,Front-wheel drive,3,2190,6,239.0,4080,18.3,30.7
2320,1982,Asia,Diesel,Rear-wheel drive,2,2520,7,,4780,21.2,27.8
2321,1993,Asia,Diesel,Rear-wheel drive,5,2000,6,239.0,4130,20.0,30.9
2322,2018,Europe,Gasoline,Front-wheel drive,3,2540,6,266.0,4510,16.3,30.2
2323,2021,Europe,Gasoline,Rear-wheel drive,3,2220,6,246.0,4290,18.9,32.1
2324,2002,Asia,Gasoline,All-wheel drive,2,1930,5,216.0,4140,18.7,29.6
2325,2003,Europe,Gasoline,Front-wheel drive,5,2650,7,282.0,4720,19.3,27.2
2326,2010,USA,Gasoline,Front-wheel drive,3,2020,5,257.0,3990,18.3,31.7
2327,1976,USA,Diesel,Front-wheel drive,4,1820,5,,3710,18.2,29.5
2328,2008,USA,Hybrid,Front-wheel drive,4,2150,6,265.0,4200,18.4,34.9
2329,2017,Europe,Gasoline,Rear-wheel drive,3,2320,6,239.0,4220,18.3,31.3
2330,2001,USA,Gasoline,Front-wheel drive,3,2390,6,235.0,4510,20.1,31.3
2331,2002,USA,Gasoline,Front-wheel drive,3,2190,6,237.0,3960,18.4,31.0
2332,2014,USA,Gasoline,Front-wheel drive,2,2370,6,252.0,4350,18.7,29.1
2333,2005,USA,Gasoline,Front-wheel drive,5,2330,6,246.0,4630,20.5,30.9
2334,2013,Europe,Diesel,Front-wheel drive,3,2240,6,250.0,4270,20.8,36.5
2335,2023,Asia,Hybrid,Rear-wheel drive,4,2130,6,208.0,4410,19.2,36.7
2336,1983,USA,Gasoline,Rear-wheel drive,3,2160,6,,4270,20.1,25.3
2337,2012,Europe,Gasoline,Front-wheel drive,4,2180,6,240.0,4320,17.8,30.7
2338,2011,USA,Gasoline,Rear-wheel drive,5,2220,6,258.0,4360,18.3,31.1
2339,2008,USA,Gasoline,Front-wheel drive,3,2200,6,253.0,3890,18.4,32.9
2340,2012,USA,Hybrid,Front-wheel drive,5,2340,6,276.0,4620,19.5,34.5
2341,2006,USA,Gasoline,Rear-wheel drive,4,2530,6,270.0,4640,18.0,29.5
2342,1978,USA,Gasoline,Front-wheel drive,4,2560,7,,4330,19.8,27.0
2343,2022,USA,Gasoline,Front-wheel drive,4,2250,6,251.0,4210,19.9,33.2
2344,1999,Europe,Gasoline,Front-wheel drive,3,2310,6,253.0,4020,18.3,27.4
2345,1991,USA,Diesel,Rear-wheel drive,2,2450,7,296.0,4540,19.6,25.5
2346,1992,Europe,Gasoline,Front-wheel drive,4,2120,6,252.0,4060,17.4,27.1
2347,2007,Europe,Hybrid,Front-wheel drive,3,2440,6,248.0,4280,20.0,34.7
2348,1976,Europe,Gasoline,Front-wheel drive,3,2270,6,254.0,4210,18.0,28.7
2349,2002,Asia,Gasoline,Rear-wheel drive,5,2590,6,271.0,4520,19.1,25.6
2350,1996,Asia,Gasoline,All-wheel drive,4,2520,6,284.0,4520,17.9,27.0
2351,1983,USA,Diesel,Rear-wheel drive,4,2430,6,284.0,4660,19.8,25.7
2352,1976,Asia,Gasoline,Front-wheel drive,3,2180,5,236.0,3870,20.5,31.0
2353,2023,USA,Gasoline,All-wheel drive,2,2340,6,266.0,4500,17.3,33.4
2354,2021,Europe,Gasoline,Front-wheel drive,3,2190,6,231.0,3880,18.9,34.4
2355,2010,USA,Gasoline,All-wheel drive,2,2320,6,262.0,4410,17.7,29.6
2356,2008,USA,Diesel,Rear-wheel drive,2,2300,6,250.0,4440,21.0,30.0
2357,1976,Asia,Hybrid,Front-wheel drive,3,2610,7,289.0,4350,21.6,31.2
2358,1998,USA,Diesel,Rear-wheel drive,4,2310,5,257.0,4470,17.3,30.4
2359,1995,USA,Gasoline,Front-wheel drive,3,2080,5,231.0,3840,18.2,30.4
2360,2001,Asia,Diesel,All-wheel drive,3,2440,6,274.0,4270,17.9,28.6
2361,1987,Asia,Gasoline,Rear-wheel drive,3,2350,6,251.0,4690,21.3,28.0
2362,2018,USA,Gasoline,Front-wheel drive,2,2210,6,283.0,3980,17.9,29.6
2363,2011,Asia,Gasoline,Front-wheel drive,4,1930,5,221.0,4190,20.6,32.1
2364,1985,Asia,Diesel,All-wheel drive,2,2390,6,286.0,4480,18.2,31.6
2365,2000,Asia,Diesel,Rear-wheel drive,5,2390,6,258.0,4490,20.8,27.8
2366,2006,Europe,Gasoline,Front-wheel drive,5,2150,6,232.0,4300,18.9,29.9
2367,2015,USA,Gasoline,Rear-wheel drive,2,2300,6,259.0,4250,16.2,29.8
2368,1991,Asia,Diesel,Rear-wheel drive,3,2340,7,278.0,4620,19.2,28.7
2369,1980,Asia,Gasoline,Front-wheel drive,3,2110,6,,4020,19.3,30.3
2370,2009,Asia,Gasoline,Front-wheel drive,4,2290,6,229.0,4040,18.3,32.7
2371,1995,USA,Gasoline,Rear-wheel drive,2,2140,6,260.0,4400,17.5,27.1
2372,1984,USA,Gasoline,Front-wheel drive,4,2420,6,,4250,19.7,25.0
2373,1998,Asia,Gasoline,Front-wheel drive,4,2120,6,232.0,4220,20.2,31.3
2374,1987,USA,Gasoline,Front-wheel drive,5,2100,6,245.0,4050,17.9,28.6
2375,2001,USA,Hybrid,Front-wheel drive,3,2500,7,279.0,4430,21.0,28.6
2376,2007,USA,Gasoline,Rear-wheel drive,4,2280,6,272.0,4670,19.1,30.1
2377,2005,Asia,Gasoline,All-wheel drive,5,1960,5,227.0,4350,20.7,28.4
2378,2011,USA,Gasoline,Front-wheel drive,4,2310,7,288.0,4350,17.3,31.7
2379,2017,Asia,Diesel,Rear-wheel drive,4,2190,6,248.0,4410,18.9,32.4
2380,2003,USA,Gasoline,Front-wheel drive,4,2380,6,276.0,4530,20.5,24.7
2381,2009,Europe,Gasoline,Front-wheel drive,4,2260,6,244.0,4280,17.5,30.0
2382,2013,USA,Hybrid,Front-wheel drive,3,2030,6,227.0,4320,18.5,37.7
2383,2017,Europe,Diesel,Front-wheel drive,4,2130,6,242.0,4360,19.9,34.9
2384,2013,Europe,Gasoline,Front-wheel drive,4,2090,6,241.0,4140,18.4,33.4
2385,1991,Europe,Gasoline,All-wheel drive,3,2410,6,274.0,4470,,30.0
2386,1982,USA,Diesel,Front-wheel drive,3,2560,6,283.0,4620,17.1,26.2
2387,1979,Europe,Gasoline,All-wheel drive,3,2410,6,250.0,4650,20.6,25.3
2388,1993,Europe,Hybrid,All-wheel drive,4,2010,5,217.0,4220,19.8,34.9
2389,1977,USA,Diesel,Rear-wheel drive,3,2250,6,258.0,4370,17.6,29.7
2390,2011,USA,Gasoline,All-wheel drive,5,2540,6,288.0,4810,20.5,26.2
2391,2003,Asia,Gasoline,Front-wheel drive,2,2070,5,235.0,3910,17.8,32.2
2392,1993,USA,Gasoline,Front-wheel drive,4,2460,6,288.0,4330,17.3,26.2
2393,1983,Asia,Diesel,Rear-wheel drive,5,2100,6,230.0,4340,19.3,31.8
2394,1980,Asia,Gasoline,Rear-wheel drive,2,2040,6,242.0,4080,17.8,30.2
2395,2014,Europe,Gasoline,Front-wheel drive,5,2290,7,260.0,4280,17.1,33.3
2396,1994,USA,Gasoline,Rear-wheel drive,2,2210,6,256.0,4130,19.1,26.7
2397,2009,Europe,Diesel,Front-wheel drive,4,2440,6,270.0,4580,17.4,31.8
2398,2021,USA,Gasoline,Front-wheel drive,2,2190,6,242.0,4190,16.8,30.9
2399,2002,Asia,Diesel,Rear-wheel drive,3,2430,6,274.0,4530,18.1,29.5
2400,2000,USA,Gasoline,Front-wheel drive,3,2390,6,259.0,4220,18.8,24.3
2401,1979,USA,Gasoline,All-wheel drive,3,2370,6,,4690,22.0,26.4
2402,1979,Europe,Gasoline,All-wheel drive,2,2370,6,,4320,17.5,27.4
2403,2016,USA,Gasoline,Front-wheel drive,5,2510,7,304.0,4470,17.6,29.3
2404,2010,USA,Diesel,Front-wheel drive,3,2460,6,295.0,4630,17.3,31.7
2405,1977,Europe,Gasoline,All-wheel drive,3,2350,6,258.0,4410,19.9,24.8
2406,1985,USA,Gasoline,Front-wheel drive,2,2550,7,287.0,4460,17.5,24.5
2407,1994,Europe,Gasoline,All-wheel drive,2,2720,7,295.0,4480,17.5,27.2
2408,2018,USA,Gasoline,Front-wheel drive,3,2130,6,236.0,3850,17.9,34.4
2409,2001,Asia,Diesel,Front-wheel drive,3,2450,6,274.0,4450,20.3,32.6
2410,2019,USA,Hybrid,Rear-wheel drive,5,2320,6,249.0,4390,21.1,35.1
2411,2010,Asia,Gasoline,Front-wheel drive,5,2210,6,220.0,4220,19.1,32.4
2412,2008,Europe,Gasoline,Front-wheel drive,2,2170,6,222.0,4210,19.5,30.8
2413,2006,Asia,Diesel,Rear-wheel drive,4,2040,6,235.0,4150,19.3,34.0
2414,1998,Europe,Gasoline,Rear-wheel drive,4,2270,7,254.0,4230,17.6,29.0
2415,1979,Europe,Gasoline,Front-wheel drive,3,2340,6,269.0,4080,21.6,28.8
2416,1986,Asia,Gasoline,Rear-wheel drive,2,2460,6,235.0,4400,21.4,28.1
2417,1995,Europe,Gasoline,Front-wheel drive,3,2290,6,245.0,4100,19.0,30.7
2418,2018,Europe,Hybrid,Rear-wheel drive,3,2350,6,255.0,4260,19.2,34.4
2419,2015,USA,Diesel,All-wheel drive,4,2480,7,273.0,4810,19.5,30.9
2420,2017,USA,Gasoline,Rear-wheel drive,4,2600,7,303.0,4730,18.0,28.6
2421,1991,Europe,Diesel,Front-wheel drive,5,2270,6,,4110,18.6,30.2
2422,2005,USA,Gasoline,Front-wheel drive,4,2140,6,257.0,3950,17.5,30.0
2423,2000,Europe,Gasoline,Rear-wheel drive,3,2440,6,252.0,4530,19.9,25.9
2424,1978,Asia,Gasoline,All-wheel drive,3,2390,6,243.0,4390,19.7,25.9
2425,2002,USA,Gasoline,Rear-wheel drive,4,2010,6,240.0,4110,19.5,31.7
2426,2005,Europe,Gasoline,All-wheel drive,4,2220,6,228.0,4570,18.9,28.5
2427,1983,Asia,Gasoline,Rear-wheel drive,4,2420,6,260.0,4630,17.6,26.8
2428,1992,USA,Hybrid,Rear-wheel drive,2,2180,6,245.0,4570,20.5,29.1
2429,2001,USA,Hybrid,All-wheel drive,2,2300,6,246.0,4670,19.3,27.8
2430,1998,USA,Hybrid,Front-wheel drive,3,2640,6,301.0,4590,20.0,33.7
2431,1991,USA,Diesel,Front-wheel drive,2,2130,6,246.0,4140,17.5,29.0
2432,2018,USA,Gasoline,Front-wheel drive,4,2260,6,277.0,4240,18.5,29.2
2433,2014,USA,Gasoline,Rear-wheel drive,4,2400,6,257.0,4250,19.2,28.5
2434,1980,Asia,Gasoline,Front-wheel drive,4,2510,7,,4700,18.3,26.4
2435,2002,USA,Gasoline,Rear-wheel drive,3,2170,6,244.0,4240,21.2,31.7
2436,2002,USA,Gasoline,Front-wheel drive,3,2140,6,246.0,4200,18.1,28.1
2437,1991,Asia,Gasoline,Front-wheel drive,4,2110,6,228.0,4200,18.8,31.2
2438,2002,USA,Gasoline,Front-wheel drive,3,2400,6,272.0,4430,19.7,31.4
2439,2017,USA,Gasoline,All-wheel drive,3,1960,5,225.0,3950,18.7,31.1
2440,1982,Asia,Diesel,Front-wheel drive,4,2110,5,234.0,4200,18.8,32.2
2441,1997,Asia,Hybrid,Front-wheel drive,4,2200,6,254.0,4220,18.3,36.7
2442,2015,Asia,Gasoline,Rear-wheel drive,3,2210,6,222.0,4210,17.3,32.3
2443,1994,Asia,Diesel,Rear-wheel drive,3,2070,6,240.0,4200,18.2,32.0
2444,2005,USA,Diesel,All-wheel drive,4,2620,7,319.0,4730,17.8,28.2
2445,1976,Asia,Gasoline,Front-wheel drive,2,2410,6,,4180,18.5,29.0
2446,1985,USA,Gasoline,Front-wheel drive,4,2230,6,269.0,4580,20.2,23.3
2447,2001,USA,Gasoline,Rear-wheel drive,2,2260,6,269.0,4300,18.3,28.1
2448,1992,USA,Gasoline,Front-wheel drive,5,2140,6,270.0,4480,19.4,27.9
2449,2023,USA,Gasoline,Front-wheel drive,4,2080,6,240.0,4200,19.4,30.8
2450,2007,Europe,Gasoline,Front-wheel drive,4,2190,5,237.0,3900,17.3,31.6
2451,1996,Europe,Gasoline,Front-wheel drive,3,2440,6,245.0,4320,17.6,29.6
2452,2003,USA,Gasoline,Front-wheel drive,4,2480,7,255.0,4650,18.1,27.5
2453,1988,Asia,Diesel,Front-wheel drive,2,2330,6,262.0,4030,21.1,34.5
2454,1991,USA,Hybrid,Rear-wheel drive,2,2270,6,253.0,4520,17.7,31.6
2455,2021,USA,Gasoline,Front-wheel drive,3,2160,6,259.0,4220,16.1,31.9
2456,2024,Asia,Gasoline,Rear-wheel drive,4,2470,6,244.0,4510,18.8,32.2
2457,2007,Europe,Gasoline,Front-wheel drive,3,2390,7,256.0,4260,19.5,30.0
2458,2020,Asia,Gasoline,All-wheel drive,3,2570,7,278.0,4490,16.8,28.3
2459,1985,Europe,Gasoline,Front-wheel drive,3,2300,6,232.0,4260,19.5,31.3
2460,2000,USA,Hybrid,Front-wheel drive,5,2340,6,229.0,4300,22.0,34.0
2461,2016,Europe,Gasoline,Front-wheel drive,4,2520,7,281.0,4410,18.3,28.9
2462,1987,USA,Diesel,Front-wheel drive,4,2430,6,282.0,4310,20.6,31.6
2463,2012,Asia,Gasoline,Front-wheel drive,4,2400,6,224.0,4160,18.6,31.3
2464,1976,Europe,Gasoline,All-wheel drive,3,2480,7,276.0,4660,18.9,26.2
2465,1984,USA,Hybrid,Front-wheel drive,5,2150,6,,4350,18.9,30.7
2466,1981,Europe,Hybrid,Front-wheel drive,3,2420,6,,4210,19.1,31.1
2467,1977,USA,Gasoline,Front-wheel drive,5,2530,7,,4670,20.7,24.6
2468,1978,Asia,Diesel,Rear-wheel drive,5,2300,6,259.0,4300,19.5,27.6
2469,1980,USA,Gasoline,Front-wheel drive,4,2140,6,,4280,19.1,25.7
2470,2016,Europe,Gasoline,Front-wheel drive,2,2040,6,225.0,3590,18.4,36.3
2471,2011,Asia,Gasoline,Front-wheel drive,5,2250,7,234.0,4410,19.2,29.9
2472,2022,USA,Gasoline,Rear-wheel drive,2,2270,6,256.0,4320,19.0,30.6
2473,2006,USA,Gasoline,All-wheel drive,3,2420,6,280.0,4490,17.4,32.9
2474,1993,USA,Gasoline,Front-wheel drive,3,2510,7,271.0,4570,18.3,26.9
2475,2007,Europe,Hybrid,Front-wheel drive,2,2610,7,271.0,4420,,35.7
2476,1981,USA,Gasoline,Rear-wheel drive,3,2290,6,259.0,4380,19.8,22.4
2477,1987,USA,Gasoline,Rear-wheel drive,3,2140,6,256.0,4040,18.2,30.5
2478,1980,Europe,Hybrid,Front-wheel drive,4,2340,6,259.0,4270,,31.2
2479,1981,Asia,Gasoline,Front-wheel drive,4,2250,6,,4170,18.0,26.8
2480,2004,USA,Gasoline,Rear-wheel drive,3,2240,6,265.0,3990,18.5,30.4
2481,1978,USA,Diesel,All-wheel drive,3,2180,6,287.0,4190,20.0,27.1
2482,2009,Asia,Gasoline,Front-wheel drive,3,2260,6,240.0,4010,17.5,30.5
2483,1976,Europe,Gasoline,All-wheel drive,4,2380,6,262.0,4630,18.7,23.8
2484,1998,Europe,Gasoline,Rear-wheel drive,3,2430,6,265.0,4680,20.2,27.5
2485,1980,USA,Gasoline,Front-wheel drive,5,2350,6,278.0,4330,19.3,25.6
2486,1985,Asia,Gasoline,All-wheel drive,4,2180,6,258.0,4440,18.4,27.2
2487,1982,Asia,Gasoline,Front-wheel drive,3,2380,7,,4170,20.2,29.7
2488,2016,USA,Gasoline,Rear-wheel drive,4,2400,6,277.0,4420,21.0,29.3
2489,1983,USA,Gasoline,All-wheel drive,3,2300,6,261.0,4560,18.7,27.1
2490,1994,Asia,Gasoline,Rear-wheel drive,3,2150,6,236.0,4140,18.8,31.8
2491,1979,Europe,Diesel,Front-wheel drive,4,2040,6,246.0,4070,,33.4
2492,2009,USA,Gasoline,All-wheel drive,3,2220,6,265.0,4430,17.8,25.2
2493,1990,USA,Gasoline,Rear-wheel drive,4,2200,6,248.0,4360,19.7,24.4
2494,2017,USA,Gasoline,Front-wheel drive,4,2370,6,263.0,4270,17.1,28.2
2495,1979,USA,Gasoline,Rear-wheel drive,3,2130,5,239.0,4530,20.6,27.1
2496,2020,Asia,Gasoline,All-wheel drive,5,2430,6,248.0,4600,16.9,32.2
2497,1991,USA,Gasoline,Front-wheel drive,4,2480,6,260.0,4360,19.4,29.0
2498,1994,USA,Gasoline,Front-wheel drive,4,2450,7,264.0,4510,18.6,29.7
2499,2010,Asia,Gasoline,Front-wheel drive,4,2060,6,243.0,4260,18.1,31.4
2500,1983,USA,Gasoline,Front-wheel drive,3,2290,6,241.0,4240,19.4,27.1
2501,2013,USA,Gasoline,Front-wheel drive,5,2190,6,234.0,4210,20.1,32.2
2502,2021,Asia,Diesel,Front-wheel drive,4,2360,7,277.0,4360,18.7,34.0
2503,1976,Europe,Gasoline,All-wheel drive,3,2400,6,280.0,4550,19.9,22.5
2504,1980,Europe,Gasoline,Rear-wheel drive,4,2480,6,,4440,,24.9
2505,1988,USA,Gasoline,Front-wheel drive,3,2270,6,272.0,4000,17.8,24.5
2506,2001,USA,Gasoline,Front-wheel drive,3,2350,7,270.0,4510,20.5,29.4
2507,1979,Europe,Gasoline,All-wheel drive,3,2410,7,,4550,20.5,23.7
2508,1977,USA,Diesel,Front-wheel drive,4,2450,6,,4470,20.3,28.0
2509,1983,USA,Gasoline,Front-wheel drive,4,2510,6,287.0,4840,18.0,27.3
2510,1984,USA,Diesel,Front-wheel drive,4,2330,6,,4200,17.4,29.4
2511,2010,USA,Gasoline,Rear-wheel drive,4,2090,5,231.0,4360,20.2,29.2
2512,1980,Europe,Hybrid,Front-wheel drive,4,2500,6,,4040,19.5,33.1
2513,1991,Europe,Gasoline,Front-wheel drive,3,2420,6,256.0,4450,20.4,27.3
2514,2018,USA,Gasoline,All-wheel drive,3,2120,5,228.0,4170,20.4,29.9
2515,2006,Asia,Gasoline,Rear-wheel drive,5,2150,6,234.0,4550,20.0,30.1
2516,2012,USA,Hybrid,Rear-wheel drive,4,2300,6,248.0,4220,17.6,30.7
2517,1998,Asia,Gasoline,Front-wheel drive,5,2230,6,244.0,4470,17.7,31.3
2518,1993,USA,Gasoline,Rear-wheel drive,4,2340,6,247.0,4430,21.0,28.7
2519,2018,USA,Gasoline,Rear-wheel drive,3,2330,6,279.0,4580,18.7,30.0
2520,1985,Europe,Gasoline,All-wheel drive,4,2160,6,234.0,4450,20.6,25.5
2521,1989,Europe,Gasoline,Front-wheel drive,4,2310,6,241.0,4290,21.5,27.7
2522,2003,USA,Diesel,Rear-wheel drive,3,2230,6,268.0,4740,17.8,29.0
2523,1975,USA,Hybrid,Front-wheel drive,3,2400,7,280.0,4500,19.4,30.4
2524,2012,USA,Hybrid,Rear-wheel drive,2,2330,6,284.0,4390,17.1,34.7
2525,1985,USA,Gasoline,Front-wheel drive,2,2490,6,261.0,4580,19.3,27.3
2526,1987,Asia,Diesel,All-wheel drive,4,2270,6,259.0,4320,19.4,29.3
2527,2005,USA,Gasoline,Front-wheel drive,4,2160,6,268.0,4190,20.6,31.8
2528,1992,Europe,Diesel,Rear-wheel drive,5,2440,7,282.0,4540,17.9,27.8
2529,2018,Asia,Gasoline,Front-wheel drive,2,2490,6,265.0,4610,15.6,30.0
2530,1978,USA,Hybrid,Front-wheel drive,5,2270,6,259.0,4140,21.1,30.2
2531,2013,USA,Diesel,Front-wheel drive,5,2650,7,314.0,4920,19.4,32.1
2532,1986,Asia,Gasoline,Front-wheel drive,5,2350,6,272.0,4390,20.2,30.8
2533,2003,Europe,Gasoline,Front-wheel drive,5,2320,6,232.0,4180,,31.2
2534,2001,USA,Gasoline,Front-wheel drive,4,2350,6,288.0,4810,19.4,26.8
2535,1987,USA,Gasoline,Front-wheel drive,3,2120,6,255.0,4070,17.7,27.4
2536,2014,USA,Gasoline,Rear-wheel drive,5,2070,6,222.0,4110,19.3,30.5
2537,1997,Asia,Gasoline,Front-wheel drive,3,2550,7,274.0,4540,20.4,28.9
2538,1978,USA,Diesel,Front-wheel drive,4,2480,7,286.0,4480,19.6,26.5
2539,2010,Europe,Gasoline,Front-wheel drive,3,2370,6,263.0,4120,19.3,33.4
2540,1979,USA,Gasoline,Front-wheel drive,3,2020,6,,4320,19.5,27.0
2541,1980,USA,Gasoline,Front-wheel drive,4,2190,6,232.0,4290,18.7,27.7
2542,1987,USA,Diesel,All-wheel drive,3,2150,6,273.0,4380,19.0,25.5
2543,2014,Asia,Hybrid,Front-wheel drive,4,2360,6,265.0,4110,18.5,36.9
2544,2019,USA,Hybrid,All-wheel drive,4,2350,6,276.0,4640,20.0,32.3
2545,1982,USA,Gasoline,Front-wheel drive,4,2310,6,254.0,4230,17.6,27.5
2546,1995,USA,Gasoline,Rear-wheel drive,5,2290,6,263.0,4250,18.2,25.6
2547,1997,USA,Gasoline,Front-wheel drive,5,2270,6,260.0,4050,20.3,27.1
2548,1986,Asia,Gasoline,Front-wheel drive,3,2140,6,223.0,3920,19.1,30.1
2549,2000,USA,Gasoline,Front-wheel drive,4,2240,6,272.0,4160,18.6,27.1
2550,2014,USA,Hybrid,Front-wheel drive,3,2020,5,226.0,3980,18.3,33.6
2551,2022,Europe,Gasoline,Front-wheel drive,5,2520,6,282.0,4480,16.5,31.7
2552,1992,Asia,Hybrid,Front-wheel drive,4,2350,7,236.0,4380,19.5,33.2
2553,2000,USA,Gasoline,Rear-wheel drive,3,2290,6,246.0,4560,19.9,28.2
2554,1993,Asia,Gasoline,Rear-wheel drive,3,1990,5,225.0,4060,18.9,31.2
2555,1976,USA,Diesel,Front-wheel drive,4,2050,6,241.0,3760,16.7,29.5
2556,2008,USA,Diesel,Front-wheel drive,5,2340,6,288.0,4200,17.0,34.6
2557,1983,Europe,Diesel,Front-wheel drive,3,2080,6,245.0,3970,,33.8
2558,2002,Asia,Gasoline,Rear-wheel drive,4,2460,6,248.0,4930,21.8,29.9
2559,1997,Europe,Diesel,Front-wheel drive,4,2290,6,262.0,4320,18.8,27.7
2560,1987,Asia,Diesel,Front-wheel drive,3,2170,6,238.0,3960,18.7,31.7
2561,2005,Asia,Gasoline,Front-wheel drive,4,2280,6,251.0,4190,17.0,31.0
2562,1986,USA,Gasoline,Rear-wheel drive,2,2160,6,243.0,4230,18.3,28.5
2563,2014,Europe,Gasoline,Rear-wheel drive,2,2020,5,248.0,4120,19.0,31.0
2564,2021,Asia,Gasoline,Front-wheel drive,4,2440,7,262.0,4220,19.7,31.5
2565,2001,USA,Gasoline,Front-wheel drive,2,2520,7,296.0,4370,18.5,27.4
2566,1977,USA,Gasoline,Front-wheel drive,3,2470,7,,4620,22.2,26.6
2567,2008,USA,Gasoline,Front-wheel drive,2,2510,6,296.0,4310,19.4,25.5
2568,1985,Europe,Gasoline,Front-wheel drive,4,2220,6,249.0,4110,19.2,29.6
2569,2010,USA,Gasoline,All-wheel drive,3,2410,6,284.0,4500,19.6,26.5
2570,1986,Europe,Gasoline,Rear-wheel drive,3,2230,6,247.0,4090,18.8,29.2
2571,1997,Europe,Diesel,Front-wheel drive,4,2320,6,257.0,4640,19.8,31.6
2572,2023,USA,Gasoline,Front-wheel drive,4,2200,6,273.0,4010,18.4,28.5
2573,1992,Europe,Gasoline,All-wheel drive,3,2570,7,286.0,4440,19.2,27.9
2574,2010,Asia,Gasoline,Rear-wheel drive,2,2160,5,238.0,4210,17.6,30.1
2575,1989,USA,Diesel,Front-wheel drive,3,2070,6,263.0,3870,18.4,32.5
2576,1999,Europe,Gasoline,Front-wheel drive,5,2410,6,253.0,4700,20.7,28.0
2577,2015,USA,Gasoline,Front-wheel drive,4,2210,6,264.0,4090,17.8,27.9
2578,1989,USA,Gasoline,All-wheel drive,3,2460,6,256.0,4430,21.0,26.6
2579,2023,Asia,Gasoline,Rear-wheel drive,4,2480,6,255.0,4580,17.7,31.9
2580,2015,USA,Gasoline,All-wheel drive,3,2390,6,283.0,4600,18.8,30.2
2581,1995,Asia,Hybrid,Front-wheel drive,3,2280,6,253.0,3820,19.0,34.7
2582,1977,Asia,Gasoline,Front-wheel drive,3,2280,6,,3940,19.4,28.4
2583,2015,Europe,Gasoline,All-wheel drive,3,1960,6,235.0,4250,17.0,33.6
2584,2003,Europe,Gasoline,All-wheel drive,2,2210,6,222.0,4570,19.0,30.9
2585,2010,USA,Hybrid,Front-wheel drive,4,2520,6,254.0,4620,19.8,33.6
2586,2009,USA,Diesel,All-wheel drive,4,2550,6,268.0,4660,16.9,28.4
2587,1989,Asia,Gasoline,Rear-wheel drive,2,2420,6,259.0,4280,20.3,26.4
2588,1997,Asia,Gasoline,Front-wheel drive,2,2230,6,239.0,3990,20.6,29.4
2589,2002,Asia,Hybrid,Rear-wheel drive,4,2550,7,290.0,4450,18.9,31.7
2590,1990,Asia,Gasoline,All-wheel drive,4,2490,6,271.0,5010,20.7,27.3
2591,1982,Asia,Gasoline,Front-wheel drive,3,2320,6,,4350,20.1,27.0
2592,2016,USA,Gasoline,Front-wheel drive,4,2510,7,298.0,4400,17.9,29.5
2593,2018,Asia,Diesel,Front-wheel drive,3,2320,6,255.0,4170,15.8,34.4
2594,1985,USA,Gasoline,Rear-wheel drive,4,2150,6,251.0,4310,18.9,26.2
2595,1979,USA,Gasoline,Front-wheel drive,3,2530,6,,4360,19.1,26.9
2596,2024,Europe,Hybrid,Front-wheel drive,3,2460,7,246.0,4310,19.3,36.3
2597,2005,Europe,Gasoline,All-wheel drive,3,2570,7,286.0,4980,20.8,27.6
2598,1998,Asia,Gasoline,Front-wheel drive,5,2020,6,221.0,4170,18.2,30.7
2599,2017,USA,Hybrid,All-wheel drive,5,2200,6,263.0,4590,18.8,31.2
2600,1991,USA,Gasoline,Front-wheel drive,3,2140,6,237.0,3990,20.6,29.4
2601,2016,Asia,Diesel,Front-wheel drive,2,2000,5,218.0,3940,19.3,35.8
2602,1983,Asia,Gasoline,Front-wheel drive,3,2480,7,285.0,4370,20.0,28.1
2603,2021,Asia,Gasoline,Front-wheel drive,3,2060,6,248.0,3920,17.7,32.5
2604,1981,USA,Gasoline,All-wheel drive,3,2130,6,241.0,4250,21.4,27.9
2605,2006,USA,Gasoline,Front-wheel drive,5,2260,6,227.0,4250,16.8,31.5
2606,2022,Europe,Gasoline,Front-wheel drive,2,2450,6,243.0,4200,17.9,34.1
2607,2010,USA,Gasoline,Rear-wheel drive,2,1900,5,227.0,3940,19.0,34.8
2608,2004,Asia,Gasoline,Front-wheel drive,2,2010,6,239.0,4080,20.2,32.1
2609,1999,USA,Gasoline,Rear-wheel drive,5,2200,6,275.0,4480,18.8,27.4
2610,2013,Europe,Gasoline,Front-wheel drive,4,2310,6,227.0,4030,18.1,32.0
2611,2017,Asia,Diesel,All-wheel drive,4,2410,6,269.0,4490,17.1,32.9
2612,2024,Europe,Gasoline,Front-wheel drive,3,1980,5,225.0,3840,19.7,36.8
2613,2004,Europe,Gasoline,Front-wheel drive,3,2230,6,266.0,4080,16.7,27.8
2614,1987,Europe,Gasoline,Rear-wheel drive,4,2230,5,237.0,4260,20.7,30.6
2615,2004,USA,Diesel,Rear-wheel drive,3,2190,5,255.0,4000,19.2,32.6
2616,2023,Asia,Diesel,Rear-wheel drive,4,2540,7,297.0,4790,19.0,31.9
2617,2018,USA,Gasoline,All-wheel drive,5,2690,7,310.0,4940,18.0,26.6
2618,1983,USA,Gasoline,Front-wheel drive,5,2220,6,,4010,20.8,28.9
2619,1982,USA,Gasoline,All-wheel drive,4,2580,7,,4730,19.1,24.0
2620,2015,Europe,Gasoline,Rear-wheel drive,3,2420,7,270.0,4270,18.8,30.4
2621,2008,Asia,Gasoline,Rear-wheel drive,4,2190,7,252.0,4280,17.7,28.7
2622,2018,USA,Gasoline,Front-wheel drive,5,2310,6,253.0,4390,16.9,30.0
2623,1993,USA,Hybrid,Front-wheel drive,3,2440,6,284.0,4400,19.5,32.6
2624,2016,Asia,Gasoline,Rear-wheel drive,4,2170,6,226.0,4140,18.7,30.2
2625,2015,Europe,Gasoline,All-wheel drive,4,2270,6,253.0,4560,18.1,31.1
2626,2009,Europe,Gasoline,All-wheel drive,3,2430,6,254.0,4510,18.1,26.0
2627,2015,Europe,Gasoline,Rear-wheel drive,3,2370,6,252.0,4310,,29.1
2628,2014,USA,Diesel,Rear-wheel drive,5,2390,6,286.0,4500,18.0,30.5
2629,1976,USA,Gasoline,All-wheel drive,3,2360,7,269.0,4410,17.8,25.9
2630,2017,Asia,Diesel,Front-wheel drive,4,2270,6,267.0,4170,19.1,34.4
2631,1983,Asia,Gasoline,Rear-wheel drive,4,2910,7,312.0,4870,18.6,24.7
2632,2004,USA,Gasoline,All-wheel drive,3,2200,6,253.0,4440,19.6,29.6
2633,1997,USA,Gasoline,Front-wheel drive,2,2110,6,237.0,3930,17.3,32.3
2634,2007,USA,Gasoline,Front-wheel drive,5,2000,5,231.0,3820,19.0,33.2
2635,1998,USA,Gasoline,Front-wheel drive,2,2410,6,270.0,4190,17.8,29.1
2636,2009,Asia,Gasoline,Front-wheel drive,4,2390,6,253.0,4570,20.4,29.8
2637,2022,USA,Gasoline,Front-wheel drive,4,2240,5,246.0,4340,19.6,29.0
2638,2006,USA,Gasoline,Front-wheel drive,3,2260,6,248.0,4150,19.9,31.8
2639,1980,Europe,Diesel,Front-wheel drive,4,2400,6,,4280,20.1,29.9
2640,1995,Asia,Gasoline,Front-wheel drive,3,2460,7,280.0,4190,16.9,29.9
2641,1977,Asia,Gasoline,Rear-wheel drive,4,2220,6,267.0,4440,18.9,27.5
2642,2023,Asia,Diesel,Front-wheel drive,4,2240,6,259.0,3980,17.9,34.7
2643,1988,Europe,Gasoline,Front-wheel drive,4,2310,6,258.0,4210,20.8,28.9
2644,2019,USA,Gasoline,Rear-wheel drive,4,2330,6,244.0,4590,19.0,29.8
2645,1985,Europe,Gasoline,Rear-wheel drive,3,2530,6,273.0,4560,17.1,26.0
2646,2002,Asia,Gasoline,Front-wheel drive,3,2280,6,241.0,4160,20.0,27.9
2647,1978,USA,Gasoline,Front-wheel drive,4,2250,6,,4340,22.4,29.1
2648,2018,Asia,Gasoline,Front-wheel drive,4,2130,6,239.0,4150,17.6,31.7
2649,1992,Europe,Diesel,Front-wheel drive,4,2230,6,253.0,4260,19.2,34.2
2650,1997,Asia,Gasoline,Rear-wheel drive,4,2170,6,229.0,4470,20.8,27.4
2651,2022,USA,Hybrid,Front-wheel drive,4,2710,6,266.0,4290,19.2,31.7
2652,2011,Europe,Gasoline,Front-wheel drive,2,2200,6,238.0,4030,,31.3
2653,2012,Asia,Gasoline,Front-wheel drive,4,2320,6,239.0,4100,19.0,30.6
2654,2009,Asia,Gasoline,All-wheel drive,3,2160,6,224.0,4110,19.9,30.0
2655,1990,Asia,Gasoline,Front-wheel drive,4,2050,6,241.0,4220,18.5,27.4
2656,1981,USA,Gasoline,Front-wheel drive,3,2120,6,264.0,4090,18.4,26.4
2657,1989,Asia,Gasoline,All-wheel drive,5,2600,7,278.0,4710,16.1,27.9
2658,1980,Asia,Gasoline,All-wheel drive,4,2480,7,,4390,20.6,25.3
2659,1991,USA,Gasoline,Front-wheel drive,3,2590,7,288.0,4550,19.6,28.0
2660,2014,Europe,Gasoline,Front-wheel drive,4,2340,7,240.0,4370,17.9,32.4
2661,2005,Europe,Gasoline,Front-wheel drive,3,2080,6,208.0,4000,17.2,30.1
2662,1978,USA,Gasoline,All-wheel drive,2,2350,6,263.0,4560,18.1,25.4
2663,1983,Asia,Gasoline,Rear-wheel drive,2,1980,5,239.0,3920,20.5,33.7
2664,1979,Europe,Gasoline,All-wheel drive,4,1970,5,235.0,4070,20.8,27.4
2665,2014,Europe,Diesel,All-wheel drive,4,2290,6,246.0,4420,19.0,32.8
2666,2010,Asia,Gasoline,Rear-wheel drive,2,2000,5,227.0,3860,16.0,32.5
2667,1984,Asia,Gasoline,Rear-wheel drive,5,2270,6,,4160,18.3,26.8
2668,1979,Asia,Gasoline,Rear-wheel drive,5,2270,6,227.0,4370,18.3,30.1
2669,2000,Asia,Gasoline,Front-wheel drive,2,2620,7,278.0,4610,17.3,29.0
2670,2002,USA,Diesel,Front-wheel drive,5,2350,7,280.0,4790,18.8,29.1
2671,1988,USA,Gasoline,All-wheel drive,2,2310,6,258.0,4550,19.3,25.1
2672,2013,Asia,Gasoline,Rear-wheel drive,3,2190,6,246.0,4080,18.3,33.2
2673,2015,USA,Gasoline,Front-wheel drive,4,2360,7,270.0,4540,21.5,29.8
2674,1981,Europe,Gasoline,Rear-wheel drive,3,2210,6,216.0,4520,20.3,25.1
2675,1999,USA,Gasoline,All-wheel drive,3,2390,6,261.0,4660,18.6,25.7
2676,2020,USA,Gasoline,Rear-wheel drive,3,2130,6,270.0,4240,18.4,29.3
2677,1978,Asia,Gasoline,Front-wheel drive,4,2160,6,,3870,18.5,25.7
2678,1989,USA,Gasoline,Front-wheel drive,3,2530,6,288.0,4400,18.9,26.6
2679,2019,Asia,Gasoline,Front-wheel drive,4,2410,7,272.0,4320,18.8,30.8
2680,2009,USA,Gasoline,All-wheel drive,3,2330,7,269.0,4410,17.8,25.2
2681,1988,Asia,Gasoline,All-wheel drive,3,2550,6,281.0,4350,17.5,27.0
2682,2003,USA,Diesel,All-wheel drive,4,2710,8,325.0,5080,19.4,28.7
2683,1991,Europe,Gasoline,Rear-wheel drive,3,2300,6,243.0,4230,,26.9
2684,1998,USA,Gasoline,Front-wheel drive,3,2560,7,296.0,4240,16.2,27.1
2685,2009,USA,Gasoline,Front-wheel drive,4,2630,7,279.0,4620,19.9,29.7
2686,1978,USA,Gasoline,All-wheel drive,4,2370,6,271.0,4710,19.7,24.7
2687,1984,USA,Gasoline,Front-wheel drive,3,2400,6,,4370,18.4,25.8
2688,1999,Europe,Gasoline,Front-wheel drive,4,2190,5,232.0,3650,18.5,32.2
2689,1994,Asia,Gasoline,Rear-wheel drive,5,2240,6,220.0,4220,18.0,32.1
2690,2011,USA,Gasoline,Rear-wheel drive,5,2200,6,247.0,4270,18.3,30.5
2691,1983,USA,Hybrid,Rear-wheel drive,3,1850,5,,3970,18.8,31.6
2692,1984,Asia,Gasoline,Front-wheel drive,4,2470,7,,4400,19.1,28.5
2693,1991,Europe,Gasoline,Front-wheel drive,3,2320,5,228.0,4120,18.1,31.4
2694,1997,Asia,Gasoline,All-wheel drive,2,2580,6,270.0,4400,19.5,27.4
2695,2002,Europe,Diesel,All-wheel drive,3,2680,7,319.0,4730,18.3,25.0
2696,1977,Asia,Gasoline,Front-wheel drive,4,2590,7,276.0,4660,20.0,21.9
2697,2009,Europe,Gasoline,All-wheel drive,4,2440,7,286.0,4440,20.9,26.9
2698,1990,Europe,Gasoline,Front-wheel drive,3,2420,7,265.0,4220,19.2,28.1
2699,1996,USA,Gasoline,Front-wheel drive,3,2160,5,255.0,4310,18.9,26.5
2700,2011,Europe,Gasoline,Front-wheel drive,2,2200,6,225.0,4020,20.3,31.6
2701,2016,Asia,Diesel,Rear-wheel drive,2,2070,6,234.0,4140,17.1,31.6
2702,1998,Europe,Hybrid,Rear-wheel drive,4,2190,6,231.0,4340,,34.2
2703,1987,Europe,Diesel,Front-wheel drive,2,2160,6,252.0,4250,19.7,28.7
2704,2022,USA,Diesel,Front-wheel drive,3,2350,6,269.0,4300,14.6,35.2
2705,2008,USA,Gasoline,Front-wheel drive,2,2300,6,273.0,4580,15.8,30.4
2706,1987,Asia,Gasoline,All-wheel drive,5,2190,6,218.0,4560,20.3,26.0
2707,2007,Asia,Gasoline,Front-wheel drive,4,2220,6,260.0,3870,20.4,31.9
2708,2005,Europe,Diesel,Front-wheel drive,4,1890,5,223.0,4040,18.9,39.4
2709,2015,Asia,Gasoline,Front-wheel drive,5,2410,6,256.0,4460,18.9,31.1
2710,2023,USA,Diesel,Rear-wheel drive,4,2320,6,275.0,4150,18.5,34.9
2711,2013,USA,Gasoline,Front-wheel drive,2,2030,6,241.0,3960,18.7,33.1
2712,1984,USA,Gasoline,Front-wheel drive,2,2360,6,276.0,4100,21.5,27.9
2713,1979,USA,Gasoline,All-wheel drive,4,2450,6,,4800,19.9,20.2
2714,2010,Asia,Gasoline,Front-wheel drive,2,2350,6,230.0,4310,19.6,33.9
2715,2018,Asia,Diesel,Front-wheel drive,2,2070,6,240.0,3920,17.9,33.2
2716,1984,USA,Gasoline,Rear-wheel drive,4,2380,6,264.0,4470,20.4,27.0
2717,2012,USA,Hybrid,Rear-wheel drive,4,2430,7,281.0,5040,19.9,32.2
2718,1989,Asia,Gasoline,Front-wheel drive,4,2430,6,246.0,4560,21.1,27.3
2719,2012,USA,Gasoline,All-wheel drive,4,2520,7,296.0,4950,18.9,25.8
2720,2018,Asia,Gasoline,Front-wheel drive,5,2450,6,294.0,4610,19.3,34.0
2721,2008,USA,Hybrid,All-wheel drive,4,2340,6,269.0,4540,17.3,33.5
2722,2022,Asia,Diesel,Front-wheel drive,2,2220,6,264.0,4140,19.6,36.0
2723,1975,Europe,Diesel,Front-wheel drive,3,1990,5,,3820,18.7,31.0
2724,2002,USA,Gasoline,Front-wheel drive,5,2420,6,293.0,4350,20.4,28.2
2725,1982,Europe,Hybrid,Rear-wheel drive,3,2450,6,261.0,4650,20.2,30.4
2726,1980,Europe,Gasoline,Front-wheel drive,4,1820,5,,3880,18.4,27.8
2727,2010,Europe,Diesel,All-wheel drive,2,2160,6,261.0,4360,20.0,31.3
2728,2012,Europe,Gasoline,Front-wheel drive,3,2420,6,254.0,4180,16.2,31.0
2729,1999,USA,Gasoline,All-wheel drive,2,2210,6,260.0,4360,18.8,28.1
2730,1981,Europe,Diesel,All-wheel drive,5,2490,7,,4590,19.7,26.8
2731,2021,Europe,Diesel,Front-wheel drive,3,2130,6,274.0,4010,15.4,33.8
2732,1989,Asia,Diesel,Front-wheel drive,3,2390,6,267.0,4470,17.4,32.2
2733,1992,Asia,Gasoline,All-wheel drive,3,2030,7,247.0,4270,20.3,26.9
2734,2006,USA,Hybrid,Front-wheel drive,3,2260,6,266.0,4130,17.7,32.3
2735,2020,Asia,Gasoline,Front-wheel drive,2,1990,6,226.0,3630,17.3,30.5
2736,2016,Asia,Gasoline,Front-wheel drive,2,2490,6,261.0,4280,17.9,33.1
2737,1994,USA,Gasoline,Front-wheel drive,3,2340,6,266.0,4170,18.3,23.1
2738,1983,USA,Gasoline,Front-wheel drive,3,2570,7,287.0,4480,18.4,26.3
2739,1983,USA,Hybrid,All-wheel drive,2,2380,6,260.0,4340,18.3,30.9
2740,1988,Europe,Diesel,Front-wheel drive,4,1840,5,223.0,3760,18.1,34.4
2741,1984,Asia,Gasoline,Front-wheel drive,5,2300,6,,4200,18.7,29.0
2742,2009,Europe,Diesel,Front-wheel drive,3,2120,6,252.0,4060,20.3,34.5
2743,2003,Europe,Gasoline,Rear-wheel drive,5,2280,6,243.0,4220,17.9,27.6
2744,2008,Europe,Diesel,All-wheel drive,3,2510,7,273.0,4730,18.0,30.1
2745,1979,USA,Diesel,Front-wheel drive,4,2350,6,278.0,4480,19.0,27.5
2746,1980,USA,Gasoline,Rear-wheel drive,4,2400,6,,4570,19.8,24.5
2747,1999,Asia,Gasoline,Front-wheel drive,4,2350,6,256.0,4220,19.4,31.9
2748,2009,USA,Gasoline,All-wheel drive,4,2310,6,258.0,4600,19.9,26.2
2749,1985,Europe,Gasoline,Rear-wheel drive,3,2780,7,285.0,4860,,25.4
2750,2002,USA,Gasoline,Rear-wheel drive,4,2440,6,288.0,4440,16.2,25.7
2751,2011,Asia,Gasoline,Front-wheel drive,4,2000,5,221.0,3990,19.2,32.9
2752,2012,USA,Gasoline,Front-wheel drive,2,2280,6,248.0,4330,18.9,31.7
2753,2003,Asia,Diesel,Rear-wheel drive,2,2320,6,249.0,4360,19.1,33.3
2754,2011,Europe,Gasoline,Front-wheel drive,4,2440,7,252.0,4360,19.4,26.5
2755,2000,Asia,Gasoline,Front-wheel drive,4,2240,6,260.0,4200,17.6,31.4
2756,2016,USA,Gasoline,Rear-wheel drive,5,2430,7,280.0,4670,18.6,25.1
2757,1978,Europe,Gasoline,Front-wheel drive,3,1870,5,220.0,3600,17.3,29.3
2758,2004,USA,Gasoline,All-wheel drive,4,2100,6,224.0,4440,18.5,27.7
2759,1984,Europe,Gasoline,Front-wheel drive,2,2180,6,230.0,4100,21.0,29.4
2760,1983,Europe,Diesel,Front-wheel drive,3,2370,6,,4370,18.7,26.6
2761,1980,Europe,Gasoline,All-wheel drive,2,2150,6,230.0,4310,18.2,29.7
2762,2019,USA,Hybrid,Front-wheel drive,2,2210,6,249.0,4110,18.4,34.3
2763,1990,Europe,Diesel,Front-wheel drive,4,2480,6,280.0,4440,18.9,30.7
2764,2024,Europe,Gasoline,Front-wheel drive,5,2310,6,261.0,4120,20.0,34.8
2765,2009,USA,Gasoline,Front-wheel drive,3,2460,6,297.0,4230,17.5,30.6
2766,1997,USA,Gasoline,Rear-wheel drive,5,2380,6,267.0,4790,20.1,28.3
2767,2005,Asia,Gasoline,Front-wheel drive,4,2380,6,256.0,4370,18.8,32.8
2768,1981,Asia,Gasoline,Rear-wheel drive,3,2260,6,248.0,4410,20.0,26.0
2769,1989,USA,Diesel,Front-wheel drive,3,2370,6,276.0,4250,19.3,29.8
2770,1996,Asia,Gasoline,Rear-wheel drive,3,1970,6,228.0,3920,19.8,31.2
2771,1981,USA,Gasoline,All-wheel drive,3,2240,6,258.0,4420,17.7,24.3
2772,1989,Asia,Gasoline,Front-wheel drive,5,1960,5,206.0,3960,20.9,32.4
2773,1976,Asia,Gasoline,Front-wheel drive,5,2500,6,268.0,4480,19.4,26.7
2774,2001,Europe,Gasoline,Rear-wheel drive,3,2290,5,245.0,4200,16.5,32.2
2775,2022,USA,Gasoline,Rear-wheel drive,5,2510,7,286.0,4650,19.0,29.6
2776,1980,Europe,Gasoline,Front-wheel drive,3,2060,6,,3870,19.3,32.3
2777,2006,Asia,Gasoline,All-wheel drive,3,2100,6,246.0,4070,18.1,31.5
2778,2005,USA,Gasoline,Front-wheel drive,3,2340,6,253.0,4080,18.5,29.1
2779,1985,Asia,Gasoline,Rear-wheel drive,2,2070,5,236.0,4010,18.2,29.4
2780,2011,Asia,Gasoline,Rear-wheel drive,3,2060,5,242.0,4310,18.5,29.4
2781,1978,Europe,Diesel,Front-wheel drive,3,2450,7,299.0,4330,19.8,30.9
2782,1986,Asia,Diesel,Front-wheel drive,3,1870,5,237.0,3900,19.8,31.2
2783,1996,USA,Gasoline,Front-wheel drive,4,2290,6,240.0,4140,18.7,27.9
2784,2021,Europe,Gasoline,Front-wheel drive,2,2190,6,240.0,3890,18.1,33.6
2785,1977,Asia,Gasoline,Rear-wheel drive,3,2340,6,263.0,4550,17.9,28.4
2786,2019,USA,Gasoline,Front-wheel drive,4,2210,5,222.0,4210,19.1,31.2
2787,1995,USA,Gasoline,Rear-wheel drive,4,2350,6,275.0,4340,19.3,26.8
2788,1984,USA,Diesel,Rear-wheel drive,2,2420,6,,4400,20.7,27.4
2789,1979,USA,Gasoline,Rear-wheel drive,2,2350,6,,4470,17.0,26.7
2790,1999,Europe,Diesel,Front-wheel drive,2,2450,6,287.0,4230,18.2,30.3
2791,1979,USA,Gasoline,Front-wheel drive,2,2240,6,,4130,17.9,27.9
2792,2006,Europe,Gasoline,All-wheel drive,4,2100,6,259.0,4130,20.5,29.8
2793,2013,Europe,Gasoline,Front-wheel drive,5,2410,7,245.0,4640,22.0,29.4
2794,2010,Europe,Gasoline,Rear-wheel drive,2,2240,6,243.0,4200,17.3,30.7
2795,2000,Europe,Gasoline,All-wheel drive,3,2320,6,264.0,4430,18.8,27.9
2796,2014,Asia,Gasoline,Front-wheel drive,4,2270,6,244.0,4260,18.3,30.1
2797,2001,Europe,Diesel,Rear-wheel drive,3,2260,6,273.0,4240,18.3,30.6
2798,1992,Europe,Gasoline,Rear-wheel drive,4,2300,6,275.0,4380,21.0,27.8
2799,2023,Asia,Diesel,All-wheel drive,4,2540,7,285.0,4670,20.7,29.6
2800,2016,USA,Gasoline,Rear-wheel drive,5,2320,6,262.0,4190,16.8,27.6
2801,2002,USA,Gasoline,Front-wheel drive,3,2500,6,279.0,4340,18.2,30.6
2802,1999,USA,Gasoline,Front-wheel drive,3,2390,6,240.0,4290,18.0,27.8
2803,1988,Europe,Gasoline,Rear-wheel drive,3,2450,6,276.0,4520,18.6,25.5
2804,2004,USA,Hybrid,All-wheel drive,2,2480,7,287.0,4500,17.7,30.0
2805,2015,Asia,Diesel,All-wheel drive,5,2640,6,266.0,4920,18.6,28.5
2806,2008,Asia,Gasoline,Rear-wheel drive,4,2340,7,267.0,4550,21.1,30.9
2807,2019,Europe,Gasoline,All-wheel drive,3,2280,6,251.0,4630,17.2,27.2
2808,1988,USA,Hybrid,Rear-wheel drive,5,2340,6,256.0,4380,19.6,27.6
2809,1988,USA,Hybrid,Rear-wheel drive,2,2160,6,,4170,18.2,33.1
2810,1983,Asia,Gasoline,Front-wheel drive,3,2170,7,274.0,3950,20.1,28.7
2811,2020,Asia,Gasoline,All-wheel drive,3,2470,6,262.0,4500,18.2,29.3
2812,1985,USA,Diesel,Front-wheel drive,2,2250,6,273.0,4020,16.9,28.7
2813,2009,USA,Diesel,All-wheel drive,5,2230,6,269.0,4380,19.0,31.6
2814,2000,Europe,Gasoline,Front-wheel drive,3,2220,6,249.0,4120,18.6,33.9
2815,2001,Europe,Diesel,Front-wheel drive,2,2360,6,259.0,4140,20.2,33.7
2816,2011,Europe,Gasoline,Front-wheel drive,4,2250,6,242.0,4230,17.3,32.1
2817,1976,Asia,Gasoline,Front-wheel drive,3,2190,6,,4090,18.8,28.5
2818,1999,Asia,Diesel,Front-wheel drive,5,2290,6,264.0,4160,16.6,31.9
2819,1976,Europe,Hybrid,Rear-wheel drive,3,2480,6,,4330,18.9,27.0
2820,1982,USA,Gasoline,Front-wheel drive,3,2440,7,,4680,19.6,25.2
2821,1976,USA,Gasoline,Rear-wheel drive,4,2360,6,286.0,4460,20.3,25.8
2822,2009,USA,Hybrid,Rear-wheel drive,4,2540,7,278.0,4640,17.6,30.9
2823,1995,Europe,Gasoline,All-wheel drive,4,2180,6,234.0,4320,19.7,27.8
2824,1977,USA,Diesel,All-wheel drive,3,2490,7,291.0,4750,20.2,22.5
2825,1997,Europe,Gasoline,Rear-wheel drive,3,2380,6,256.0,4570,19.3,28.0
2826,2013,Asia,Gasoline,Front-wheel drive,3,2310,6,272.0,4410,17.9,32.8
2827,1976,USA,Gasoline,Front-wheel drive,2,2180,6,,4240,18.0,28.0
2828,1989,Europe,Diesel,All-wheel drive,3,2480,6,253.0,4260,17.2,27.9
2829,2003,Europe,Hybrid,Front-wheel drive,3,2050,5,218.0,3800,19.9,34.9
2830,2015,Europe,Gasoline,Front-wheel drive,4,2230,6,246.0,4240,18.3,30.7
2831,2011,USA,Gasoline,Front-wheel drive,5,2260,7,276.0,4550,17.9,27.7
2832,1980,Asia,Gasoline,Rear-wheel drive,3,2670,7,273.0,4690,17.9,22.5
2833,2005,USA,Gasoline,Front-wheel drive,4,2480,7,277.0,4440,17.9,28.5
2834,2006,Asia,Gasoline,Front-wheel drive,4,2260,6,254.0,4590,19.4,29.8
2835,2010,USA,Hybrid,All-wheel drive,5,2590,7,279.0,4920,19.5,29.6
2836,2013,Europe,Gasoline,All-wheel drive,4,2330,6,262.0,4710,19.9,28.6
2837,2015,Europe,Gasoline,Rear-wheel drive,4,1960,5,223.0,4200,19.7,31.0
2838,2010,Asia,Diesel,Front-wheel drive,3,2070,5,238.0,3920,18.0,34.6
2839,2008,Europe,Diesel,All-wheel drive,2,2370,6,274.0,4320,18.7,30.8
2840,1976,USA,Diesel,Front-wheel drive,3,2250,6,276.0,4410,20.0,30.5
2841,2022,Asia,Gasoline,Front-wheel drive,3,2300,7,265.0,4370,20.5,33.5
2842,1984,USA,Hybrid,Front-wheel drive,4,1980,5,244.0,4060,20.1,32.3
2843,2001,USA,Gasoline,Rear-wheel drive,4,2290,7,266.0,4550,17.9,26.2
2844,2024,Asia,Gasoline,Front-wheel drive,5,2310,6,255.0,4170,18.1,35.8
2845,2011,Asia,Hybrid,All-wheel drive,4,2160,6,255.0,4440,20.4,32.9
2846,2018,Asia,Gasoline,Front-wheel drive,5,2130,6,236.0,4170,17.2,31.8
2847,1988,USA,Gasoline,Rear-wheel drive,3,2390,6,276.0,4830,19.0,25.6
2848,1991,Europe,Gasoline,Front-wheel drive,3,2230,6,233.0,4070,19.5,31.2
2849,1982,Asia,Gasoline,Rear-wheel drive,4,2120,6,229.0,4200,19.0,30.5
2850,1990,Asia,Gasoline,Rear-wheel drive,5,2330,7,275.0,4440,18.9,25.2
2851,1994,Asia,Gasoline,Rear-wheel drive,4,2420,6,271.0,4220,19.9,27.2
2852,1994,USA,Gasoline,Front-wheel drive,4,2490,6,272.0,4220,19.5,29.5
2853,1983,USA,Gasoline,Front-wheel drive,3,2320,6,,4330,19.9,24.7
2854,2005,Asia,Gasoline,Front-wheel drive,3,2420,6,264.0,4340,16.6,28.1
2855,1988,Asia,Diesel,Front-wheel drive,2,2290,6,243.0,3870,19.2,32.1
2856,1986,Asia,Diesel,Front-wheel drive,5,2150,6,249.0,4290,17.1,30.9
2857,2008,Asia,Gasoline,Front-wheel drive,4,2010,6,247.0,4070,17.1,31.5
2858,2006,Europe,Diesel,Front-wheel drive,4,2180,6,268.0,4000,17.6,30.6
2859,1992,Europe,Hybrid,Front-wheel drive,2,2450,7,258.0,4220,20.3,36.6
2860,1981,USA,Gasoline,Front-wheel drive,3,2020,6,,4010,17.8,31.5
2861,2005,USA,Diesel,Front-wheel drive,3,2160,6,294.0,4140,17.7,32.3
2862,1998,Europe,Hybrid,Front-wheel drive,5,2260,6,264.0,4400,18.0,33.1
2863,1987,USA,Gasoline,Front-wheel drive,5,2330,6,270.0,4650,16.0,27.4
2864,2019,USA,Hybrid,Rear-wheel drive,4,2250,6,253.0,4440,18.8,34.7
2865,2003,Europe,Gasoline,Front-wheel drive,4,2510,7,253.0,4220,,31.4
2866,1980,Europe,Gasoline,Front-wheel drive,5,2310,6,253.0,4240,20.4,28.0
2867,1992,Asia,Diesel,All-wheel drive,4,2380,6,268.0,4520,17.8,28.7
2868,2009,USA,Diesel,Front-wheel drive,5,2190,5,264.0,4280,18.6,32.0
2869,1982,Asia,Gasoline,All-wheel drive,4,2410,6,267.0,4650,18.8,26.9
2870,2017,Asia,Gasoline,Rear-wheel drive,2,2170,6,235.0,4360,18.8,31.0
2871,1989,USA,Diesel,Front-wheel drive,3,2470,7,298.0,4560,18.1,29.8
2872,2023,Asia,Gasoline,Front-wheel drive,4,2370,6,257.0,4180,18.4,33.2
2873,2008,Asia,Diesel,Rear-wheel drive,3,2030,6,242.0,3880,17.4,34.1
2874,2024,USA,Gasoline,Rear-wheel drive,4,2090,5,244.0,4090,17.0,32.8
2875,2004,USA,Diesel,Front-wheel drive,2,2140,5,254.0,4200,18.9,34.4
2876,2021,Europe,Gasoline,All-wheel drive,3,2490,7,285.0,4570,20.2,32.4
2877,2014,Asia,Gasoline,Rear-wheel drive,4,2520,7,275.0,4450,20.2,32.6
2878,1978,Europe,Gasoline,All-wheel drive,5,2500,6,,4650,20.2,22.2
2879,2004,USA,Gasoline,Front-wheel drive,3,2150,6,251.0,4000,21.4,30.1
2880,2019,Europe,Diesel,Front-wheel drive,2,2250,6,257.0,3780,18.3,35.5
2881,1979,Europe,Gasoline,Front-wheel drive,2,2280,6,,4030,,29.3
2882,2015,Asia,Hybrid,All-wheel drive,4,1960,6,244.0,4120,20.0,35.8
2883,2020,Asia,Gasoline,Front-wheel drive,3,2320,6,259.0,4330,19.1,32.7
2884,1998,Europe,Gasoline,Rear-wheel drive,4,2280,5,243.0,3910,19.3,29.8
2885,2014,Asia,Hybrid,Rear-wheel drive,3,2380,6,246.0,4500,20.6,32.3
2886,1997,USA,Gasoline,Rear-wheel drive,5,2300,6,282.0,4590,21.0,25.9
2887,2007,USA,Gasoline,Front-wheel drive,4,2350,6,,4410,16.5,27.8
2888,1999,Europe,Gasoline,Front-wheel drive,5,2280,6,243.0,4230,20.2,28.2
2889,2020,Europe,Gasoline,Front-wheel drive,4,2340,6,254.0,4440,,29.6
2890,1989,Asia,Gasoline,Rear-wheel drive,3,2280,6,265.0,4390,20.7,27.7
2891,1986,Asia,Gasoline,All-wheel drive,3,2260,6,209.0,4290,16.4,27.6
2892,1979,USA,Hybrid,Front-wheel drive,3,2310,6,,4240,20.5,29.8
2893,2015,Europe,Hybrid,Front-wheel drive,3,2500,6,267.0,4440,18.7,36.6
2894,1988,Europe,Diesel,All-wheel drive,3,2270,6,268.0,4390,20.0,28.1
2895,1998,Asia,Gasoline,All-wheel drive,3,2320,6,252.0,4650,19.3,26.8
2896,1990,USA,Gasoline,All-wheel drive,2,2570,7,282.0,4630,16.9,24.1
2897,1990,Europe,Gasoline,Front-wheel drive,3,2120,6,239.0,4070,19.9,33.9
2898,2018,USA,Gasoline,Rear-wheel drive,3,2100,5,212.0,4340,19.1,28.5
2899,1981,Asia,Gasoline,Front-wheel drive,2,2290,6,,4170,19.5,28.1
2900,1996,Asia,Gasoline,All-wheel drive,3,2390,6,246.0,4460,19.4,29.7
2901,1987,Europe,Gasoline,Front-wheel drive,3,2240,6,224.0,4020,21.0,31.8
2902,2016,USA,Gasoline,All-wheel drive,3,2020,5,236.0,4100,19.2,29.8
2903,1980,Asia,Diesel,Front-wheel drive,3,2250,6,,4120,17.9,29.9
2904,1977,Asia,Gasoline,Rear-wheel drive,4,2430,7,,4360,18.4,27.4
2905,1987,USA,Gasoline,Rear-wheel drive,4,2640,6,287.0,4870,19.4,24.0
2906,2002,Asia,Diesel,Front-wheel drive,2,2180,6,239.0,4250,20.5,33.1
2907,2012,Europe,Gasoline,Rear-wheel drive,5,2370,6,240.0,4510,20.6,30.2
2908,1981,USA,Diesel,Front-wheel drive,4,2390,6,284.0,4360,16.5,29.1
2909,1989,Asia,Gasoline,Front-wheel drive,3,2390,6,288.0,4390,18.1,28.6
2910,2000,USA,Gasoline,Front-wheel drive,5,2290,6,237.0,4280,17.9,27.3
2911,2013,USA,Gasoline,Front-wheel drive,2,2470,7,279.0,4330,17.4,30.7
2912,1977,Asia,Gasoline,Rear-wheel drive,2,2000,5,211.0,3830,18.1,27.0
2913,2004,Asia,Hybrid,Front-wheel drive,5,2400,6,277.0,4550,19.8,35.7
2914,1977,Europe,Gasoline,Front-wheel drive,4,2440,6,253.0,4380,20.4,29.6
2915,1990,USA,Diesel,Front-wheel drive,5,2620,7,307.0,4690,20.2,28.4
2916,2023,Europe,Gasoline,Front-wheel drive,3,2160,6,228.0,4200,18.5,31.6
2917,2013,Europe,Gasoline,All-wheel drive,4,2030,6,236.0,4260,18.6,28.9
2918,2008,Asia,Gasoline,All-wheel drive,3,1970,6,230.0,4040,19.8,32.7
2919,2012,Asia,Gasoline,Front-wheel drive,4,2560,7,291.0,4570,18.6,30.0
2920,1995,USA,Gasoline,Front-wheel drive,2,2240,6,255.0,4160,19.7,31.7
2921,2008,Asia,Gasoline,Front-wheel drive,4,2170,6,257.0,4190,17.8,31.6
2922,1995,USA,Gasoline,Front-wheel drive,4,2140,5,239.0,4160,20.7,31.9
2923,1983,Europe,Diesel,Front-wheel drive,5,2150,6,,4320,18.0,33.8
2924,1992,USA,Gasoline,Front-wheel drive,5,2250,6,244.0,4050,17.6,28.6
2925,1981,Asia,Gasoline,Front-wheel drive,3,2170,5,,4380,18.9,25.3
2926,2020,Asia,Gasoline,Front-wheel drive,2,1930,5,216.0,3590,15.5,35.2
2927,1998,USA,Diesel,Rear-wheel drive,4,2090,5,250.0,4390,17.7,30.8
2928,2008,Asia,Gasoline,Front-wheel drive,5,2250,6,268.0,4050,19.3,30.6
2929,2014,Asia,Gasoline,Rear-wheel drive,2,2050,5,214.0,3960,18.0,32.4
2930,2018,USA,Diesel,All-wheel drive,2,2610,7,306.0,4950,21.8,28.7
2931,1991,USA,Hybrid,Front-wheel drive,5,1930,5,213.0,3780,17.6,31.3
2932,2005,USA,Diesel,Front-wheel drive,4,2290,6,280.0,4200,18.0,32.1
2933,1998,Asia,Diesel,Rear-wheel drive,2,2350,6,257.0,4320,19.1,30.6
2934,1981,Europe,Gasoline,Front-wheel drive,3,2530,7,,4340,19.8,27.3
2935,2000,USA,Gasoline,Front-wheel drive,4,2510,7,289.0,4440,19.0,27.7
2936,1995,Europe,Gasoline,Rear-wheel drive,5,2190,6,227.0,4330,20.9,24.8
2937,2015,USA,Hybrid,Front-wheel drive,3,2110,6,225.0,4170,16.3,37.4
2938,1979,USA,Gasoline,Rear-wheel drive,4,2510,7,295.0,4800,20.4,25.1
2939,1989,USA,Gasoline,All-wheel drive,4,2340,6,267.0,4520,17.4,24.3
2940,1982,USA,Gasoline,Rear-wheel drive,3,2010,6,214.0,3920,19.9,29.2
2941,1978,USA,Gasoline,Front-wheel drive,4,2060,5,,4010,19.1,27.4
2942,2008,Europe,Gasoline,Front-wheel drive,2,2430,6,267.0,4240,20.0,29.0
2943,1991,Europe,Hybrid,Front-wheel drive,3,2110,5,239.0,4030,18.8,33.1
2944,1980,Europe,Gasoline,Front-wheel drive,3,2240,6,242.0,3990,19.6,30.3
2945,2007,Asia,Gasoline,Front-wheel drive,3,1930,5,208.0,3960,21.9,31.2
2946,2006,Europe,Gasoline,Front-wheel drive,4,2290,6,236.0,4270,21.0,33.3
2947,1995,Asia,Gasoline,Front-wheel drive,5,2280,6,248.0,4230,19.0,31.8
2948,1992,USA,Diesel,Rear-wheel drive,3,2460,7,284.0,4390,19.3,29.1
2949,1987,Asia,Gasoline,Rear-wheel drive,3,2940,8,318.0,5280,19.7,26.5
2950,1994,USA,Gasoline,Rear-wheel drive,4,2510,7,286.0,4600,20.1,25.2
2951,1994,Asia,Gasoline,Front-wheel drive,3,2220,5,246.0,3970,16.6,30.7
2952,1990,USA,Hybrid,Front-wheel drive,4,2600,7,313.0,4290,18.1,31.3
2953,1988,Asia,Hybrid,Front-wheel drive,2,2360,6,264.0,4190,17.0,34.3
2954,2000,Europe,Gasoline,Front-wheel drive,3,1750,5,201.0,3810,18.4,31.4
2955,2006,USA,Gasoline,Rear-wheel drive,3,2180,5,251.0,4110,18.2,28.3
2956,1994,USA,Gasoline,Front-wheel drive,2,2560,6,271.0,4560,19.8,27.6
2957,1986,USA,Gasoline,Front-wheel drive,3,2360,6,284.0,4400,18.6,27.3
2958,2018,USA,Diesel,Front-wheel drive,4,2510,7,297.0,4560,19.3,31.8
2959,2012,Asia,Gasoline,Front-wheel drive,3,2330,7,263.0,3880,17.7,29.7
2960,1978,Asia,Gasoline,Front-wheel drive,3,1980,5,225.0,3540,18.7,30.5
2961,2017,USA,Gasoline,Rear-wheel drive,4,2290,6,287.0,4530,20.1,29.0
2962,2012,USA,Gasoline,Rear-wheel drive,5,2560,6,293.0,4760,18.6,25.9
2963,1977,USA,Gasoline,Front-wheel drive,4,2110,6,,4080,18.7,26.6
2964,1995,Asia,Gasoline,Front-wheel drive,2,2110,5,226.0,4100,19.0,29.3
2965,2004,USA,Gasoline,Front-wheel drive,3,1990,6,239.0,4130,18.1,30.1
2966,1984,USA,Diesel,All-wheel drive,2,2210,6,267.0,4420,20.4,28.3
2967,2008,Asia,Gasoline,All-wheel drive,4,2490,7,,4540,17.6,30.7
2968,1983,USA,Gasoline,Rear-wheel drive,2,2480,6,279.0,4580,20.6,24.0
2969,2002,USA,Gasoline,Rear-wheel drive,5,2390,6,278.0,4650,19.2,29.0
2970,1981,Europe,Diesel,Front-wheel drive,3,2410,6,291.0,4250,18.7,32.3
2971,2008,USA,Diesel,All-wheel drive,3,2350,5,282.0,4400,19.3,29.4
2972,1986,Europe,Gasoline,All-wheel drive,4,2170,6,222.0,4470,18.8,26.0
2973,2016,Europe,Gasoline,Front-wheel drive,4,2250,6,245.0,4220,19.0,33.9
2974,2010,Asia,Gasoline,Front-wheel drive,4,2290,6,246.0,4230,20.6,30.4
2975,1980,USA,Gasoline,All-wheel drive,4,2550,7,307.0,4760,18.7,24.2
2976,1997,Asia,Gasoline,All-wheel drive,5,2480,6,269.0,4500,20.8,31.5
2977,2011,Asia,Gasoline,All-wheel drive,4,2100,6,209.0,4380,21.0,30.2
2978,2020,USA,Gasoline,Front-wheel drive,2,2230,6,253.0,4200,19.2,32.1
2979,1994,USA,Hybrid,Rear-wheel drive,2,2390,6,256.0,4260,19.4,32.7
2980,2010,Asia,Gasoline,Front-wheel drive,2,2550,7,251.0,4160,17.3,31.0
2981,2012,Europe,Gasoline,Front-wheel drive,2,2280,6,238.0,4210,19.1,32.8
2982,1990,Asia,Gasoline,Front-wheel drive,5,2220,6,232.0,4290,19.8,31.6
2983,2022,USA,Gasoline,Front-wheel drive,4,2130,6,238.0,4090,18.0,32.9
2984,1998,Europe,Gasoline,Front-wheel drive,4,2320,6,253.0,4000,17.7,31.4
2985,2019,Europe,Diesel,Rear-wheel drive,4,2490,6,294.0,4530,17.8,34.0
2986,1976,USA,Diesel,Rear-wheel drive,5,2430,6,,4750,19.1,28.3
2987,2011,USA,Gasoline,Front-wheel drive,4,2290,7,262.0,4290,17.5,30.7
2988,2020,Asia,Gasoline,Front-wheel drive,3,2170,5,219.0,4130,19.7,37.6
2989,1997,USA,Gasoline,Rear-wheel drive,4,2120,5,228.0,4290,19.0,29.3
2990,2017,Europe,Gasoline,All-wheel drive,3,2280,6,240.0,4450,18.7,31.4
2991,2024,Asia,Gasoline,Front-wheel drive,4,2500,7,,4290,17.5,34.0
2992,2016,USA,Hybrid,Front-wheel drive,5,1990,5,240.0,4120,17.3,35.6
2993,1979,Asia,Hybrid,Front-wheel drive,3,2230,6,,3990,17.2,33.5
2994,1992,Europe,Gasoline,All-wheel drive,3,2380,6,248.0,4460,18.8,26.0
2995,2011,USA,Diesel,Rear-wheel drive,2,2210,6,256.0,4440,19.1,30.8
2996,1997,USA,Diesel,Front-wheel drive,2,2390,6,276.0,4000,16.3,27.8
2997,1983,Asia,Diesel,Front-wheel drive,4,2250,6,261.0,4180,20.9,33.2
2998,1977,USA,Diesel,Front-wheel drive,3,2680,6,308.0,4760,19.2,28.3
2999,1989,USA,Diesel,Front-wheel drive,2,2300,6,273.0,4200,18.5,29.6
3000,2013,Asia,Diesel,Front-wheel drive,2,2360,7,278.0,4280,15.8,32.9
3001,2022,Europe,Gasoline,Front-wheel drive,2,2640,7,296.0,4420,19.1,31.5
3002,1982,Europe,Gasoline,Rear-wheel drive,3,2430,6,,4220,20.1,25.5
3003,2003,Asia,Gasoline,All-wheel drive,3,2380,6,242.0,4470,20.1,32.0
3004,2007,USA,Gasoline,Front-wheel drive,3,2520,7,306.0,4670,18.4,28.3
3005,1986,Europe,Gasoline,Front-wheel drive,3,2350,6,260.0,4240,20.2,28.5
3006,2012,Europe,Gasoline,All-wheel drive,5,2100,6,238.0,4400,19.7,28.8
3007,2015,USA,Hybrid,Front-wheel drive,3,2040,6,238.0,4040,18.5,36.6
3008,2011,Europe,Diesel,Rear-wheel drive,3,2160,6,239.0,4490,,30.8
3009,2007,USA,Gasoline,Rear-wheel drive,5,2260,6,277.0,4450,17.4,27.8
3010,2019,Europe,Gasoline,Front-wheel drive,3,2050,6,237.0,4200,,31.0
3011,1983,Europe,Gasoline,Rear-wheel drive,4,2210,6,247.0,4440,18.8,29.2
3012,1987,USA,Gasoline,All-wheel drive,3,2120,6,241.0,4490,19.1,27.4
3013,1985,Asia,Diesel,Front-wheel drive,2,2660,7,278.0,4370,18.1,32.9
3014,2013,Europe,Gasoline,All-wheel drive,5,2350,6,257.0,4530,19.5,31.6
3015,2016,Europe,Gasoline,Front-wheel drive,4,2470,7,284.0,4180,17.1,32.1
3016,2004,Asia,Gasoline,All-wheel drive,3,2440,7,279.0,4630,21.2,28.0
3017,2014,Europe,Gasoline,All-wheel drive,4,2570,7,280.0,4530,19.4,29.8
3018,2004,Asia,Gasoline,Rear-wheel drive,3,2390,7,234.0,4480,19.6,31.3
3019,1992,USA,Gasoline,All-wheel drive,2,2180,6,257.0,4160,18.2,24.7
3020,1997,Europe,Gasoline,Front-wheel drive,4,2370,6,270.0,4030,18.4,31.3
3021,1978,USA,Gasoline,Front-wheel drive,4,2300,5,249.0,4190,19.1,27.5
3022,1992,Europe,Gasoline,Rear-wheel drive,5,2170,5,,4080,20.0,27.5
3023,1983,Asia,Gasoline,Rear-wheel drive,2,2470,6,261.0,4370,22.0,24.8
3024,1976,USA,Gasoline,Front-wheel drive,4,2190,5,240.0,4030,21.0,28.7
3025,1983,Asia,Diesel,Front-wheel drive,3,2270,6,,3970,17.9,31.5
3026,1987,USA,Gasoline,Front-wheel drive,3,2010,6,237.0,4290,20.9,29.2
3027,2011,Asia,Hybrid,Rear-wheel drive,3,2050,6,222.0,3870,19.0,36.8
3028,1987,Asia,Gasoline,All-wheel drive,2,2290,6,238.0,4510,18.9,25.7
3029,2015,USA,Gasoline,Front-wheel drive,3,2470,6,277.0,4500,19.8,31.0
3030,1995,Asia,Gasoline,Front-wheel drive,4,1910,6,223.0,3870,17.8,32.1
3031,1984,Asia,Gasoline,Rear-wheel drive,3,2320,6,,4300,18.2,27.7
3032,1988,USA,Gasoline,Front-wheel drive,5,2220,6,261.0,4360,18.6,30.3
3033,1999,Asia,Gasoline,Front-wheel drive,4,2220,6,249.0,3800,16.0,30.1
3034,2011,USA,Gasoline,Front-wheel drive,4,2420,6,,4610,17.1,28.0
3035,1996,USA,Gasoline,Front-wheel drive,2,2510,7,282.0,4570,19.9,25.1
3036,1975,USA,Gasoline,Rear-wheel drive,4,2610,7,316.0,4930,20.4,22.7
3037,2017,USA,Gasoline,Front-wheel drive,3,2070,6,240.0,4040,19.3,30.7
3038,2010,Asia,Gasoline,Rear-wheel drive,4,2690,7,277.0,4670,19.4,26.1
3039,2007,Asia,Gasoline,Front-wheel drive,2,2480,6,283.0,4250,19.2,31.3
3040,2000,Europe,Gasoline,Rear-wheel drive,2,2430,6,,4200,18.0,28.4
3041,1976,Europe,Diesel,Front-wheel drive,2,1990,6,,3830,19.8,31.1
3042,2006,USA,Diesel,Front-wheel drive,4,2250,6,278.0,4260,19.1,30.4
3043,2005,USA,Diesel,Rear-wheel drive,4,2340,5,275.0,4290,19.4,31.6
3044,1977,USA,Gasoline,Front-wheel drive,3,2390,6,266.0,4580,20.9,27.9
3045,2014,Asia,Gasoline,Front-wheel drive,3,1850,5,227.0,3630,16.7,34.3
3046,1983,Europe,Gasoline,Front-wheel drive,2,2280,6,,4190,21.8,29.0
3047,1978,Asia,Gasoline,Front-wheel drive,3,2110,6,217.0,3900,19.3,32.3
3048,2000,Asia,Gasoline,Front-wheel drive,5,2360,7,265.0,4390,20.5,30.6
3049,1982,USA,Gasoline,Front-wheel drive,4,2440,6,269.0,4370,20.6,27.8
3050,2004,USA,Gasoline,Front-wheel drive,4,2090,5,233.0,4120,17.5,27.7
3051,1994,USA,Gasoline,Rear-wheel drive,5,2390,6,292.0,4540,19.9,26.3
3052,1975,Europe,Gasoline,Front-wheel drive,2,2420,6,260.0,4300,19.0,28.3
3053,2019,Asia,Diesel,Front-wheel drive,3,2170,6,248.0,4140,17.3,32.7
3054,1978,USA,Hybrid,Front-wheel drive,3,2060,5,246.0,4160,16.7,31.8
3055,1991,USA,Gasoline,Front-wheel drive,4,2490,6,281.0,4540,19.7,23.4
3056,2020,Asia,Hybrid,Front-wheel drive,3,2480,7,274.0,4170,18.8,35.6
3057,1992,USA,Gasoline,Front-wheel drive,2,2250,6,270.0,4480,20.7,26.7
3058,2013,Asia,Gasoline,Front-wheel drive,2,2400,6,249.0,4240,18.9,31.5
3059,2015,USA,Gasoline,All-wheel drive,2,2250,6,266.0,4450,20.3,27.0
3060,2016,Asia,Gasoline,Rear-wheel drive,4,2370,7,263.0,4580,20.3,31.4
3061,2006,USA,Gasoline,Front-wheel drive,2,2070,6,255.0,4080,20.0,31.0
3062,1981,USA,Gasoline,Rear-wheel drive,3,2330,7,252.0,4560,19.4,26.6
3063,1997,Asia,Gasoline,Front-wheel drive,5,2120,6,251.0,4280,16.4,29.9
3064,1976,Asia,Gasoline,Front-wheel drive,4,2200,6,242.0,4140,20.3,28.2
3065,1998,Asia,Gasoline,Rear-wheel drive,2,2230,6,242.0,4010,21.9,31.1
3066,2004,USA,Hybrid,Front-wheel drive,3,2070,6,267.0,4000,19.4,35.6
3067,2007,USA,Diesel,Front-wheel drive,2,2180,6,278.0,4180,19.8,32.5
3068,2008,USA,Gasoline,All-wheel drive,4,2350,7,250.0,4270,18.0,29.7
3069,2007,Asia,Gasoline,Front-wheel drive,2,2340,6,266.0,4130,17.7,31.9
3070,2016,USA,Hybrid,Front-wheel drive,5,2350,7,267.0,4390,17.7,34.9
3071,2002,USA,Gasoline,Front-wheel drive,5,2160,6,259.0,4270,18.7,29.2
3072,1996,USA,Hybrid,Front-wheel drive,3,2480,6,284.0,4490,18.3,31.5
3073,1986,Asia,Hybrid,Rear-wheel drive,3,2150,6,259.0,4270,18.6,33.5
3074,1987,Asia,Gasoline,Rear-wheel drive,3,2480,7,258.0,4570,18.0,27.4
3075,2008,USA,Gasoline,Rear-wheel drive,3,2430,6,279.0,4430,17.9,28.6
3076,1979,USA,Gasoline,Front-wheel drive,4,2180,6,260.0,4340,20.9,26.4
3077,1983,Asia,Diesel,Front-wheel drive,3,2210,6,241.0,3920,20.2,32.9
3078,1977,USA,Gasoline,Front-wheel drive,3,2600,7,,4670,20.2,26.4
3079,1988,Asia,Gasoline,Front-wheel drive,2,2440,6,262.0,3980,16.4,29.3
3080,1987,Asia,Gasoline,Front-wheel drive,3,2460,6,268.0,4390,18.1,27.2
3081,2024,USA,Gasoline,Rear-wheel drive,4,2160,6,246.0,4500,20.1,30.0
3082,2011,USA,Diesel,Front-wheel drive,3,2240,6,260.0,4210,17.6,32.6
3083,1980,Asia,Diesel,Front-wheel drive,5,2310,7,290.0,4430,17.1,30.9
3084,2008,USA,Gasoline,Front-wheel drive,3,2190,6,254.0,3900,18.9,28.5
3085,1977,Asia,Diesel,Rear-wheel drive,3,2110,6,,3940,18.0,31.4
3086,2007,USA,Diesel,Rear-wheel drive,4,2210,6,275.0,4410,17.5,31.9
3087,1994,Europe,Gasoline,All-wheel drive,3,1820,6,215.0,3920,18.6,31.1
3088,1991,USA,Diesel,Rear-wheel drive,4,2470,6,297.0,4470,18.2,29.4
3089,1983,USA,Gasoline,All-wheel drive,3,2330,6,,4590,20.2,22.5
3090,2017,Asia,Gasoline,Front-wheel drive,3,2230,6,267.0,4170,18.0,32.9
3091,1979,Europe,Diesel,Front-wheel drive,5,2370,6,248.0,4240,19.3,30.9
3092,2021,USA,Gasoline,Front-wheel drive,2,2550,7,290.0,4400,18.0,29.6
3093,2019,Asia,Gasoline,Rear-wheel drive,3,2440,6,229.0,4280,19.3,32.5
3094,1991,Europe,Gasoline,All-wheel drive,2,2240,6,252.0,4090,18.3,28.2
3095,1990,Europe,Hybrid,Rear-wheel drive,4,2270,6,250.0,4600,19.1,31.0
3096,2016,Europe,Gasoline,All-wheel drive,4,2060,6,243.0,4330,,32.4
3097,1996,USA,Diesel,Rear-wheel drive,5,2270,6,256.0,4320,18.2,28.6
3098,2007,USA,Gasoline,Front-wheel drive,4,2150,5,247.0,4360,19.2,30.4
3099,2007,USA,Gasoline,Front-wheel drive,4,2550,7,295.0,4310,18.8,27.8
3100,2015,Europe,Gasoline,Rear-wheel drive,3,2560,6,253.0,4610,20.6,31.9
3101,2003,Europe,Gasoline,Rear-wheel drive,4,2190,6,233.0,4580,18.6,27.8
3102,1994,Asia,Gasoline,All-wheel drive,3,2750,7,288.0,4910,19.9,26.8
3103,2011,Asia,Diesel,Rear-wheel drive,2,1850,5,225.0,3790,18.6,35.6
3104,1979,USA,Gasoline,All-wheel drive,3,2330,6,282.0,4630,19.5,22.0
3105,2024,USA,Gasoline,Front-wheel drive,3,2110,6,253.0,4210,19.7,31.0
3106,2023,Asia,Gasoline,Front-wheel drive,5,2320,6,223.0,4120,18.5,31.5
3107,2006,Europe,Gasoline,Front-wheel drive,3,2180,6,247.0,4050,16.8,31.4
3108,1999,USA,Gasoline,Rear-wheel drive,4,2240,6,240.0,4380,19.1,27.8
3109,1975,USA,Gasoline,Rear-wheel drive,2,2300,6,,4490,18.2,27.6
3110,2010,USA,Diesel,Front-wheel drive,3,2460,6,303.0,4260,19.2,34.0
3111,1984,USA,Diesel,Front-wheel drive,2,2220,6,265.0,4140,17.1,31.0
3112,1993,USA,Gasoline,Rear-wheel drive,3,2180,6,283.0,4350,18.8,26.8
3113,2017,Asia,Gasoline,Front-wheel drive,4,2400,6,260.0,4380,19.0,30.5
3114,2022,USA,Gasoline,Front-wheel drive,3,2330,7,284.0,4270,17.5,32.4
3115,1993,Europe,Gasoline,Front-wheel drive,4,2130,6,206.0,4160,18.1,31.4
3116,2008,USA,Gasoline,Front-wheel drive,5,2350,6,261.0,4360,18.9,29.5
3117,1993,Europe,Gasoline,All-wheel drive,2,1750,5,209.0,3840,,31.4
3118,2017,USA,Gasoline,All-wheel drive,4,2330,6,267.0,4580,18.5,26.5
3119,1986,USA,Gasoline,Front-wheel drive,5,2160,6,242.0,4020,19.0,28.4
3120,1981,USA,Gasoline,Front-wheel drive,4,2200,6,233.0,4160,19.1,28.0
3121,1992,Europe,Hybrid,All-wheel drive,3,2510,6,258.0,4770,20.3,29.5
3122,1998,Europe,Diesel,All-wheel drive,4,2660,7,300.0,4860,20.3,28.8
3123,1999,USA,Gasoline,Front-wheel drive,4,2350,6,280.0,4570,18.2,24.5
3124,1993,Asia,Gasoline,All-wheel drive,5,2320,6,236.0,4250,20.3,30.4
3125,1988,Europe,Hybrid,All-wheel drive,4,2380,7,288.0,4290,20.2,31.4
3126,2012,USA,Diesel,Rear-wheel drive,2,2300,7,262.0,4230,18.8,31.0
3127,1989,USA,Gasoline,Front-wheel drive,3,2410,6,284.0,4320,19.2,30.1
3128,2009,Europe,Gasoline,Front-wheel drive,5,2470,7,268.0,4460,19.6,31.6
3129,2010,Asia,Gasoline,Rear-wheel drive,3,2260,6,228.0,4190,19.6,31.5
3130,2002,USA,Gasoline,Rear-wheel drive,4,2200,5,246.0,4650,19.0,27.1
3131,2001,Asia,Diesel,All-wheel drive,4,2260,6,262.0,4380,16.1,30.2
3132,1982,USA,Hybrid,Front-wheel drive,5,2230,6,249.0,4370,19.8,29.8
3133,2017,USA,Gasoline,Rear-wheel drive,2,2100,5,241.0,4100,18.5,31.6
3134,1979,USA,Gasoline,Front-wheel drive,3,1870,5,,3640,17.5,29.4
3135,1976,USA,Gasoline,Front-wheel drive,3,2530,6,,4230,19.4,27.7
3136,1990,USA,Hybrid,Front-wheel drive,4,2260,6,284.0,4350,19.2,31.2
3137,2014,Europe,Diesel,All-wheel drive,5,2210,6,277.0,4390,19.9,31.3
3138,1997,Europe,Gasoline,Front-wheel drive,3,2210,6,265.0,4230,20.9,32.2
3139,2011,USA,Gasoline,Front-wheel drive,2,2350,6,292.0,4260,18.5,29.3
3140,2020,USA,Gasoline,All-wheel drive,3,2320,6,265.0,4510,18.9,30.8
3141,2013,USA,Diesel,Rear-wheel drive,2,2530,7,311.0,4550,17.9,29.2
3142,1998,Europe,Gasoline,Rear-wheel drive,3,2230,6,234.0,4220,19.3,29.6
3143,2019,Asia,Gasoline,All-wheel drive,2,2650,6,274.0,4560,20.7,30.5
3144,1998,Asia,Gasoline,All-wheel drive,4,2380,6,258.0,4320,19.5,30.4
3145,1978,USA,Diesel,Front-wheel drive,3,2240,5,,4090,17.7,30.1
3146,2007,Europe,Gasoline,All-wheel drive,4,1770,5,200.0,3810,,33.2
3147,2007,Europe,Gasoline,Front-wheel drive,4,2310,6,264.0,4200,17.2,32.8
3148,1989,USA,Gasoline,All-wheel drive,3,2010,6,252.0,4130,18.1,26.6
3149,2002,USA,Gasoline,Front-wheel drive,5,2150,6,256.0,4190,18.0,30.9
3150,2020,USA,Diesel,All-wheel drive,3,2170,6,271.0,4530,18.5,32.6
3151,2024,Asia,Hybrid,Front-wheel drive,4,2110,5,234.0,3980,18.7,38.0
3152,2006,Asia,Gasoline,All-wheel drive,3,2230,6,236.0,4370,17.3,29.8
3153,1983,Europe,Gasoline,Rear-wheel drive,3,2190,6,,4240,20.5,26.1
3154,1980,Asia,Gasoline,Front-wheel drive,4,2140,6,240.0,3720,18.5,31.5
3155,1995,USA,Gasoline,Rear-wheel drive,5,2310,7,279.0,4800,19.9,25.3
3156,2021,USA,Gasoline,Front-wheel drive,4,2360,6,283.0,4420,17.7,33.3
3157,2012,USA,Gasoline,All-wheel drive,3,2520,7,275.0,4730,19.4,26.7
3158,1975,Europe,Gasoline,Front-wheel drive,3,2410,7,,4170,18.7,27.8
3159,2019,USA,Gasoline,Front-wheel drive,5,2420,6,272.0,4530,16.8,28.7
3160,2001,Asia,Gasoline,Front-wheel drive,5,2170,6,243.0,4020,18.1,32.0
3161,2001,Europe,Diesel,Rear-wheel drive,5,2100,5,244.0,4260,18.3,31.6
3162,2010,Europe,Gasoline,Rear-wheel drive,3,2350,6,253.0,4420,20.6,29.6
3163,2001,Europe,Gasoline,Front-wheel drive,3,2240,6,250.0,3890,18.8,31.4
3164,2010,Asia,Gasoline,All-wheel drive,2,2380,6,230.0,4250,18.4,31.5
3165,2005,USA,Gasoline,All-wheel drive,5,2420,6,280.0,4430,20.0,29.3
3166,2007,USA,Gasoline,Rear-wheel drive,4,2290,6,254.0,4580,18.6,27.1
3167,2013,Asia,Gasoline,Rear-wheel drive,4,2350,6,251.0,4320,16.5,30.5
3168,1997,Europe,Hybrid,Front-wheel drive,3,2290,6,236.0,4000,20.1,37.3
3169,1990,Europe,Gasoline,Front-wheel drive,4,2260,6,244.0,4120,17.7,29.6
3170,1989,Asia,Diesel,Front-wheel drive,4,2290,6,260.0,4370,18.0,29.1
3171,1986,Asia,Gasoline,All-wheel drive,5,1990,6,226.0,4300,21.1,28.8
3172,2014,USA,Gasoline,Front-wheel drive,5,2250,6,255.0,4290,18.2,31.3
3173,2003,Asia,Diesel,All-wheel drive,2,2200,6,244.0,4410,19.6,33.5
3174,2011,Asia,Gasoline,Front-wheel drive,3,2310,6,255.0,4120,18.2,31.6
3175,2007,USA,Gasoline,All-wheel drive,5,2360,6,268.0,4510,18.2,26.4
3176,2004,Asia,Gasoline,Rear-wheel drive,2,2280,6,269.0,4400,19.4,28.4
3177,1993,Europe,Gasoline,All-wheel drive,5,2370,7,252.0,4240,19.8,29.6
3178,1989,Europe,Gasoline,Front-wheel drive,5,2440,6,272.0,4540,19.3,25.5
3179,2022,USA,Gasoline,Front-wheel drive,3,2090,5,228.0,4000,18.9,30.5
3180,1982,Asia,Hybrid,Front-wheel drive,2,2120,5,,3790,20.0,34.3
3181,2001,Asia,Gasoline,Rear-wheel drive,4,2220,6,250.0,4280,18.2,30.1
3182,1999,Asia,Gasoline,Rear-wheel drive,2,2410,6,269.0,4280,17.5,28.5
3183,2017,Asia,Hybrid,All-wheel drive,3,2140,6,248.0,4000,17.5,33.6
3184,2023,USA,Gasoline,Rear-wheel drive,4,2460,6,261.0,4410,18.4,29.3
3185,1985,Asia,Gasoline,Front-wheel drive,5,2210,6,241.0,4200,19.6,28.7
3186,2018,USA,Gasoline,Front-wheel drive,2,1890,5,211.0,3870,18.5,35.7
3187,1985,Europe,Diesel,Front-wheel drive,3,2080,6,232.0,4170,20.7,29.9
3188,2012,Asia,Diesel,Rear-wheel drive,3,2120,6,239.0,4120,16.3,31.4
3189,2008,Europe,Gasoline,Rear-wheel drive,4,2260,6,237.0,4100,16.5,28.8
3190,1980,USA,Diesel,All-wheel drive,2,2520,7,306.0,4660,19.6,24.0
3191,1995,USA,Hybrid,All-wheel drive,5,2330,6,255.0,4810,21.6,29.0
3192,2011,USA,Gasoline,Rear-wheel drive,5,2390,6,273.0,4680,18.5,27.5
3193,1979,Europe,Gasoline,Front-wheel drive,5,2130,6,,4360,20.3,26.6
3194,2021,Europe,Diesel,All-wheel drive,5,2350,7,265.0,4710,19.1,32.3
3195,2006,Asia,Gasoline,Rear-wheel drive,4,1970,6,221.0,4360,17.8,31.0
3196,2018,USA,Hybrid,Front-wheel drive,4,2560,7,292.0,4540,18.3,31.5
3197,1994,Europe,Diesel,Front-wheel drive,3,2320,7,265.0,4050,18.8,32.4
3198,1980,USA,Gasoline,Front-wheel drive,5,2380,7,,4640,18.9,26.8
3199,2016,Asia,Gasoline,Front-wheel drive,3,1920,6,207.0,4110,18.3,34.8
3200,2015,Asia,Gasoline,All-wheel drive,2,2440,7,255.0,4620,22.0,30.4
3201,1976,USA,Gasoline,Front-wheel drive,4,2500,7,,4490,18.4,25.1
3202,1995,Europe,Gasoline,All-wheel drive,2,2250,6,255.0,4390,18.1,29.4
3203,1994,USA,Gasoline,All-wheel drive,3,2610,6,290.0,4730,20.3,24.6
3204,1976,Asia,Hybrid,Front-wheel drive,2,2090,5,240.0,3860,16.5,31.6
3205,1983,USA,Gasoline,Front-wheel drive,2,2180,6,266.0,4060,17.1,26.9
3206,1978,Asia,Hybrid,All-wheel drive,2,2370,6,,4560,19.6,30.4
3207,2018,USA,Gasoline,Front-wheel drive,4,2070,6,231.0,4260,19.4,34.0
3208,1996,Europe,Gasoline,All-wheel drive,5,2320,6,245.0,4420,19.0,28.8
3209,1976,Europe,Gasoline,Front-wheel drive,5,2010,5,223.0,3920,19.4,28.2
3210,1997,USA,Gasoline,Rear-wheel drive,4,2160,6,233.0,4200,19.3,28.1
3211,1997,USA,Gasoline,All-wheel drive,2,2460,6,274.0,4550,18.6,26.6
3212,1998,Europe,Gasoline,Front-wheel drive,4,2190,6,239.0,3970,16.6,30.8
3213,2013,Asia,Gasoline,All-wheel drive,2,2360,6,261.0,4490,20.1,28.5
3214,1994,Asia,Gasoline,Front-wheel drive,3,2180,6,235.0,4130,17.5,30.1
3215,2003,Europe,Gasoline,Front-wheel drive,3,2150,6,236.0,4110,18.4,36.4
3216,2019,USA,Gasoline,All-wheel drive,2,2570,6,292.0,4700,18.7,28.4
3217,2020,Asia,Gasoline,Front-wheel drive,4,2000,6,245.0,3790,17.1,34.1
3218,1976,Asia,Hybrid,Rear-wheel drive,4,2310,5,240.0,4350,19.0,29.4
3219,1991,USA,Gasoline,Front-wheel drive,4,2260,7,235.0,4320,18.9,27.4
3220,2015,USA,Diesel,All-wheel drive,4,2210,6,300.0,4480,19.6,30.8
3221,2000,USA,Gasoline,Front-wheel drive,5,2570,7,304.0,4650,19.3,26.4
3222,2012,Europe,Gasoline,All-wheel drive,4,2260,6,256.0,4450,20.5,31.3
3223,1997,Europe,Gasoline,Front-wheel drive,4,2240,6,253.0,4070,18.4,30.1
3224,2012,Europe,Gasoline,Front-wheel drive,2,1970,6,237.0,3990,17.9,31.9
3225,1975,USA,Diesel,All-wheel drive,3,2370,6,283.0,4540,19.4,27.6
3226,2023,USA,Diesel,Front-wheel drive,2,1970,5,246.0,3990,18.6,36.2
3227,2004,Asia,Gasoline,All-wheel drive,4,2260,6,245.0,4420,19.4,29.9
3228,1977,USA,Gasoline,Front-wheel drive,4,2250,6,255.0,4100,17.8,26.1
3229,1985,Asia,Hybrid,Rear-wheel drive,3,2340,7,262.0,4330,19.0,32.4
3230,1997,USA,Gasoline,Rear-wheel drive,4,2200,5,249.0,4090,19.2,33.4
3231,1989,USA,Diesel,Rear-wheel drive,3,2250,6,276.0,4310,17.5,28.9
3232,2020,USA,Gasoline,Front-wheel drive,5,2260,6,264.0,4170,19.5,33.2
3233,1987,Asia,Diesel,Front-wheel drive,2,2380,6,277.0,4310,19.5,28.5
3234,1991,Europe,Gasoline,Rear-wheel drive,4,2360,6,244.0,4620,21.7,27.7
3235,1990,Europe,Hybrid,Front-wheel drive,5,2420,6,253.0,4430,18.0,33.0
3236,1986,Asia,Gasoline,Front-wheel drive,5,2130,6,259.0,3850,17.7,27.7
3237,2001,Europe,Gasoline,All-wheel drive,3,2060,6,206.0,4030,,32.0
3238,2002,Europe,Gasoline,All-wheel drive,4,2260,6,262.0,4590,23.4,29.2
3239,2017,USA,Gasoline,Front-wheel drive,4,2180,6,240.0,4230,18.6,31.3
3240,2000,USA,Gasoline,Front-wheel drive,4,1970,6,258.0,4070,17.8,30.3
3241,1987,USA,Hybrid,Front-wheel drive,5,2180,6,233.0,4100,21.2,32.9
3242,1981,USA,Gasoline,Rear-wheel drive,4,2650,7,302.0,4760,20.8,22.0
3243,1992,Europe,Gasoline,Front-wheel drive,3,2300,6,271.0,4330,19.4,31.5
3244,2006,USA,Gasoline,Front-wheel drive,2,2300,6,254.0,4250,18.5,30.8
3245,2006,Asia,Diesel,Front-wheel drive,2,2080,6,231.0,4210,20.4,36.8
3246,1987,USA,Gasoline,Rear-wheel drive,2,2190,5,263.0,3880,20.0,26.2
3247,2003,USA,Gasoline,Front-wheel drive,2,2220,6,240.0,4360,19.1,29.5
3248,2008,Asia,Gasoline,All-wheel drive,4,1960,5,182.0,4470,18.8,32.6
3249,2000,Asia,Gasoline,Front-wheel drive,4,2180,6,235.0,4090,19.3,29.0
3250,2005,USA,Gasoline,Front-wheel drive,5,2240,7,270.0,4330,19.0,29.3
3251,2015,USA,Gasoline,All-wheel drive,2,2230,6,260.0,4360,18.4,28.8
3252,1996,Asia,Gasoline,Front-wheel drive,3,2390,6,266.0,4220,19.6,28.0
3253,1994,Europe,Gasoline,Rear-wheel drive,3,2310,6,238.0,4140,18.9,30.2
3254,1978,Europe,Gasoline,All-wheel drive,3,2300,6,,4380,,27.7
3255,1992,Europe,Hybrid,Front-wheel drive,3,2520,6,283.0,4450,16.4,30.8
3256,1989,USA,Diesel,Front-wheel drive,4,1940,5,240.0,3880,17.7,32.7
3257,1986,USA,Gasoline,Front-wheel drive,5,2300,6,245.0,4270,18.4,27.8
3258,1976,USA,Gasoline,Front-wheel drive,2,2360,6,,4170,18.2,25.3
3259,2014,Europe,Gasoline,Rear-wheel drive,5,2190,6,246.0,4360,19.7,30.7
3260,2001,USA,Hybrid,Rear-wheel drive,2,2310,7,278.0,4540,18.3,30.1
3261,1981,Asia,Diesel,Front-wheel drive,2,1810,5,211.0,3910,19.6,32.5
3262,1989,Asia,Gasoline,Front-wheel drive,5,2420,6,263.0,4380,20.0,28.8
3263,2020,Asia,Gasoline,All-wheel drive,3,2180,5,239.0,4180,19.2,34.8
3264,2013,Asia,Gasoline,Front-wheel drive,3,2160,6,223.0,4140,20.0,33.2
3265,2014,USA,Gasoline,All-wheel drive,5,2280,6,276.0,4460,21.3,26.9
3266,2005,Asia,Gasoline,Rear-wheel drive,4,1980,6,194.0,4420,20.4,31.3
3267,1992,USA,Gasoline,Front-wheel drive,4,2280,6,260.0,4360,18.5,28.4
3268,2007,USA,Gasoline,Front-wheel drive,5,2070,5,222.0,4230,20.0,32.5
3269,2005,Asia,Gasoline,Front-wheel drive,5,2470,7,281.0,4470,19.0,32.0
3270,2007,Asia,Hybrid,Front-wheel drive,5,2390,6,,4450,19.8,34.9
3271,2006,Europe,Hybrid,Front-wheel drive,2,2010,6,244.0,3910,19.0,36.4
3272,1993,Asia,Gasoline,Front-wheel drive,5,2260,5,233.0,4350,18.8,32.9
3273,1981,USA,Gasoline,Rear-wheel drive,4,2420,6,,4700,18.5,24.5
3274,2016,USA,Gasoline,Front-wheel drive,4,2420,6,264.0,4530,17.3,29.4
3275,1977,USA,Gasoline,Front-wheel drive,4,2410,6,293.0,4450,15.8,24.6
3276,1975,USA,Diesel,Front-wheel drive,3,2700,7,300.0,4580,18.8,27.4
3277,2005,USA,Diesel,Rear-wheel drive,4,2420,6,287.0,4530,18.1,27.8
3278,2018,Asia,Diesel,Front-wheel drive,3,2370,7,257.0,4370,19.3,30.2
3279,1976,USA,Diesel,Rear-wheel drive,3,2200,6,,4200,17.2,28.2
3280,2019,Europe,Gasoline,Rear-wheel drive,2,2250,6,243.0,4460,,31.6
3281,1999,USA,Gasoline,Front-wheel drive,3,2590,7,296.0,4960,18.0,28.0
3282,1997,Asia,Diesel,Front-wheel drive,3,2020,5,218.0,3710,18.3,34.1
3283,2008,Asia,Hybrid,All-wheel drive,5,2120,6,256.0,4580,20.1,33.6
3284,1985,USA,Gasoline,Rear-wheel drive,5,2370,6,275.0,4530,18.3,28.2
3285,2015,USA,Diesel,Rear-wheel drive,3,2350,6,270.0,4530,17.4,30.1
3286,2002,Europe,Gasoline,Rear-wheel drive,3,2470,7,271.0,4610,19.7,28.4
3287,2023,USA,Diesel,All-wheel drive,5,2210,6,281.0,4810,18.2,29.0
3288,1989,Europe,Hybrid,Front-wheel drive,3,2560,7,248.0,4380,,30.7
3289,2008,Asia,Gasoline,Front-wheel drive,3,2150,6,233.0,4130,19.3,31.1
3290,1993,Asia,Diesel,Rear-wheel drive,5,2270,6,256.0,4540,18.2,29.6
3291,1984,Europe,Diesel,Front-wheel drive,4,2390,6,,4280,18.2,29.5
3292,2011,Europe,Gasoline,Front-wheel drive,3,2190,6,216.0,4000,17.2,34.6
3293,1977,USA,Hybrid,Rear-wheel drive,3,2300,6,,4420,19.5,30.9
3294,1993,Asia,Gasoline,Front-wheel drive,4,2570,7,279.0,4060,18.4,30.1
3295,1987,USA,Diesel,Front-wheel drive,2,2150,6,247.0,3980,20.3,31.2
3296,1997,Europe,Gasoline,Front-wheel drive,2,2330,6,251.0,4130,18.2,30.7
3297,2006,Asia,Diesel,Front-wheel drive,4,2420,7,272.0,4350,18.2,33.1
3298,2002,Europe,Gasoline,Front-wheel drive,4,2130,5,,4300,20.1,29.6
3299,2006,Europe,Gasoline,All-wheel drive,2,2090,6,220.0,4110,17.9,32.4
3300,2011,Asia,Gasoline,Front-wheel drive,4,2340,6,248.0,4270,20.7,32.0
3301,1997,Asia,Gasoline,Front-wheel drive,4,2390,7,264.0,4250,17.5,32.7
3302,1998,USA,Gasoline,Front-wheel drive,4,2060,5,234.0,4230,18.5,30.5
3303,2021,USA,Gasoline,Front-wheel drive,4,2380,7,256.0,4510,18.8,30.9
3304,1986,Europe,Gasoline,Rear-wheel drive,5,2450,6,261.0,4660,21.6,25.0
3305,1985,Asia,Gasoline,Front-wheel drive,3,2160,6,239.0,4210,19.1,30.5
3306,2002,Asia,Gasoline,Rear-wheel drive,4,2330,6,264.0,4540,17.9,28.4
3307,2019,Europe,Gasoline,Front-wheel drive,3,2110,5,235.0,3940,18.0,35.3
3308,1996,Europe,Gasoline,Front-wheel drive,4,2250,6,256.0,4100,18.6,28.3
3309,1990,Asia,Gasoline,Front-wheel drive,3,2380,7,256.0,4270,19.6,29.9
3310,2007,USA,Gasoline,Front-wheel drive,5,2160,6,262.0,4280,18.5,27.1
3311,2000,Europe,Gasoline,Rear-wheel drive,4,2290,6,273.0,4430,,29.5
3312,2012,Europe,Gasoline,Front-wheel drive,3,2360,6,244.0,4100,16.5,29.8
3313,1978,Europe,Gasoline,Front-wheel drive,2,2210,6,253.0,3710,,28.8
3314,2019,Europe,Gasoline,All-wheel drive,3,2240,6,256.0,4150,16.7,28.2
3315,1990,USA,Gasoline,Rear-wheel drive,4,2360,6,255.0,4350,18.9,26.2
3316,1983,USA,Gasoline,Front-wheel drive,4,2500,7,292.0,4460,18.5,24.7
3317,1997,Europe,Gasoline,Front-wheel drive,3,2340,6,251.0,4310,18.1,32.5
3318,2018,USA,Gasoline,Front-wheel drive,4,2250,6,259.0,4480,19.1,32.0
3319,2002,Europe,Gasoline,All-wheel drive,3,2210,6,253.0,4180,20.0,28.0
3320,2014,Asia,Diesel,Rear-wheel drive,4,2260,6,268.0,4210,17.8,35.1
3321,2012,Europe,Gasoline,Front-wheel drive,2,1930,5,220.0,3600,18.4,36.5
3322,2003,USA,Gasoline,Front-wheel drive,3,2360,6,245.0,4370,19.4,28.8
3323,1989,Europe,Gasoline,Front-wheel drive,3,2250,6,246.0,4160,19.9,30.8
3324,1985,Europe,Diesel,Front-wheel drive,3,2060,5,234.0,4030,18.1,30.2
3325,1985,Asia,Hybrid,All-wheel drive,3,2030,5,217.0,4120,18.5,35.5
3326,2013,Europe,Hybrid,All-wheel drive,3,2400,7,275.0,4430,,34.3
3327,1976,USA,Gasoline,Front-wheel drive,3,2340,6,265.0,4030,18.4,25.0
3328,2005,USA,Gasoline,All-wheel drive,3,2290,6,228.0,4490,20.6,30.5
3329,1999,Europe,Diesel,Rear-wheel drive,4,2580,7,287.0,4630,19.0,27.8
3330,1983,USA,Diesel,Front-wheel drive,3,2350,6,291.0,4630,19.9,28.2
3331,1987,Europe,Gasoline,Front-wheel drive,5,2470,6,266.0,3960,18.3,31.6
3332,2005,USA,Gasoline,Front-wheel drive,3,2120,6,240.0,4300,19.3,28.2
3333,2019,Asia,Gasoline,Rear-wheel drive,2,2400,6,259.0,4230,16.9,31.2
3334,1997,USA,Gasoline,Front-wheel drive,3,2420,7,,4280,19.6,31.2
3335,2006,USA,Gasoline,All-wheel drive,3,2430,6,278.0,4480,19.8,24.5
3336,1992,USA,Diesel,Front-wheel drive,4,2280,6,270.0,4370,18.5,27.5
3337,2011,Asia,Gasoline,All-wheel drive,4,2290,6,235.0,4340,19.2,32.4
3338,2006,USA,Hybrid,Rear-wheel drive,4,2370,6,262.0,4650,20.3,29.6
3339,2011,Asia,Gasoline,Front-wheel drive,3,2320,6,233.0,4170,18.8,30.3
3340,1982,Asia,Gasoline,Front-wheel drive,4,2060,6,,4050,19.8,31.7
3341,2019,Europe,Gasoline,Front-wheel drive,3,2250,6,,4340,19.8,31.7
3342,1979,USA,Gasoline,Rear-wheel drive,4,2340,7,,4510,17.4,24.4
3343,2007,USA,Gasoline,Rear-wheel drive,3,2290,6,250.0,4450,18.6,31.3
3344,2017,Asia,Diesel,All-wheel drive,4,2330,6,273.0,4470,17.6,33.4
3345,2013,USA,Gasoline,Rear-wheel drive,4,2540,6,278.0,4950,19.2,30.4
3346,2015,USA,Hybrid,Front-wheel drive,4,2240,7,267.0,4170,17.2,34.9
3347,2021,Asia,Gasoline,All-wheel drive,3,2350,6,241.0,4410,19.7,30.2
3348,2011,Europe,Gasoline,Rear-wheel drive,4,2320,6,253.0,4140,17.5,31.1
3349,2008,Europe,Gasoline,Rear-wheel drive,5,2290,7,264.0,4230,17.7,30.2
3350,1989,USA,Gasoline,Front-wheel drive,2,2430,6,269.0,4210,18.8,27.4
3351,1998,Europe,Gasoline,All-wheel drive,3,1930,5,209.0,3990,19.5,30.0
3352,1988,Europe,Gasoline,Front-wheel drive,4,2140,5,217.0,3720,20.4,30.0
3353,1985,Asia,Diesel,Front-wheel drive,2,2430,6,281.0,4130,17.1,31.8
3354,2021,Europe,Hybrid,Rear-wheel drive,5,1920,5,217.0,4010,19.0,34.4
3355,1982,Asia,Gasoline,Rear-wheel drive,3,2050,6,240.0,4190,21.0,28.1
3356,2011,Europe,Hybrid,Front-wheel drive,4,2360,6,269.0,4410,19.7,32.4
3357,2022,Asia,Gasoline,All-wheel drive,4,2250,6,230.0,4500,20.4,32.6
3358,2023,USA,Gasoline,Rear-wheel drive,3,2000,6,234.0,4240,18.9,29.1
3359,2007,USA,Diesel,Front-wheel drive,5,2440,6,297.0,4380,19.5,30.9
3360,1982,Europe,Diesel,All-wheel drive,5,2430,7,290.0,4220,18.9,29.5
3361,2000,USA,Hybrid,Front-wheel drive,3,2390,6,253.0,4230,19.8,31.6
3362,1999,Asia,Diesel,Front-wheel drive,5,2180,5,228.0,4030,18.3,31.0
3363,2001,Europe,Gasoline,Front-wheel drive,3,2190,6,242.0,3930,19.0,31.9
3364,2003,Asia,Diesel,All-wheel drive,3,2220,6,263.0,4260,21.2,34.5
3365,1994,Europe,Gasoline,Rear-wheel drive,3,2450,6,263.0,4420,,25.9
3366,2011,USA,Gasoline,Rear-wheel drive,3,2360,6,282.0,4270,18.8,27.8
3367,1975,Asia,Gasoline,Front-wheel drive,3,2570,6,,4390,18.3,26.4
3368,1984,USA,Gasoline,Front-wheel drive,5,2490,6,276.0,4570,20.0,25.5
3369,1989,USA,Gasoline,Front-wheel drive,4,2260,6,246.0,4390,18.6,25.7
3370,2002,Europe,Gasoline,Front-wheel drive,5,2590,7,284.0,4740,19.2,30.0
3371,2023,Asia,Diesel,Rear-wheel drive,3,2600,6,279.0,4340,18.7,32.9
3372,1979,Europe,Gasoline,Front-wheel drive,4,2490,6,,4350,17.9,27.6
3373,2003,USA,Hybrid,Front-wheel drive,4,2260,6,,4160,18.3,34.9
3374,2021,USA,Hybrid,Front-wheel drive,4,2430,7,288.0,4470,18.1,33.3
3375,2008,Asia,Gasoline,Rear-wheel drive,5,1890,5,204.0,4120,16.9,30.9
3376,2023,USA,Gasoline,Front-wheel drive,4,2070,6,219.0,4050,19.9,31.8
3377,2004,USA,Diesel,Rear-wheel drive,4,2300,6,276.0,4420,20.0,28.3
3378,1995,Asia,Gasoline,Front-wheel drive,3,2080,5,242.0,3780,17.3,31.1
3379,2003,USA,Diesel,Front-wheel drive,4,2330,6,259.0,4390,18.7,28.8
3380,2018,Asia,Gasoline,Front-wheel drive,4,2170,6,245.0,4110,17.9,32.2
3381,1978,Europe,Gasoline,Front-wheel drive,2,2280,6,256.0,4190,17.9,28.5
3382,2020,Asia,Gasoline,Rear-wheel drive,4,2130,5,235.0,3910,16.0,32.9
3383,1995,Asia,Gasoline,Rear-wheel drive,2,2010,6,236.0,4020,16.5,30.4
3384,1979,Europe,Gasoline,Rear-wheel drive,3,2460,7,273.0,4570,20.3,27.2
3385,2008,USA,Diesel,Front-wheel drive,3,2010,6,239.0,4120,17.9,32.8
3386,1995,Europe,Gasoline,Front-wheel drive,2,1740,5,171.0,3670,19.1,32.9
3387,1996,USA,Diesel,All-wheel drive,2,2500,7,310.0,4560,17.9,30.0
3388,1978,Europe,Gasoline,Rear-wheel drive,4,2170,6,244.0,4170,20.0,28.4
3389,1976,Europe,Gasoline,All-wheel drive,3,2210,5,,4160,19.5,25.3
3390,1999,Europe,Diesel,Rear-wheel drive,3,2260,6,265.0,4050,18.4,31.8
3391,2007,Asia,Gasoline,Front-wheel drive,5,2350,7,266.0,4310,18.2,28.2
3392,1997,Europe,Gasoline,Front-wheel drive,4,2120,6,224.0,3970,17.8,31.6
3393,1979,Asia,Gasoline,Rear-wheel drive,4,2260,6,241.0,4420,20.8,26.4
3394,2009,USA,Gasoline,Rear-wheel drive,3,2350,6,267.0,4250,18.3,27.4
3395,1982,Europe,Gasoline,Front-wheel drive,3,2260,6,238.0,3960,19.1,26.5
3396,1998,USA,Gasoline,Rear-wheel drive,5,2210,6,251.0,4520,20.7,23.9
3397,1999,Asia,Gasoline,Front-wheel drive,4,2020,6,215.0,3930,16.7,29.9
3398,2003,Asia,Gasoline,Front-wheel drive,2,2210,6,235.0,3910,18.7,33.9
3399,2008,USA,Gasoline,Rear-wheel drive,4,2230,5,251.0,4320,19.0,26.1
3400,1981,Asia,Diesel,Front-wheel drive,3,2250,6,272.0,3980,20.3,28.2
3401,1985,Europe,Gasoline,All-wheel drive,4,2490,6,260.0,4740,20.7,27.0
3402,1997,Europe,Diesel,Front-wheel drive,3,2250,5,265.0,3880,17.7,32.4
3403,2006,Europe,Diesel,Rear-wheel drive,3,2160,6,236.0,4140,18.9,34.1
3404,2009,Asia,Gasoline,Rear-wheel drive,3,2220,5,226.0,4180,18.9,32.1
3405,1978,Europe,Gasoline,Front-wheel drive,3,2490,6,262.0,4380,20.0,25.5
3406,2017,USA,Diesel,Front-wheel drive,3,2240,6,256.0,4340,17.9,36.4
3407,2000,Asia,Hybrid,Front-wheel drive,2,2270,6,245.0,4210,17.7,33.4
3408,1984,Asia,Gasoline,Front-wheel drive,4,2480,7,282.0,4340,18.1,26.6
3409,2019,Europe,Gasoline,Front-wheel drive,2,2520,7,276.0,4410,19.9,31.2
3410,1992,USA,Gasoline,Front-wheel drive,2,2340,6,283.0,4190,18.1,27.5
3411,1998,Asia,Hybrid,Front-wheel drive,4,2010,5,210.0,3900,20.1,33.0
3412,1989,Asia,Diesel,All-wheel drive,3,2420,6,286.0,4260,17.9,31.5
3413,1995,USA,Gasoline,Rear-wheel drive,4,2200,6,244.0,4460,19.6,27.0
3414,1984,Europe,Gasoline,Front-wheel drive,4,2260,5,,4170,19.6,29.1
3415,1980,USA,Gasoline,All-wheel drive,4,1920,5,236.0,4230,18.9,29.5
3416,1985,USA,Gasoline,Front-wheel drive,2,2630,7,302.0,4700,20.6,24.0
3417,1987,Asia,Diesel,All-wheel drive,5,2670,7,287.0,4690,21.0,26.0
3418,2004,Europe,Gasoline,Front-wheel drive,4,2430,6,259.0,4170,17.4,28.4
3419,2022,Europe,Diesel,All-wheel drive,4,2260,6,267.0,4560,20.0,32.9
3420,1983,Europe,Gasoline,Front-wheel drive,4,2260,6,234.0,3860,17.3,30.5
3421,2021,Asia,Gasoline,Front-wheel drive,4,2210,6,250.0,3970,16.9,32.1
3422,2010,Asia,Gasoline,Rear-wheel drive,4,2030,6,224.0,4210,20.6,32.1
3423,2012,USA,Gasoline,Rear-wheel drive,4,2420,6,255.0,4320,16.3,28.1
3424,1993,Asia,Gasoline,Front-wheel drive,3,2280,6,255.0,4380,18.0,30.6
3425,1985,USA,Diesel,All-wheel drive,2,2490,6,279.0,4780,17.8,26.2
3426,2002,USA,Hybrid,Front-wheel drive,4,2550,7,279.0,4880,19.2,29.0
3427,1986,USA,Diesel,All-wheel drive,3,2360,6,278.0,4420,19.6,24.5
3428,1981,Europe,Gasoline,Rear-wheel drive,3,2360,6,251.0,4380,,27.4
3429,1990,Asia,Gasoline,Front-wheel drive,3,2470,6,250.0,4350,18.8,30.5
3430,1984,USA,Gasoline,All-wheel drive,3,2270,6,,4700,21.8,26.0
3431,2004,Asia,Gasoline,Rear-wheel drive,4,1910,5,223.0,3920,19.7,30.7
3432,1990,USA,Gasoline,Rear-wheel drive,2,1990,5,216.0,4230,22.0,30.2
3433,2017,Europe,Gasoline,Rear-wheel drive,5,2000,6,229.0,3850,17.0,32.9
3434,2008,USA,Gasoline,Front-wheel drive,3,2090,6,246.0,4080,16.8,28.8
3435,1994,USA,Diesel,Rear-wheel drive,4,2320,6,,4590,20.3,28.5
3436,1986,Europe,Gasoline,Front-wheel drive,3,2300,6,243.0,4210,18.0,28.7
3437,2021,Asia,Gasoline,Front-wheel drive,5,1950,5,213.0,4210,17.8,32.7
3438,2020,Asia,Hybrid,All-wheel drive,3,2420,6,267.0,4530,20.6,35.0
3439,2022,Asia,Gasoline,Front-wheel drive,5,2260,6,248.0,4030,17.5,35.1
3440,1988,Asia,Gasoline,Front-wheel drive,4,2320,6,275.0,4360,16.9,25.7
3441,1991,Asia,Diesel,Front-wheel drive,5,2520,7,302.0,4550,19.0,27.1
3442,2020,USA,Gasoline,All-wheel drive,4,2150,5,262.0,4420,17.9,28.3
3443,1977,USA,Gasoline,Front-wheel drive,3,2420,6,272.0,4340,20.9,27.3
3444,2009,USA,Hybrid,Rear-wheel drive,4,2620,7,298.0,4840,19.7,30.9
3445,2017,Asia,Hybrid,Front-wheel drive,3,2120,6,201.0,4010,21.0,38.4
3446,2006,Asia,Gasoline,Front-wheel drive,5,2560,6,264.0,4620,20.5,26.9
3447,2009,Asia,Gasoline,Front-wheel drive,5,2200,6,244.0,4460,18.6,33.1
3448,2024,Asia,Gasoline,Front-wheel drive,4,1940,5,223.0,3820,19.6,35.7
3449,2008,Europe,Hybrid,Rear-wheel drive,3,2430,6,264.0,4460,15.7,33.7
3450,1997,USA,Gasoline,Front-wheel drive,4,2270,6,,4210,19.5,28.5
3451,1982,Asia,Gasoline,Rear-wheel drive,4,2080,6,247.0,4240,18.8,29.3
3452,1978,Asia,Gasoline,All-wheel drive,5,2060,6,,4270,19.7,25.0
3453,2000,Europe,Gasoline,All-wheel drive,4,2160,6,258.0,4240,18.5,27.3
3454,2021,USA,Gasoline,All-wheel drive,3,2340,6,249.0,4400,18.8,27.4
3455,2013,Asia,Gasoline,Front-wheel drive,4,2310,6,243.0,4190,19.0,33.6
3456,2007,Asia,Gasoline,Front-wheel drive,4,2310,6,227.0,4250,20.3,31.1
3457,1980,USA,Hybrid,Front-wheel drive,3,2090,5,,4260,22.2,32.1
3458,2016,Asia,Gasoline,Front-wheel drive,3,2270,6,238.0,4330,18.9,32.3
3459,1994,USA,Gasoline,Front-wheel drive,5,2340,7,278.0,4460,19.7,28.4
3460,1984,Asia,Diesel,Front-wheel drive,4,2220,6,270.0,3900,20.2,32.3
3461,1978,Asia,Diesel,Front-wheel drive,2,2160,6,240.0,4110,19.8,32.7
3462,1981,Europe,Diesel,Rear-wheel drive,3,2380,6,254.0,4350,19.7,31.6
3463,1990,Europe,Gasoline,Front-wheel drive,5,2170,6,242.0,4110,17.9,27.8
3464,1988,USA,Gasoline,Rear-wheel drive,4,2370,7,284.0,4520,20.7,25.5
3465,1996,Asia,Gasoline,Front-wheel drive,4,2210,6,259.0,3960,20.1,31.3
3466,2012,USA,Hybrid,Rear-wheel drive,3,2330,6,277.0,4400,18.2,31.2
3467,1995,USA,Gasoline,Rear-wheel drive,4,2440,7,287.0,4910,19.0,24.8
3468,2004,USA,Gasoline,Front-wheel drive,3,2180,6,270.0,4260,19.6,29.6
3469,2002,Asia,Gasoline,Rear-wheel drive,4,2070,5,220.0,4080,17.6,31.0
3470,1978,Asia,Diesel,Front-wheel drive,4,2430,6,287.0,4290,19.6,28.9
3471,1988,Asia,Diesel,All-wheel drive,2,1920,5,220.0,4000,18.5,31.7
3472,2019,Europe,Gasoline,Rear-wheel drive,3,2420,6,249.0,4450,19.8,31.2
3473,2007,Asia,Hybrid,Front-wheel drive,3,2330,6,257.0,4120,18.5,32.0
3474,1989,Asia,Gasoline,Rear-wheel drive,4,2070,6,227.0,4130,18.1,30.0
3475,2019,Europe,Gasoline,Rear-wheel drive,3,2100,6,220.0,4270,19.6,30.4
3476,2002,Europe,Gasoline,Front-wheel drive,3,2060,6,213.0,4030,19.8,31.3
3477,1987,Europe,Gasoline,Front-wheel drive,4,2440,6,241.0,4340,19.4,31.6
3478,1980,Europe,Gasoline,All-wheel drive,4,2470,7,286.0,4710,16.7,27.8
3479,1994,Europe,Gasoline,Front-wheel drive,2,2370,6,256.0,4170,,31.0
3480,1981,USA,Gasoline,Rear-wheel drive,3,2310,6,,4590,19.0,28.2
3481,2011,Europe,Gasoline,Rear-wheel drive,4,2180,6,233.0,4180,17.8,33.4
3482,1984,Europe,Gasoline,All-wheel drive,4,2280,7,263.0,4740,20.3,25.8
3483,1999,Asia,Gasoline,Rear-wheel drive,2,1860,5,208.0,3990,19.3,32.1
3484,2011,USA,Gasoline,Front-wheel drive,3,2290,6,266.0,4130,19.5,31.7
3485,1986,USA,Gasoline,All-wheel drive,3,2200,6,237.0,4330,20.9,28.1
3486,2002,USA,Gasoline,Front-wheel drive,4,2130,6,224.0,4060,17.1,32.5
3487,1991,Asia,Diesel,Rear-wheel drive,4,2390,6,266.0,4510,20.9,30.8
3488,1990,Asia,Gasoline,Rear-wheel drive,4,2270,6,,4350,18.7,26.4
3489,2022,USA,Gasoline,All-wheel drive,2,2380,6,280.0,4530,19.3,27.4
3490,2001,USA,Diesel,Front-wheel drive,3,2320,6,275.0,4090,18.4,28.9
3491,2010,USA,Gasoline,All-wheel drive,4,2230,6,279.0,4480,16.6,29.7
3492,1985,USA,Hybrid,Front-wheel drive,3,2320,6,258.0,3840,17.4,35.6
3493,2021,Europe,Gasoline,All-wheel drive,4,2240,6,259.0,4640,18.6,30.7
3494,1980,USA,Gasoline,Rear-wheel drive,3,2410,7,,4270,19.6,25.5
3495,2007,USA,Hybrid,Front-wheel drive,4,2570,7,269.0,4690,19.1,35.2
3496,2015,USA,Hybrid,All-wheel drive,2,2340,6,273.0,4430,19.0,32.2
3497,1977,USA,Gasoline,Front-wheel drive,3,2250,5,258.0,4100,17.4,25.6
3498,2004,USA,Diesel,All-wheel drive,3,2090,6,274.0,4110,19.4,30.3
3499,2007,Europe,Gasoline,Rear-wheel drive,4,2350,6,241.0,4490,20.2,25.2
3500,2018,USA,Gasoline,Front-wheel drive,3,2300,6,253.0,4410,17.1,30.3
3501,2021,Europe,Gasoline,Front-wheel drive,5,2340,6,240.0,4150,19.4,30.4
3502,1983,Europe,Gasoline,Rear-wheel drive,4,2010,6,,3890,19.7,32.1
3503,1980,Europe,Gasoline,Rear-wheel drive,4,2030,5,,4250,17.9,29.2
3504,1978,USA,Hybrid,Rear-wheel drive,3,2210,6,256.0,4450,19.7,30.8
3505,1996,USA,Gasoline,Rear-wheel drive,2,2330,6,244.0,4440,21.5,26.9
3506,2012,Europe,Hybrid,Rear-wheel drive,2,2270,6,268.0,4100,18.5,32.6
3507,1987,Asia,Diesel,Front-wheel drive,4,2380,7,,4190,18.2,28.9
3508,2023,USA,Gasoline,Rear-wheel drive,2,2300,6,252.0,4210,19.6,27.9
3509,2013,USA,Gasoline,All-wheel drive,3,2300,6,275.0,4570,21.5,29.2
3510,1990,Europe,Gasoline,Rear-wheel drive,4,2270,6,228.0,4380,19.6,30.8
3511,1994,Asia,Gasoline,Front-wheel drive,3,2230,6,232.0,3980,19.2,29.2
3512,1981,USA,Gasoline,Front-wheel drive,3,2460,7,280.0,4050,19.6,27.3
3513,1976,Europe,Gasoline,Front-wheel drive,4,2370,7,249.0,4430,20.1,28.0
3514,2003,Asia,Diesel,Rear-wheel drive,2,2290,6,273.0,4290,18.2,30.9
3515,1997,Europe,Diesel,Rear-wheel drive,4,2470,7,256.0,4420,18.5,32.3
3516,1982,Asia,Diesel,All-wheel drive,5,2290,6,267.0,4500,18.3,28.7
3517,1981,USA,Diesel,All-wheel drive,4,2090,6,267.0,4570,20.9,28.7
3518,2022,USA,Gasoline,Front-wheel drive,5,2010,5,226.0,4230,18.0,32.1
3519,1976,Europe,Gasoline,Front-wheel drive,3,2160,6,228.0,3920,21.8,27.4
3520,2018,Asia,Gasoline,Rear-wheel drive,4,2310,6,245.0,4240,16.8,30.1
3521,2001,Asia,Gasoline,Rear-wheel drive,4,2130,6,231.0,4100,19.5,31.7
3522,2011,USA,Gasoline,All-wheel drive,4,2090,5,238.0,4220,17.7,30.6
3523,1993,USA,Gasoline,Rear-wheel drive,4,2300,6,278.0,4170,18.8,28.9
3524,2008,Asia,Gasoline,Front-wheel drive,4,2150,6,240.0,4110,17.4,31.5
3525,2005,USA,Gasoline,Front-wheel drive,3,2570,6,287.0,4490,18.2,28.9
3526,2007,Asia,Gasoline,Front-wheel drive,3,1940,6,237.0,4180,15.2,28.0
3527,1995,USA,Diesel,Front-wheel drive,4,2280,6,281.0,4050,18.2,28.0
3528,2010,USA,Diesel,Rear-wheel drive,3,2250,5,273.0,4260,17.3,33.5
3529,2003,Asia,Diesel,All-wheel drive,4,2220,6,262.0,4370,19.4,30.6
3530,1979,USA,Diesel,Front-wheel drive,4,2600,7,298.0,4600,19.4,25.4
3531,2019,Asia,Diesel,All-wheel drive,4,2510,7,288.0,4740,20.9,32.5
3532,1990,USA,Gasoline,Front-wheel drive,2,2430,7,291.0,4080,17.9,30.0
3533,2005,Europe,Gasoline,Rear-wheel drive,4,2270,6,247.0,4340,17.4,27.3
3534,1982,USA,Gasoline,Front-wheel drive,5,2330,6,253.0,4240,18.2,27.5
3535,1984,Europe,Gasoline,Front-wheel drive,4,2260,6,252.0,4020,18.5,28.9
3536,1982,Asia,Gasoline,Rear-wheel drive,2,2180,6,262.0,4220,21.5,26.5
3537,1989,Asia,Diesel,All-wheel drive,3,2370,6,261.0,4400,19.7,27.9
3538,2020,USA,Diesel,Front-wheel drive,5,2390,7,295.0,4380,20.0,33.1
3539,2009,Asia,Gasoline,Front-wheel drive,4,2400,6,275.0,4100,18.8,30.9
3540,1975,Asia,Gasoline,Front-wheel drive,3,2360,6,,4060,20.2,26.6
3541,2011,USA,Gasoline,Rear-wheel drive,3,2190,6,263.0,4680,19.3,27.9
3542,1978,Asia,Gasoline,Front-wheel drive,4,2280,6,244.0,4230,20.2,27.8
3543,2015,USA,Gasoline,All-wheel drive,3,2530,6,271.0,4890,19.0,26.4
3544,2023,USA,Gasoline,Front-wheel drive,2,2380,6,268.0,4440,18.5,30.8
3545,1986,Asia,Diesel,Rear-wheel drive,3,2650,6,283.0,4440,17.5,24.1
3546,2009,USA,Diesel,Rear-wheel drive,2,2230,5,254.0,4330,18.9,31.4
3547,1999,Europe,Gasoline,Front-wheel drive,5,2470,7,266.0,4310,,31.9
3548,1990,Asia,Diesel,All-wheel drive,3,2290,6,268.0,4520,19.8,32.5
3549,2006,USA,Gasoline,Front-wheel drive,4,2200,6,284.0,3860,18.2,27.4
3550,2016,Asia,Hybrid,All-wheel drive,5,2380,6,257.0,4630,18.3,30.1
3551,1977,Europe,Gasoline,Front-wheel drive,4,2190,6,240.0,4030,18.8,28.4
3552,2010,Europe,Diesel,Front-wheel drive,5,2210,6,257.0,4280,18.7,34.5
3553,2006,USA,Gasoline,Rear-wheel drive,5,2500,7,299.0,4920,18.2,24.4
3554,1988,USA,Gasoline,Front-wheel drive,2,2290,7,283.0,4400,18.7,26.4
3555,1984,USA,Diesel,Front-wheel drive,3,1960,5,,3970,18.2,32.2
3556,2011,Asia,Gasoline,Front-wheel drive,3,2180,6,235.0,4090,19.7,32.3
3557,1995,USA,Diesel,All-wheel drive,4,1820,5,206.0,4090,17.6,32.9
3558,1982,USA,Gasoline,Front-wheel drive,4,2470,6,286.0,4320,18.0,22.3
3559,2002,Asia,Hybrid,Front-wheel drive,4,2570,7,288.0,4380,19.6,32.9
3560,1979,USA,Gasoline,Front-wheel drive,4,2230,6,248.0,4360,18.1,27.5
3561,2022,USA,Diesel,Front-wheel drive,3,2250,6,284.0,4340,18.1,35.2
3562,1977,Asia,Hybrid,Front-wheel drive,3,2300,6,255.0,4330,21.1,34.7
3563,1975,Asia,Diesel,Rear-wheel drive,4,2350,6,,4500,19.9,30.5
3564,1976,USA,Gasoline,Front-wheel drive,2,2500,6,294.0,4050,19.0,27.0
3565,1979,Asia,Gasoline,Rear-wheel drive,2,2450,6,256.0,4420,19.5,26.4
3566,1980,Europe,Gasoline,Front-wheel drive,5,2310,6,253.0,4360,19.0,29.9
3567,1978,USA,Hybrid,All-wheel drive,4,2400,6,266.0,4350,19.0,27.4
3568,2005,Europe,Hybrid,All-wheel drive,4,2510,7,266.0,4730,19.8,29.9
3569,2012,Europe,Gasoline,Front-wheel drive,4,2140,5,227.0,4150,18.2,34.5
3570,2000,Asia,Diesel,Front-wheel drive,3,1980,6,246.0,3790,17.2,33.5
3571,2008,USA,Gasoline,Front-wheel drive,5,2290,6,268.0,4130,18.5,30.8
3572,2012,USA,Diesel,All-wheel drive,3,2190,6,267.0,4230,16.4,30.0
3573,1981,USA,Gasoline,Front-wheel drive,4,2580,7,,4750,19.2,24.1
3574,2018,Europe,Gasoline,Rear-wheel drive,5,2590,7,278.0,4780,20.0,28.1
3575,2000,Europe,Gasoline,Rear-wheel drive,3,2090,6,214.0,4120,19.4,32.6
3576,1982,Asia,Gasoline,Rear-wheel drive,3,2570,6,,4330,18.7,28.1
3577,1999,Asia,Gasoline,Front-wheel drive,3,2020,5,,3940,18.5,32.7
3578,1984,USA,Diesel,All-wheel drive,5,2280,6,,4860,22.2,28.2
3579,2010,USA,Gasoline,Rear-wheel drive,2,2320,6,270.0,4540,15.9,28.7
3580,2001,USA,Diesel,Front-wheel drive,4,2220,6,258.0,3990,20.1,32.8
3581,2017,Asia,Gasoline,Front-wheel drive,5,2330,6,243.0,4150,18.8,34.3
3582,1980,USA,Gasoline,Front-wheel drive,3,2420,6,,4340,19.6,25.8
3583,1984,Asia,Gasoline,Rear-wheel drive,4,2100,6,224.0,4030,20.1,30.0
3584,2007,USA,Hybrid,Front-wheel drive,3,2190,6,227.0,4130,18.8,35.3
3585,1993,Europe,Diesel,All-wheel drive,3,2580,6,283.0,4690,19.0,26.8
3586,1988,Asia,Gasoline,Rear-wheel drive,5,1830,6,210.0,4040,18.9,28.6
3587,2000,Europe,Hybrid,Front-wheel drive,3,2500,7,258.0,4330,18.9,33.4
3588,2006,USA,Gasoline,Front-wheel drive,2,2400,6,286.0,4390,17.8,30.9
3589,2012,USA,Gasoline,Front-wheel drive,3,2540,7,290.0,4720,20.7,28.8
3590,2019,Asia,Gasoline,Rear-wheel drive,3,2240,6,251.0,4130,16.5,30.8
3591,1977,Asia,Gasoline,Front-wheel drive,4,2480,7,,4430,20.4,27.1
3592,2016,Europe,Gasoline,Front-wheel drive,4,2350,6,260.0,4210,17.9,32.6
3593,2009,Europe,Gasoline,Rear-wheel drive,2,2550,7,291.0,4360,18.0,29.1
3594,1991,USA,Gasoline,Rear-wheel drive,5,2290,6,269.0,4550,18.3,26.9
3595,2022,Asia,Gasoline,All-wheel drive,4,2240,6,238.0,4540,19.8,27.1
3596,2013,USA,Gasoline,Rear-wheel drive,4,2370,6,275.0,4270,19.1,30.7
3597,2023,Asia,Gasoline,Rear-wheel drive,3,2250,6,227.0,4150,20.3,31.4
3598,2004,USA,Gasoline,Rear-wheel drive,3,2220,6,244.0,4490,20.9,29.1
3599,1982,USA,Gasoline,All-wheel drive,5,2150,6,,4370,16.2,25.7
3600,1997,USA,Gasoline,Rear-wheel drive,3,2000,5,242.0,4360,17.8,27.8
3601,2007,USA,Gasoline,Front-wheel drive,5,2250,6,253.0,4220,17.7,28.0
3602,2023,Asia,Gasoline,All-wheel drive,4,2340,6,261.0,4320,17.3,30.6
3603,2008,Europe,Gasoline,Front-wheel drive,5,1960,5,212.0,4020,21.4,33.0
3604,2020,USA,Gasoline,Rear-wheel drive,2,2210,6,270.0,4120,17.2,29.4
3605,2010,USA,Hybrid,Front-wheel drive,4,2730,7,292.0,4550,20.1,33.0
3606,2010,USA,Gasoline,Front-wheel drive,3,2240,6,258.0,4130,17.6,31.6
3607,2023,Asia,Gasoline,Front-wheel drive,2,2220,6,236.0,4040,15.8,31.5
3608,1976,Asia,Gasoline,Front-wheel drive,3,2130,6,239.0,4220,21.4,26.9
3609,1992,Europe,Gasoline,All-wheel drive,3,2220,7,235.0,4310,21.6,28.2
3610,1980,Europe,Diesel,Front-wheel drive,4,1940,5,218.0,3720,,32.2
3611,1995,Europe,Gasoline,Rear-wheel drive,4,2120,6,,4400,21.5,29.5
3612,1998,Europe,Hybrid,Front-wheel drive,4,2390,6,254.0,4200,20.0,35.0
3613,2016,Asia,Gasoline,Front-wheel drive,4,2320,6,252.0,4380,18.6,29.6
3614,2019,USA,Gasoline,Rear-wheel drive,4,2220,6,246.0,4480,18.9,31.2
3615,1977,Asia,Gasoline,Rear-wheel drive,3,2340,6,248.0,4250,20.1,25.3
3616,1992,USA,Gasoline,Front-wheel drive,2,2210,6,242.0,4190,20.8,30.1
3617,1985,Asia,Diesel,Front-wheel drive,3,2020,5,246.0,4010,16.4,32.5
3618,2015,USA,Diesel,Front-wheel drive,2,1920,5,240.0,3780,18.0,35.4
3619,2018,USA,Gasoline,Rear-wheel drive,3,2450,7,268.0,4420,19.3,28.4
3620,1978,USA,Gasoline,Front-wheel drive,5,2050,5,,4080,19.6,29.7
3621,2011,USA,Gasoline,Rear-wheel drive,3,2240,6,,4570,19.8,28.9
3622,1997,USA,Diesel,Front-wheel drive,3,2210,6,251.0,4070,18.9,29.8
3623,2010,USA,Gasoline,Front-wheel drive,2,2200,6,267.0,4090,18.5,30.7
3624,2006,Asia,Gasoline,Rear-wheel drive,5,1930,5,201.0,4120,17.9,32.4
3625,1988,USA,Gasoline,Front-wheel drive,4,2400,6,306.0,4410,19.2,26.0
3626,1985,USA,Diesel,Front-wheel drive,4,2370,7,285.0,4630,18.5,25.3
3627,2017,Europe,Gasoline,Front-wheel drive,2,2130,6,228.0,3940,,31.9
3628,1976,USA,Gasoline,All-wheel drive,5,2410,7,,4660,19.1,23.0
3629,2021,USA,Gasoline,All-wheel drive,4,2270,6,259.0,4730,20.7,26.9
3630,1997,Asia,Gasoline,Rear-wheel drive,3,2330,6,259.0,4690,20.1,29.2
3631,2015,Europe,Gasoline,All-wheel drive,2,2220,6,251.0,4070,19.4,30.3
3632,2001,Europe,Diesel,Front-wheel drive,3,2320,6,258.0,4410,18.8,32.0
3633,1975,Europe,Diesel,Front-wheel drive,4,2240,6,247.0,4100,,32.1
3634,2009,USA,Diesel,Front-wheel drive,4,2360,6,257.0,4320,18.8,32.9
3635,1991,USA,Gasoline,Front-wheel drive,4,2080,6,266.0,4190,20.4,27.5
3636,2007,Asia,Hybrid,Front-wheel drive,4,2150,6,248.0,3970,16.9,32.6
3637,1990,USA,Gasoline,Front-wheel drive,4,2250,6,259.0,4480,18.9,27.1
3638,1985,Asia,Gasoline,Front-wheel drive,3,2100,6,227.0,4130,21.8,32.6
3639,2017,Asia,Hybrid,Front-wheel drive,3,2270,6,231.0,4010,20.6,36.7
3640,2021,USA,Gasoline,Front-wheel drive,3,2380,7,297.0,4320,17.3,28.9
3641,2000,Asia,Gasoline,Front-wheel drive,2,2250,6,240.0,3960,17.7,29.1
3642,2000,USA,Gasoline,Rear-wheel drive,3,2750,7,292.0,4600,19.3,25.4
3643,2018,Asia,Gasoline,Front-wheel drive,3,2400,6,259.0,4060,17.1,31.9
3644,2014,USA,Gasoline,Front-wheel drive,3,2320,6,246.0,4100,19.0,32.5
3645,2013,Asia,Diesel,Front-wheel drive,5,1880,5,235.0,3720,19.8,33.6
3646,2009,Asia,Gasoline,Front-wheel drive,4,2360,6,253.0,4440,17.8,32.1
3647,1987,Asia,Diesel,Rear-wheel drive,4,2050,6,249.0,4240,20.1,30.8
3648,1998,USA,Gasoline,All-wheel drive,5,2630,7,293.0,4840,18.9,23.2
3649,2017,USA,Diesel,Rear-wheel drive,3,2130,6,259.0,4270,20.5,33.6
3650,2013,Europe,Hybrid,Front-wheel drive,4,2150,6,253.0,4340,18.8,35.0
3651,2013,USA,Hybrid,All-wheel drive,2,2230,6,258.0,4450,18.9,33.3
3652,1981,Asia,Gasoline,All-wheel drive,3,2210,6,233.0,4270,19.4,26.3
3653,1987,USA,Gasoline,All-wheel drive,2,2350,6,292.0,4340,18.6,27.7
3654,1985,Europe,Gasoline,Front-wheel drive,5,2360,6,236.0,4410,19.1,27.1
3655,2023,Europe,Diesel,Rear-wheel drive,5,2330,6,252.0,4260,16.1,31.8
3656,2006,Asia,Gasoline,Front-wheel drive,4,2580,7,283.0,4480,20.7,28.2
3657,2007,Asia,Gasoline,Front-wheel drive,4,2310,6,234.0,4310,18.5,32.4
3658,2016,USA,Diesel,Front-wheel drive,3,2480,7,276.0,4420,19.0,33.6
3659,1981,Europe,Diesel,Rear-wheel drive,3,2540,6,255.0,4620,21.7,26.9
3660,2021,Europe,Hybrid,Front-wheel drive,5,2180,6,,4160,19.4,35.9
3661,1995,Asia,Diesel,Rear-wheel drive,4,1960,5,259.0,4220,20.4,33.0
3662,2013,USA,Gasoline,Front-wheel drive,4,2480,7,283.0,4620,19.7,26.9
3663,1983,Asia,Gasoline,Front-wheel drive,3,2100,6,,3970,18.7,29.0
3664,2018,USA,Diesel,Front-wheel drive,3,2180,6,256.0,4160,19.2,34.4
3665,1993,Europe,Gasoline,All-wheel drive,3,2080,6,219.0,4220,19.6,27.1
3666,2009,USA,Gasoline,Front-wheel drive,3,2220,6,245.0,4050,18.1,29.4
3667,2001,USA,Diesel,Rear-wheel drive,4,2360,6,259.0,4470,17.6,29.3
3668,1977,USA,Gasoline,Front-wheel drive,4,2300,5,257.0,4310,18.8,28.3
3669,2014,USA,Gasoline,Front-wheel drive,2,2060,6,255.0,4060,18.2,32.3
3670,2014,Europe,Gasoline,Rear-wheel drive,3,2550,7,259.0,4720,17.5,29.1
3671,1981,Asia,Diesel,Front-wheel drive,4,2060,5,243.0,4280,18.8,28.9
3672,2011,Europe,Gasoline,Front-wheel drive,3,2180,6,248.0,4090,,32.5
3673,1981,USA,Gasoline,All-wheel drive,4,2510,6,,4700,20.1,24.0
3674,2003,USA,Gasoline,Rear-wheel drive,5,2170,6,252.0,4150,17.8,30.3
3675,2003,Europe,Diesel,Front-wheel drive,4,2020,5,236.0,3890,17.3,33.7
3676,1999,Asia,Gasoline,Front-wheel drive,4,2360,7,248.0,4400,17.3,29.9
3677,1976,USA,Gasoline,Front-wheel drive,2,2400,6,278.0,4210,19.2,28.1
3678,2020,Asia,Gasoline,All-wheel drive,4,2090,5,219.0,4040,18.6,33.4
3679,1993,Asia,Gasoline,Rear-wheel drive,5,1910,5,208.0,4040,18.6,29.4
3680,2010,USA,Gasoline,Rear-wheel drive,4,2100,5,256.0,4280,17.9,29.2
3681,1982,Asia,Diesel,Front-wheel drive,4,2220,6,,4210,17.0,30.4
3682,2023,USA,Diesel,Rear-wheel drive,2,1930,5,239.0,4040,20.2,35.7
3683,1991,USA,Diesel,Front-wheel drive,2,2240,5,254.0,4130,17.9,28.4
3684,2019,USA,Gasoline,Front-wheel drive,3,2220,6,271.0,3870,17.9,30.0
3685,2015,Asia,Gasoline,Rear-wheel drive,3,2460,6,262.0,4640,20.3,30.4
3686,1997,USA,Gasoline,Front-wheel drive,5,2280,6,226.0,4310,17.2,28.2
3687,1986,Europe,Diesel,Front-wheel drive,4,2550,6,281.0,4320,,32.9
3688,1990,USA,Gasoline,Front-wheel drive,2,2360,6,264.0,4240,18.1,27.9
3689,1992,USA,Gasoline,Front-wheel drive,5,2050,5,221.0,3920,18.9,30.0
3690,1992,Europe,Gasoline,Front-wheel drive,5,2590,6,273.0,4530,,30.4
3691,2023,Asia,Gasoline,Front-wheel drive,3,2300,6,248.0,4210,16.3,30.1
3692,2009,USA,Diesel,Front-wheel drive,3,2100,5,244.0,3910,17.9,30.9
3693,1990,Europe,Gasoline,Front-wheel drive,2,2530,7,267.0,4450,18.1,29.7
3694,2012,Europe,Gasoline,Front-wheel drive,2,2340,6,273.0,4220,17.7,33.5
3695,1980,USA,Gasoline,Front-wheel drive,5,2390,6,269.0,4730,19.6,24.2
3696,2011,USA,Diesel,All-wheel drive,3,1880,5,251.0,4370,19.6,32.5
3697,2005,Asia,Gasoline,Front-wheel drive,2,2090,6,257.0,4030,19.7,32.7
3698,1995,USA,Gasoline,Rear-wheel drive,4,2000,6,231.0,4350,21.1,29.4
3699,1999,Europe,Hybrid,Front-wheel drive,3,2080,6,262.0,3960,17.2,31.9
3700,2009,Asia,Gasoline,Front-wheel drive,4,2250,6,227.0,4200,20.7,29.6
3701,2017,Europe,Gasoline,Rear-wheel drive,4,2210,6,238.0,4210,19.3,31.5
3702,2013,Asia,Diesel,All-wheel drive,3,2060,6,255.0,4000,17.9,32.3
3703,1989,Asia,Gasoline,Front-wheel drive,4,2110,6,243.0,4000,19.6,29.3
3704,2011,USA,Gasoline,All-wheel drive,5,2520,6,283.0,4860,19.3,27.3
3705,1984,Europe,Gasoline,Front-wheel drive,3,2410,7,,4110,22.3,29.3
3706,2018,Asia,Gasoline,Front-wheel drive,2,2220,6,244.0,3860,16.9,35.2
3707,2008,Europe,Gasoline,All-wheel drive,2,2030,5,241.0,4160,18.3,28.2
3708,2001,Asia,Gasoline,Front-wheel drive,2,2370,6,260.0,4180,19.3,29.9
3709,2006,USA,Gasoline,Front-wheel drive,2,2100,5,233.0,3850,17.8,30.6
3710,2003,USA,Gasoline,Rear-wheel drive,2,2180,6,280.0,4260,18.8,29.9
3711,2019,USA,Gasoline,All-wheel drive,3,2710,7,332.0,5100,18.7,26.9
3712,1996,USA,Gasoline,Front-wheel drive,4,2630,7,281.0,4630,20.8,26.3
3713,2010,USA,Gasoline,Rear-wheel drive,3,2380,6,282.0,4400,18.3,26.4
3714,2006,Asia,Gasoline,All-wheel drive,4,2270,6,221.0,4630,19.6,28.5
3715,1998,USA,Gasoline,Rear-wheel drive,4,2080,5,249.0,3980,19.7,29.6
3716,1975,Asia,Hybrid,Front-wheel drive,5,2500,6,267.0,4310,19.0,32.4
3717,2016,Asia,Gasoline,Front-wheel drive,4,2300,6,244.0,4280,19.3,31.0
3718,2004,Europe,Diesel,Rear-wheel drive,2,2400,7,311.0,4420,18.6,29.5
3719,1994,Europe,Hybrid,Front-wheel drive,4,2220,6,258.0,4270,20.3,32.3
3720,2003,Europe,Gasoline,All-wheel drive,5,2250,6,235.0,4390,19.6,27.9
3721,1985,Europe,Gasoline,Rear-wheel drive,3,2200,6,241.0,3880,19.0,30.9
3722,2021,USA,Gasoline,Front-wheel drive,5,1800,5,218.0,3490,15.6,34.4
3723,2017,USA,Diesel,All-wheel drive,4,2100,6,259.0,4610,19.6,32.7
3724,1981,Asia,Hybrid,Front-wheel drive,3,2430,6,277.0,4080,17.9,31.9
3725,2002,USA,Gasoline,Front-wheel drive,5,2320,6,278.0,3940,18.6,30.3
3726,1990,USA,Hybrid,Front-wheel drive,5,2410,6,269.0,4340,18.1,32.7
3727,1986,Europe,Diesel,Front-wheel drive,4,2170,6,255.0,4280,17.4,33.4
3728,2011,USA,Diesel,Rear-wheel drive,3,2230,6,263.0,4280,19.0,31.2
3729,2018,Asia,Gasoline,Front-wheel drive,3,2700,6,272.0,4310,19.2,30.9
3730,2004,Europe,Diesel,Rear-wheel drive,3,2460,6,246.0,4350,19.2,31.2
3731,1985,Europe,Hybrid,Front-wheel drive,4,2220,6,240.0,4170,18.0,32.0
3732,2011,Europe,Gasoline,Front-wheel drive,5,2380,6,254.0,4190,19.4,33.4
3733,2000,Asia,Gasoline,All-wheel drive,4,2400,7,260.0,4580,19.9,28.6
3734,2019,USA,Hybrid,Front-wheel drive,3,2270,6,237.0,4400,17.9,35.0
3735,2014,USA,Gasoline,Rear-wheel drive,4,2280,6,,4310,17.5,28.7
3736,1985,Europe,Gasoline,Front-wheel drive,3,2740,7,292.0,4660,19.5,24.4
3737,1978,Asia,Gasoline,All-wheel drive,4,1810,5,200.0,3940,19.5,27.9
3738,1982,USA,Gasoline,All-wheel drive,5,2400,6,258.0,4600,19.8,24.3
3739,1976,Europe,Gasoline,Rear-wheel drive,3,2170,5,,4430,18.1,30.7
3740,1994,Europe,Gasoline,Front-wheel drive,5,2230,6,217.0,4400,20.9,27.3
3741,2001,Asia,Gasoline,Front-wheel drive,3,2210,6,257.0,3840,18.8,32.6
3742,2013,USA,Gasoline,Front-wheel drive,4,2450,6,275.0,4540,17.7,28.3
3743,2021,USA,Gasoline,Front-wheel drive,3,2260,6,237.0,4370,18.7,28.7
3744,1999,Asia,Gasoline,Front-wheel drive,3,2370,7,262.0,4130,18.0,31.0
3745,1982,Europe,Gasoline,Front-wheel drive,4,2520,7,249.0,4490,18.2,27.8
3746,1979,USA,Hybrid,All-wheel drive,3,2390,6,,4530,19.7,29.7
3747,1992,Asia,Gasoline,Front-wheel drive,4,1840,5,206.0,3880,19.5,31.4
3748,1987,USA,Gasoline,All-wheel drive,4,2180,6,,4460,18.3,28.2
3749,2014,Europe,Gasoline,Front-wheel drive,3,2170,6,253.0,4430,18.6,27.9
3750,2012,Europe,Gasoline,Rear-wheel drive,3,2090,6,243.0,4150,18.3,36.9
3751,1976,USA,Gasoline,Rear-wheel drive,2,2500,6,,4560,20.1,28.5
3752,1986,Asia,Gasoline,Front-wheel drive,5,2200,6,233.0,4020,18.4,31.9
3753,2018,USA,Gasoline,Rear-wheel drive,4,2480,7,273.0,4540,19.6,27.3
3754,1987,Asia,Diesel,Front-wheel drive,5,2350,7,287.0,4130,18.4,32.2
3755,1988,Asia,Gasoline,Rear-wheel drive,4,2480,7,274.0,4520,20.3,29.5
3756,2022,USA,Gasoline,All-wheel drive,5,2170,6,238.0,4360,19.3,29.0
3757,1985,Europe,Diesel,Rear-wheel drive,2,2240,5,249.0,4110,18.7,28.4
3758,1981,USA,Gasoline,Rear-wheel drive,5,2380,6,273.0,4440,19.3,24.7
3759,2019,USA,Gasoline,Front-wheel drive,5,2150,6,273.0,4020,17.6,32.4
3760,2002,USA,Gasoline,Front-wheel drive,3,1840,5,217.0,3740,18.8,30.5
3761,2014,USA,Hybrid,Rear-wheel drive,3,2490,7,268.0,4920,20.4,32.9
3762,1981,Asia,Gasoline,Front-wheel drive,5,1940,5,,4150,17.5,31.0
3763,1991,USA,Diesel,Front-wheel drive,3,2420,6,287.0,4200,19.6,30.7
3764,2001,Europe,Gasoline,Rear-wheel drive,5,2260,7,264.0,4490,19.8,28.5
3765,2003,Asia,Gasoline,Rear-wheel drive,3,2340,6,268.0,4070,19.9,28.9
3766,1983,USA,Gasoline,Front-wheel drive,3,2190,6,,4270,18.2,27.3
3767,1998,Europe,Hybrid,Front-wheel drive,4,2000,5,210.0,3870,19.4,38.0
3768,1984,Europe,Hybrid,Front-wheel drive,2,2120,6,234.0,3950,17.1,33.8
3769,1987,Europe,Diesel,Rear-wheel drive,3,2400,6,274.0,4510,21.2,29.2
3770,2008,Asia,Gasoline,Front-wheel drive,4,2030,6,224.0,4160,18.1,30.6
3771,1999,USA,Gasoline,All-wheel drive,3,2300,7,274.0,4630,20.7,26.0
3772,1989,USA,Gasoline,Front-wheel drive,4,2150,6,263.0,3990,19.0,28.8
3773,1990,USA,Hybrid,Rear-wheel drive,5,2310,6,236.0,4550,19.4,30.6
3774,2007,USA,Gasoline,Rear-wheel drive,4,2710,6,293.0,4920,19.0,26.4
3775,1977,Asia,Diesel,All-wheel drive,4,2240,6,260.0,4270,19.5,28.5
3776,1991,USA,Gasoline,All-wheel drive,3,1940,6,212.0,3920,19.6,27.5
3777,2019,Asia,Diesel,Front-wheel drive,3,2270,6,243.0,3940,19.2,31.0
3778,1996,USA,Gasoline,All-wheel drive,2,2190,6,256.0,4350,17.4,26.9
3779,1982,USA,Diesel,Front-wheel drive,4,2290,6,271.0,4380,20.1,29.6
3780,1979,USA,Gasoline,Front-wheel drive,4,2580,6,266.0,4400,17.1,24.0
3781,1993,USA,Gasoline,All-wheel drive,2,2570,6,271.0,4590,20.7,24.5
3782,1995,Europe,Gasoline,Front-wheel drive,2,2170,6,219.0,4050,20.0,29.9
3783,1977,Europe,Gasoline,Front-wheel drive,2,2250,6,,3890,18.4,30.1
3784,1977,Asia,Gasoline,Front-wheel drive,4,2550,6,263.0,4520,18.2,27.0
3785,1993,Europe,Gasoline,Rear-wheel drive,3,2310,6,244.0,4180,20.2,29.0
3786,2001,Asia,Gasoline,Front-wheel drive,4,1920,5,214.0,3550,19.5,35.2
3787,1989,Asia,Diesel,Front-wheel drive,3,2110,5,255.0,3850,18.8,31.6
3788,1977,USA,Gasoline,Front-wheel drive,3,2160,6,,4230,19.1,28.0
3789,2007,USA,Gasoline,Front-wheel drive,5,2230,6,236.0,4420,17.1,30.0
3790,2004,Europe,Gasoline,All-wheel drive,4,2270,6,249.0,4450,18.5,30.2
3791,1991,Asia,Diesel,All-wheel drive,3,2280,6,257.0,4300,18.4,29.2
3792,2013,Asia,Diesel,Front-wheel drive,4,2270,6,260.0,4280,18.5,34.2
3793,2008,Asia,Gasoline,Front-wheel drive,3,2330,7,267.0,4060,19.4,32.6
3794,1992,USA,Diesel,Rear-wheel drive,4,2730,7,284.0,4760,17.5,24.0
3795,1988,USA,Gasoline,Front-wheel drive,4,2390,7,278.0,4500,18.2,24.7
3796,2000,Europe,Gasoline,All-wheel drive,4,2150,5,237.0,4440,18.3,28.9
3797,1992,USA,Diesel,Front-wheel drive,5,2430,6,257.0,4540,17.9,29.4
3798,2015,USA,Gasoline,Rear-wheel drive,4,2100,5,,4500,18.9,31.5
3799,2018,Europe,Gasoline,Front-wheel drive,5,2360,6,263.0,4300,19.1,29.5
3800,2005,Europe,Gasoline,Rear-wheel drive,3,2490,6,288.0,4690,18.1,27.0
3801,2000,USA,Gasoline,Front-wheel drive,5,1970,5,223.0,4430,19.9,28.3
3802,2019,Asia,Gasoline,All-wheel drive,2,2500,6,265.0,4310,20.5,31.6
3803,2014,USA,Gasoline,Rear-wheel drive,3,2270,6,245.0,4390,18.4,30.3
3804,1989,Asia,Gasoline,Front-wheel drive,3,2140,6,244.0,3920,18.6,30.2
3805,1982,USA,Hybrid,Rear-wheel drive,3,2340,6,,4290,20.1,28.6
3806,2005,Europe,Gasoline,Rear-wheel drive,3,2270,6,246.0,4220,20.0,29.7
3807,2020,Asia,Gasoline,Rear-wheel drive,5,2150,6,,4630,20.0,31.1
3808,1978,USA,Gasoline,Front-wheel drive,3,2170,6,243.0,4030,19.2,25.4
3809,2008,USA,Hybrid,Front-wheel drive,4,2120,6,245.0,4240,18.2,33.7
3810,2023,USA,Gasoline,All-wheel drive,4,2370,6,266.0,4610,19.7,30.0
3811,2007,USA,Gasoline,Rear-wheel drive,2,1920,5,246.0,3970,18.8,27.5
3812,2006,Europe,Gasoline,Front-wheel drive,2,2360,7,264.0,4210,17.8,31.5
3813,2022,Asia,Gasoline,Front-wheel drive,4,2410,6,252.0,4630,19.3,35.1
3814,2013,Europe,Gasoline,Front-wheel drive,4,2240,6,226.0,3930,17.3,31.3
3815,1983,Europe,Gasoline,Front-wheel drive,3,2250,5,,3940,21.2,27.8
3816,2020,USA,Gasoline,All-wheel drive,4,2460,7,278.0,4860,19.6,26.3
3817,2010,USA,Gasoline,Rear-wheel drive,3,2360,6,271.0,4360,18.4,29.5
3818,2001,USA,Gasoline,All-wheel drive,2,2340,6,259.0,4390,17.2,27.1
3819,1984,Asia,Gasoline,Front-wheel drive,5,2310,6,,4370,21.1,27.1
3820,2008,Asia,Gasoline,Rear-wheel drive,4,2460,7,259.0,4710,19.6,27.4
3821,1980,USA,Diesel,All-wheel drive,4,2030,5,254.0,4120,19.6,26.5
3822,2022,Asia,Gasoline,Front-wheel drive,3,2100,6,235.0,4130,19.0,33.1
3823,2000,Asia,Gasoline,Front-wheel drive,5,2190,6,245.0,4130,18.8,29.6
3824,1979,Asia,Gasoline,All-wheel drive,3,2140,6,230.0,4500,18.6,27.0
3825,2018,Europe,Hybrid,Front-wheel drive,3,2210,6,249.0,4130,19.5,35.8
3826,2007,USA,Gasoline,Rear-wheel drive,4,2450,7,301.0,4740,19.1,27.7
3827,2016,USA,Diesel,Rear-wheel drive,3,2250,6,264.0,4150,17.5,32.7
3828,2009,USA,Gasoline,All-wheel drive,4,2390,6,280.0,4710,22.4,26.1
3829,1979,Asia,Diesel,All-wheel drive,2,2400,6,266.0,4300,18.8,29.8
3830,2004,Asia,Gasoline,Front-wheel drive,3,2030,6,241.0,4070,20.5,30.4
3831,2015,USA,Hybrid,Front-wheel drive,3,2330,6,262.0,4310,17.8,32.8
3832,1975,Asia,Gasoline,All-wheel drive,2,2380,6,,4350,19.5,27.2
3833,2008,USA,Diesel,Rear-wheel drive,4,2230,6,285.0,4250,20.0,29.8
3834,1992,Europe,Hybrid,Rear-wheel drive,3,2070,6,262.0,4170,19.7,31.2
3835,1976,Asia,Gasoline,Rear-wheel drive,3,2320,6,250.0,4630,19.2,25.7
3836,2006,USA,Diesel,Front-wheel drive,4,2420,7,284.0,4690,19.0,27.4
3837,2016,Europe,Diesel,All-wheel drive,5,2060,5,211.0,3940,18.4,35.4
3838,1989,USA,Gasoline,Front-wheel drive,5,2450,6,269.0,4400,18.4,24.1
3839,2003,USA,Hybrid,Rear-wheel drive,4,2290,6,268.0,4550,16.1,31.6
3840,1981,Europe,Diesel,All-wheel drive,3,2270,6,222.0,4460,19.1,27.6
3841,1996,USA,Gasoline,Front-wheel drive,5,1900,5,216.0,4080,18.5,28.8
3842,1985,Europe,Gasoline,Rear-wheel drive,2,2390,6,287.0,4340,18.6,26.4
3843,1980,Europe,Gasoline,Front-wheel drive,4,2030,6,240.0,4160,18.7,27.6
3844,2011,Asia,Hybrid,Front-wheel drive,2,2040,6,228.0,4130,17.5,35.0
3845,1989,USA,Gasoline,Front-wheel drive,3,2240,6,268.0,4390,18.6,28.1
3846,1989,USA,Gasoline,All-wheel drive,4,2060,6,235.0,4340,18.9,25.8
3847,1992,USA,Gasoline,Front-wheel drive,4,2070,5,230.0,4100,19.0,30.4
3848,2006,USA,Gasoline,Rear-wheel drive,4,2030,6,251.0,4260,19.6,31.5
3849,1978,Asia,Gasoline,Front-wheel drive,2,2120,6,,3740,17.8,27.7
3850,1986,Europe,Hybrid,Front-wheel drive,4,2120,6,235.0,4100,18.9,31.4
3851,2005,Asia,Gasoline,Front-wheel drive,4,2160,6,259.0,4310,20.2,31.4
3852,1992,Asia,Diesel,Front-wheel drive,4,2010,6,229.0,3940,19.5,30.9
3853,2009,Asia,Gasoline,All-wheel drive,5,2190,6,271.0,3950,17.0,30.5
3854,2004,Asia,Gasoline,Front-wheel drive,5,1930,6,235.0,3910,17.7,33.0
3855,2005,Asia,Gasoline,Front-wheel drive,5,2410,6,258.0,4350,18.5,32.3
3856,2021,USA,Gasoline,All-wheel drive,2,2350,6,257.0,4680,17.6,28.8
3857,2015,Asia,Gasoline,Front-wheel drive,4,2270,6,239.0,4200,17.7,29.1
3858,2001,USA,Diesel,All-wheel drive,4,2360,7,283.0,4320,19.2,29.1
3859,1976,Asia,Gasoline,Rear-wheel drive,2,2070,5,,3980,19.9,30.8
3860,1999,Europe,Gasoline,Rear-wheel drive,5,2320,6,235.0,4420,17.8,30.6
3861,1981,Europe,Gasoline,Front-wheel drive,3,2510,6,268.0,4180,17.8,26.7
3862,1993,Asia,Gasoline,Front-wheel drive,4,2620,7,281.0,4640,18.6,27.8
3863,2019,Asia,Gasoline,Rear-wheel drive,5,2300,6,244.0,4460,19.9,33.5
3864,1976,Europe,Gasoline,Front-wheel drive,2,2070,6,238.0,3860,20.1,29.6
3865,2008,Europe,Diesel,All-wheel drive,3,2280,6,261.0,4100,18.7,32.9
3866,2010,USA,Diesel,Front-wheel drive,4,2270,6,285.0,4350,19.0,29.1
3867,1988,USA,Gasoline,All-wheel drive,5,2550,6,285.0,4960,21.8,23.9
3868,1982,Asia,Gasoline,Front-wheel drive,5,1700,5,191.0,3820,20.0,31.5
3869,2023,Asia,Diesel,Rear-wheel drive,4,2200,6,247.0,4360,18.2,34.9
3870,1980,Asia,Gasoline,All-wheel drive,3,2080,5,220.0,3890,17.9,28.8
3871,2024,USA,Gasoline,All-wheel drive,3,2170,6,237.0,4380,16.0,30.8
3872,2014,USA,Gasoline,All-wheel drive,5,2320,6,,4440,17.7,26.3
3873,2000,USA,Gasoline,Front-wheel drive,4,2280,6,292.0,4360,19.7,27.0
3874,2018,USA,Gasoline,Rear-wheel drive,4,2080,6,245.0,3860,18.0,30.4
3875,1998,Europe,Gasoline,Front-wheel drive,5,2140,6,226.0,3880,19.7,31.7
3876,2012,Europe,Gasoline,Rear-wheel drive,4,2670,7,258.0,4830,20.7,31.2
3877,2010,Asia,Gasoline,Front-wheel drive,3,2360,6,260.0,4320,18.2,31.3
3878,2023,USA,Gasoline,All-wheel drive,4,2330,6,264.0,4670,20.6,28.1
3879,2013,Asia,Diesel,Front-wheel drive,4,2180,6,253.0,4200,18.9,34.1
3880,1979,Europe,Gasoline,All-wheel drive,4,2130,6,219.0,4370,21.3,25.9
3881,2008,USA,Gasoline,Front-wheel drive,3,2210,6,226.0,3910,18.6,32.6
3882,2003,USA,Gasoline,All-wheel drive,3,2010,5,231.0,4440,17.9,29.9
3883,2015,Europe,Hybrid,Front-wheel drive,4,2150,6,225.0,4100,19.5,39.0
3884,2010,Europe,Gasoline,Front-wheel drive,2,2170,6,231.0,3860,18.4,32.4
3885,2009,USA,Gasoline,Front-wheel drive,3,2480,7,,4390,18.8,28.5
3886,1997,Europe,Gasoline,Front-wheel drive,2,1900,5,209.0,3590,19.0,32.6
3887,1997,Asia,Gasoline,Rear-wheel drive,4,2200,5,219.0,4160,19.2,28.7
3888,1977,Asia,Gasoline,All-wheel drive,2,2720,7,,4810,20.3,24.1
3889,1999,Asia,Diesel,Front-wheel drive,3,2510,6,280.0,4200,18.8,29.2
3890,2005,USA,Gasoline,Front-wheel drive,3,2140,6,,4100,18.7,31.0
3891,1986,Europe,Gasoline,Front-wheel drive,4,2200,6,246.0,4030,17.4,30.2
3892,2020,USA,Diesel,Front-wheel drive,3,2260,6,261.0,4290,19.6,32.1
3893,1981,Asia,Gasoline,Rear-wheel drive,3,2210,6,252.0,4370,17.7,27.9
3894,1995,Asia,Diesel,Rear-wheel drive,2,2180,6,261.0,4540,20.8,28.9
3895,2011,USA,Gasoline,Rear-wheel drive,4,2680,7,302.0,4920,17.8,26.6
3896,1989,Europe,Gasoline,Rear-wheel drive,4,2100,6,233.0,4500,20.2,28.9
3897,2001,Asia,Gasoline,Front-wheel drive,3,2270,6,248.0,4280,18.1,31.4
3898,2015,USA,Diesel,Rear-wheel drive,3,2530,7,289.0,4710,20.2,30.3
3899,2016,USA,Gasoline,Rear-wheel drive,4,2300,6,252.0,4610,19.9,29.3
3900,1986,Europe,Gasoline,Front-wheel drive,4,2110,6,252.0,4210,20.7,24.0
3901,1994,Europe,Gasoline,All-wheel drive,5,2130,6,227.0,4110,18.5,28.3
3902,2005,Europe,Gasoline,Front-wheel drive,4,2050,6,240.0,4200,20.1,30.8
3903,1979,Europe,Gasoline,Front-wheel drive,4,2180,6,261.0,4120,19.3,31.0
3904,1990,Asia,Diesel,All-wheel drive,4,2370,6,271.0,4730,19.6,29.3
3905,1990,USA,Diesel,All-wheel drive,2,2400,6,286.0,4630,20.1,27.7
3906,1984,Asia,Gasoline,Front-wheel drive,4,2140,6,,4180,19.2,28.3
3907,2022,USA,Hybrid,Rear-wheel drive,3,2570,7,276.0,4980,18.5,33.5
3908,2018,USA,Gasoline,Front-wheel drive,4,2530,6,288.0,4620,17.5,29.0
3909,2006,USA,Gasoline,Rear-wheel drive,4,2350,6,261.0,4510,20.3,26.6
3910,2015,USA,Gasoline,Front-wheel drive,4,2290,6,264.0,4200,18.0,28.4
3911,2001,Europe,Diesel,Rear-wheel drive,3,2260,6,232.0,4460,20.1,31.1
3912,1992,USA,Hybrid,All-wheel drive,2,2600,7,303.0,4910,16.3,28.2
3913,1993,Asia,Diesel,Front-wheel drive,4,2360,7,274.0,4370,16.2,27.4
3914,1976,USA,Gasoline,Front-wheel drive,4,2080,6,,4040,18.4,25.2
3915,2006,Asia,Gasoline,Rear-wheel drive,4,2280,6,263.0,4500,19.8,30.2
3916,2015,USA,Gasoline,All-wheel drive,2,2540,7,268.0,4750,18.6,28.0
3917,1977,USA,Gasoline,Front-wheel drive,2,1900,5,,3850,20.1,27.1
3918,2021,Asia,Gasoline,Front-wheel drive,3,2080,5,219.0,4010,16.6,32.7
3919,1990,USA,Gasoline,Front-wheel drive,2,2210,6,202.0,4200,18.4,26.4
3920,1982,USA,Gasoline,Front-wheel drive,2,2260,6,255.0,4010,20.6,28.7
3921,1975,USA,Gasoline,Front-wheel drive,3,2540,6,262.0,4170,19.3,28.9
3922,2003,Europe,Gasoline,Front-wheel drive,4,2530,7,264.0,4690,19.1,29.9
3923,2022,USA,Gasoline,Rear-wheel drive,5,2330,7,,4640,18.2,29.4
3924,1994,USA,Hybrid,Front-wheel drive,2,2480,7,274.0,4480,20.6,33.2
3925,2014,Asia,Gasoline,Front-wheel drive,4,2130,5,231.0,3830,16.4,33.9
3926,2019,USA,Diesel,All-wheel drive,2,2560,6,291.0,4670,18.1,31.3
3927,1989,Europe,Gasoline,Rear-wheel drive,4,2440,6,267.0,4680,20.1,24.9
3928,2014,USA,Gasoline,Front-wheel drive,3,2010,6,251.0,4030,19.0,31.0
3929,2017,USA,Gasoline,Front-wheel drive,2,2560,6,299.0,4500,19.8,29.7
3930,2002,Asia,Gasoline,Rear-wheel drive,5,2340,6,249.0,4360,19.9,29.7
3931,2002,Asia,Gasoline,All-wheel drive,5,2030,5,233.0,4430,20.7,29.5
3932,2019,Europe,Gasoline,Front-wheel drive,4,2250,6,235.0,3960,17.8,32.1
3933,1983,Asia,Gasoline,All-wheel drive,4,2160,6,251.0,4200,19.8,26.4
3934,1991,USA,Gasoline,All-wheel drive,3,2050,5,247.0,4550,20.4,26.8
3935,2020,Europe,Hybrid,All-wheel drive,3,2130,6,223.0,4190,,32.4
3936,2023,Asia,Gasoline,Front-wheel drive,5,2010,6,219.0,4210,20.7,33.1
3937,1986,Europe,Gasoline,All-wheel drive,4,2290,6,258.0,4320,18.8,26.6
3938,1987,Europe,Gasoline,Front-wheel drive,3,2200,6,237.0,4300,18.5,27.9
3939,1975,USA,Gasoline,Front-wheel drive,5,2200,5,236.0,4190,18.8,24.2
3940,1983,Europe,Gasoline,Front-wheel drive,4,1930,6,,4050,19.6,29.1
3941,1975,USA,Diesel,Rear-wheel drive,4,2290,6,279.0,4630,19.5,27.0
3942,1988,Asia,Hybrid,Front-wheel drive,4,2470,7,249.0,4080,19.7,31.7
3943,1985,Europe,Hybrid,Front-wheel drive,4,2270,6,246.0,4320,20.0,32.2
3944,1996,Europe,Gasoline,Front-wheel drive,2,2070,5,232.0,3890,18.9,32.5
3945,2022,USA,Gasoline,Front-wheel drive,3,2480,6,265.0,4290,17.9,27.8
3946,2000,Europe,Gasoline,Front-wheel drive,3,2130,5,215.0,3820,18.1,28.9
3947,2016,Europe,Gasoline,Front-wheel drive,4,2600,7,,4390,17.1,32.0
3948,1993,USA,Hybrid,Front-wheel drive,3,2450,6,281.0,4560,18.8,30.7
3949,1980,Europe,Gasoline,Front-wheel drive,3,2130,6,244.0,3930,19.0,26.6
3950,1990,USA,Gasoline,All-wheel drive,3,2110,6,255.0,4390,19.1,24.8
3951,1981,Asia,Diesel,Front-wheel drive,4,2060,6,247.0,4040,17.3,31.9
3952,1995,Asia,Gasoline,Front-wheel drive,4,2350,6,228.0,4120,19.6,28.3
3953,1994,Asia,Gasoline,Rear-wheel drive,2,2530,6,267.0,4570,19.7,27.9
3954,2002,USA,Gasoline,Front-wheel drive,3,2240,6,248.0,4340,21.4,27.8
3955,2000,Asia,Gasoline,Front-wheel drive,3,2220,6,253.0,4040,17.3,29.6
3956,1977,Asia,Gasoline,Front-wheel drive,4,2290,6,,4140,19.0,27.7
3957,2008,Europe,Diesel,Rear-wheel drive,4,2370,6,289.0,4450,21.0,30.7
3958,1981,Europe,Gasoline,Front-wheel drive,3,1950,6,,3660,16.9,29.7
3959,1996,Asia,Gasoline,Front-wheel drive,3,2200,6,224.0,4000,19.8,32.4
3960,1998,Asia,Hybrid,Front-wheel drive,5,1930,5,215.0,3730,17.8,36.6
3961,1990,Asia,Diesel,Front-wheel drive,4,2320,6,251.0,4430,19.7,31.5
3962,2018,USA,Diesel,Front-wheel drive,4,2340,6,,4480,18.8,32.9
3963,1976,Asia,Diesel,Rear-wheel drive,4,2250,6,,4210,19.8,24.5
3964,1987,USA,Gasoline,Rear-wheel drive,3,2370,6,258.0,4420,18.4,26.2
3965,2000,USA,Hybrid,All-wheel drive,2,2130,6,270.0,4260,19.8,30.2
3966,2022,Europe,Gasoline,Front-wheel drive,3,2210,6,244.0,4110,,32.0
3967,1981,USA,Hybrid,Front-wheel drive,4,2330,7,272.0,4200,17.7,32.2
3968,1987,USA,Gasoline,Rear-wheel drive,4,2330,6,282.0,4410,19.4,24.6
3969,2022,USA,Gasoline,Front-wheel drive,5,2120,6,255.0,4200,19.3,32.2
3970,2007,Europe,Hybrid,Rear-wheel drive,4,1990,6,225.0,3910,18.3,32.8
3971,2005,Europe,Gasoline,Rear-wheel drive,3,2340,6,262.0,4580,20.1,28.5
3972,2013,USA,Gasoline,Front-wheel drive,4,2290,6,260.0,4160,17.0,30.3
3973,2001,Asia,Diesel,Front-wheel drive,3,2210,6,258.0,4210,16.1,31.9
3974,2020,USA,Gasoline,Front-wheel drive,4,2240,6,269.0,4230,18.8,30.6
3975,2013,USA,Gasoline,All-wheel drive,4,2540,7,302.0,4800,18.4,28.6
3976,1997,Asia,Gasoline,Front-wheel drive,3,2300,6,260.0,4290,18.4,29.9
3977,2000,Europe,Gasoline,Front-wheel drive,5,2370,6,259.0,4130,16.4,31.0
3978,1998,Asia,Gasoline,Front-wheel drive,5,1920,5,190.0,4000,19.0,30.8
3979,1987,Asia,Gasoline,All-wheel drive,4,2280,6,254.0,4170,18.8,26.5
3980,1985,Asia,Gasoline,All-wheel drive,2,2330,6,229.0,4360,19.8,28.2
3981,1981,USA,Gasoline,Front-wheel drive,4,2310,6,246.0,4850,21.7,25.2
3982,1996,Asia,Hybrid,Rear-wheel drive,4,2420,6,251.0,4240,16.1,31.9
3983,1986,Asia,Gasoline,Rear-wheel drive,4,2250,6,244.0,4140,18.8,30.8
3984,2007,USA,Gasoline,All-wheel drive,4,2430,7,265.0,4930,20.4,27.6
3985,2016,Asia,Diesel,Front-wheel drive,2,2170,6,248.0,3730,21.5,32.9
3986,1998,Europe,Gasoline,Front-wheel drive,5,2220,6,253.0,4630,18.6,29.0
3987,1989,USA,Gasoline,Front-wheel drive,5,2460,7,308.0,4370,18.3,27.2
3988,1981,USA,Hybrid,Front-wheel drive,5,2180,6,,4100,19.2,31.3
3989,2005,Asia,Diesel,Rear-wheel drive,4,1840,5,229.0,3940,17.8,34.2
3990,1982,USA,Gasoline,Front-wheel drive,3,2410,6,,4140,19.5,26.7
3991,2001,Europe,Gasoline,Front-wheel drive,5,2170,6,232.0,4190,18.7,30.9
3992,1984,USA,Gasoline,Front-wheel drive,3,2260,6,270.0,4300,18.9,26.0
3993,2011,USA,Gasoline,Front-wheel drive,4,2220,6,262.0,4450,18.2,31.4
3994,1978,USA,Gasoline,Rear-wheel drive,2,2230,6,248.0,4230,16.8,24.5
3995,2005,Asia,Gasoline,Front-wheel drive,4,2430,6,267.0,4310,18.5,28.3
3996,2023,Asia,Diesel,Rear-wheel drive,5,2040,6,243.0,4550,19.2,34.9
3997,2007,Asia,Gasoline,Front-wheel drive,3,2550,6,269.0,4010,18.9,29.6
3998,1989,Asia,Gasoline,Front-wheel drive,2,2420,6,260.0,4270,18.3,27.3
3999,2021,Asia,Gasoline,All-wheel drive,4,2450,6,270.0,4730,19.4,30.7
4000,1980,USA,Gasoline,Front-wheel drive,5,2450,6,262.0,4530,19.2,24.8
4001,2017,Europe,Gasoline,Front-wheel drive,4,2310,6,258.0,4420,18.9,32.7
4002,2022,Europe,Gasoline,Front-wheel drive,2,2010,5,217.0,3880,19.8,36.7
4003,1980,Europe,Gasoline,Front-wheel drive,4,2330,6,,4410,20.0,29.8
4004,2023,Europe,Gasoline,Rear-wheel drive,4,2490,7,262.0,4420,18.9,29.1
4005,1994,USA,Gasoline,Front-wheel drive,2,2320,6,255.0,4120,17.6,29.2
4006,2020,Asia,Gasoline,All-wheel drive,2,2310,5,266.0,4220,18.0,28.1
4007,2007,Asia,Gasoline,Rear-wheel drive,3,2390,6,262.0,4380,20.4,28.1
4008,1984,Europe,Gasoline,Front-wheel drive,3,2250,6,234.0,4020,16.5,28.8
4009,2020,Europe,Hybrid,Rear-wheel drive,2,2210,6,223.0,4070,,37.3
4010,2023,USA,Gasoline,Rear-wheel drive,4,1920,5,225.0,4050,18.8,31.3
4011,1985,Asia,Diesel,Front-wheel drive,2,2140,5,247.0,3990,20.3,34.5
4012,1995,USA,Diesel,Front-wheel drive,5,2230,6,267.0,4380,21.0,30.6
4013,2008,Europe,Gasoline,Front-wheel drive,3,2680,7,290.0,4210,17.1,30.1
4014,1989,USA,Gasoline,Front-wheel drive,3,2560,6,284.0,4570,17.9,26.2
4015,2005,Asia,Gasoline,Front-wheel drive,4,2120,6,222.0,4120,19.6,29.0
4016,2018,Europe,Gasoline,Rear-wheel drive,3,2190,7,245.0,4090,20.1,30.0
4017,1984,USA,Gasoline,Front-wheel drive,2,2140,6,,3910,19.4,28.2
4018,2017,Europe,Diesel,Front-wheel drive,2,2220,6,250.0,4010,17.5,34.4
4019,2023,USA,Diesel,Front-wheel drive,5,2750,7,315.0,4760,18.7,31.3
4020,2004,Asia,Gasoline,Front-wheel drive,5,1950,5,230.0,3930,17.8,32.2
4021,1977,USA,Gasoline,Front-wheel drive,5,2010,5,,3980,18.5,28.4
4022,2019,USA,Diesel,All-wheel drive,4,2310,6,269.0,4710,18.6,31.3
4023,1984,USA,Gasoline,Rear-wheel drive,4,2470,7,281.0,4730,18.1,25.5
4024,1985,Europe,Gasoline,All-wheel drive,3,2150,6,224.0,4350,19.9,28.0
4025,2022,USA,Gasoline,Front-wheel drive,5,2110,6,236.0,4180,18.5,32.3
4026,1981,Europe,Gasoline,Front-wheel drive,4,2090,6,235.0,4170,20.6,27.2
4027,2002,USA,Gasoline,All-wheel drive,3,2430,7,268.0,4760,20.3,26.9
4028,2013,Asia,Gasoline,Front-wheel drive,4,2590,7,257.0,4290,19.3,28.6
4029,1976,Asia,Hybrid,Front-wheel drive,2,2310,7,268.0,4140,18.2,29.1
4030,2000,USA,Gasoline,Front-wheel drive,4,2210,6,256.0,4280,19.0,31.0
4031,2021,Asia,Diesel,Front-wheel drive,3,2510,7,,4380,18.2,35.6
4032,2007,USA,Gasoline,Front-wheel drive,5,2160,6,240.0,4170,19.8,30.3
4033,2016,USA,Gasoline,Front-wheel drive,4,1950,5,207.0,4260,21.2,32.9
4034,1978,USA,Diesel,Rear-wheel drive,3,2330,6,,4530,20.5,27.8
4035,1995,Asia,Diesel,Front-wheel drive,3,2350,6,261.0,4470,18.5,30.7
4036,2022,Asia,Diesel,Rear-wheel drive,4,2220,6,243.0,4340,16.0,32.3
4037,1990,USA,Gasoline,Front-wheel drive,4,2370,7,291.0,4340,18.9,25.7
4038,1980,USA,Gasoline,All-wheel drive,3,2210,6,250.0,4620,19.8,24.8
4039,2004,USA,Gasoline,All-wheel drive,2,2300,6,261.0,4440,18.2,28.9
4040,2016,Asia,Gasoline,Front-wheel drive,3,2150,6,247.0,3910,20.2,31.9
4041,2002,Europe,Gasoline,All-wheel drive,3,2440,6,282.0,4250,15.9,25.8
4042,1984,Asia,Gasoline,Rear-wheel drive,3,2190,6,,4230,19.0,27.1
4043,2007,USA,Hybrid,All-wheel drive,3,2490,7,285.0,4850,21.0,28.5
4044,2013,Europe,Gasoline,All-wheel drive,5,2100,6,236.0,4280,19.2,29.4
4045,1978,Europe,Gasoline,Rear-wheel drive,2,2540,7,261.0,4710,19.6,23.8
4046,1998,Europe,Gasoline,Rear-wheel drive,3,2330,6,233.0,4180,17.7,26.3
4047,1991,Europe,Diesel,Front-wheel drive,3,2110,6,255.0,4180,,31.6
4048,1996,USA,Gasoline,Front-wheel drive,5,2170,6,270.0,4220,19.6,26.7
4049,1978,Europe,Diesel,Front-wheel drive,2,2180,6,224.0,3940,19.0,32.8
4050,2000,USA,Gasoline,All-wheel drive,5,2480,7,291.0,4630,20.2,25.1
4051,1982,Asia,Diesel,Front-wheel drive,4,2250,6,233.0,4320,19.6,31.4
4052,2014,Asia,Gasoline,All-wheel drive,3,2080,6,249.0,4260,21.9,32.8
4053,1981,Asia,Gasoline,Rear-wheel drive,4,2400,6,,4470,20.9,27.5
4054,2012,Europe,Gasoline,All-wheel drive,4,2380,6,259.0,4280,19.1,31.3
4055,1981,Asia,Gasoline,Front-wheel drive,5,2340,6,,4460,17.7,26.8
4056,2008,USA,Diesel,Front-wheel drive,3,2150,6,256.0,4120,18.6,30.2
4057,2001,Europe,Diesel,All-wheel drive,3,2650,7,300.0,4740,18.7,29.8
4058,2002,Europe,Gasoline,All-wheel drive,2,2460,6,233.0,4350,17.1,28.7
4059,1978,USA,Gasoline,Rear-wheel drive,3,2330,6,,4620,21.0,27.7
4060,1977,Asia,Gasoline,All-wheel drive,3,2260,6,236.0,4490,21.7,26.1
4061,1993,USA,Gasoline,Front-wheel drive,4,1840,5,195.0,3970,17.0,32.6
4062,2013,Asia,Gasoline,All-wheel drive,4,2200,6,254.0,4270,16.5,31.3
4063,1990,USA,Gasoline,Rear-wheel drive,4,2370,6,265.0,4740,19.1,27.1
4064,2010,Asia,Diesel,Front-wheel drive,4,2400,6,262.0,4320,20.3,33.8
4065,1995,USA,Gasoline,All-wheel drive,5,2370,6,264.0,5070,21.0,25.4
4066,1980,Europe,Gasoline,Rear-wheel drive,3,2160,6,256.0,4120,19.7,28.6
4067,1990,Asia,Diesel,Front-wheel drive,2,2180,6,265.0,3740,17.9,37.6
4068,1993,USA,Gasoline,Front-wheel drive,4,2250,6,274.0,4520,19.2,28.1
4069,2012,Europe,Gasoline,Rear-wheel drive,5,2250,6,247.0,4390,18.1,29.8
4070,1995,USA,Diesel,Front-wheel drive,3,1910,6,252.0,3890,18.8,32.9
4071,2011,Europe,Gasoline,Front-wheel drive,3,2190,6,242.0,4010,18.9,31.4
4072,2015,USA,Hybrid,Front-wheel drive,4,2160,6,247.0,3840,18.6,37.4
4073,2011,Asia,Gasoline,Front-wheel drive,2,2330,6,246.0,4560,17.7,32.4
4074,1983,Asia,Gasoline,Rear-wheel drive,3,2020,6,216.0,4020,17.9,31.0
4075,2012,Europe,Gasoline,All-wheel drive,4,2170,6,241.0,4360,19.7,30.1
4076,1989,USA,Hybrid,Front-wheel drive,3,2520,6,275.0,4190,20.6,32.3
4077,2017,Asia,Hybrid,Front-wheel drive,5,2060,6,196.0,3910,19.4,39.8
4078,2007,USA,Gasoline,Rear-wheel drive,3,2330,6,261.0,4400,20.0,25.0
4079,2000,Asia,Gasoline,Front-wheel drive,5,2310,6,242.0,4310,21.6,30.5
4080,1992,Asia,Diesel,Front-wheel drive,4,2510,7,288.0,4510,19.5,29.5
4081,1994,Asia,Gasoline,Front-wheel drive,4,2330,6,243.0,4160,19.4,32.6
4082,2020,USA,Diesel,Front-wheel drive,5,2330,6,275.0,4550,21.7,30.8
4083,2015,USA,Hybrid,Front-wheel drive,4,2370,6,274.0,4560,18.5,30.2
4084,1992,USA,Hybrid,Rear-wheel drive,3,2120,6,250.0,4210,19.1,31.0
4085,2021,Europe,Gasoline,Front-wheel drive,3,2290,6,253.0,4080,17.9,32.7
4086,1995,Asia,Gasoline,Front-wheel drive,3,2430,6,290.0,4200,16.5,29.3
4087,1978,Europe,Diesel,Front-wheel drive,4,2250,6,276.0,4230,17.5,30.5
4088,1983,Europe,Gasoline,Front-wheel drive,4,2360,6,234.0,4310,22.4,26.6
4089,2017,USA,Gasoline,All-wheel drive,3,2320,6,250.0,4410,18.3,26.9
4090,2007,Europe,Gasoline,Rear-wheel drive,4,2350,6,291.0,4230,21.8,29.0
4091,2022,Asia,Diesel,Front-wheel drive,2,1910,5,217.0,3320,17.7,36.3
4092,2009,Europe,Hybrid,All-wheel drive,3,2470,6,242.0,4390,,34.9
4093,2010,USA,Hybrid,Front-wheel drive,4,2440,7,277.0,4290,19.0,35.0
4094,1984,USA,Diesel,Front-wheel drive,3,2480,6,,4380,20.9,29.1
4095,2017,USA,Gasoline,Front-wheel drive,4,2310,7,281.0,4430,18.8,28.3
4096,1978,Asia,Diesel,Front-wheel drive,3,2110,6,251.0,4000,16.8,29.2
4097,2015,Asia,Gasoline,All-wheel drive,2,2070,6,212.0,4190,17.5,34.3
4098,1981,USA,Gasoline,Front-wheel drive,3,2030,6,257.0,4110,17.5,28.5
4099,2004,Asia,Hybrid,Front-wheel drive,5,2350,6,239.0,4300,19.8,35.2
4100,2008,Asia,Gasoline,Front-wheel drive,3,2120,6,242.0,3940,19.1,31.2
4101,2013,Europe,Diesel,Front-wheel drive,3,2130,6,286.0,4030,,32.5
4102,1998,Europe,Hybrid,Front-wheel drive,3,1940,5,213.0,3810,19.4,36.7
4103,2008,USA,Gasoline,Front-wheel drive,3,2350,6,274.0,4100,16.8,30.3
4104,1975,USA,Gasoline,All-wheel drive,3,2240,6,275.0,4410,19.4,22.1
4105,2023,USA,Gasoline,Rear-wheel drive,2,2220,7,232.0,4250,18.2,33.2
4106,2009,Europe,Gasoline,Front-wheel drive,4,2220,6,238.0,4090,19.5,31.3
4107,2004,Europe,Diesel,Front-wheel drive,3,2260,7,258.0,4220,18.5,29.7
4108,2024,USA,Gasoline,Rear-wheel drive,3,2250,6,251.0,4390,19.4,32.2
4109,2018,Europe,Hybrid,Rear-wheel drive,4,2220,6,249.0,4320,18.7,33.0
4110,2019,USA,Gasoline,All-wheel drive,5,2230,6,257.0,4430,19.2,27.4
4111,1995,Europe,Gasoline,Rear-wheel drive,3,2070,6,218.0,4110,18.0,29.4
4112,1981,Europe,Diesel,Front-wheel drive,3,2290,6,,4170,19.0,31.6
4113,1981,Europe,Gasoline,All-wheel drive,2,2330,6,,4380,,25.5
4114,2005,Asia,Diesel,Front-wheel drive,3,1930,6,252.0,3690,16.6,36.9
4115,2005,USA,Gasoline,All-wheel drive,3,2590,7,264.0,4740,21.4,26.2
4116,1991,Europe,Gasoline,Front-wheel drive,5,2230,6,264.0,4070,17.6,31.5
4117,2004,Europe,Gasoline,Rear-wheel drive,2,2020,5,216.0,3880,,29.3
4118,2015,Europe,Gasoline,Rear-wheel drive,3,2230,6,244.0,4180,19.5,30.5
4119,2000,Asia,Gasoline,Rear-wheel drive,4,2560,6,263.0,4680,19.0,28.2
4120,2007,Asia,Gasoline,Front-wheel drive,3,2180,5,212.0,3930,19.3,32.9
4121,2010,Europe,Gasoline,Rear-wheel drive,4,2330,6,265.0,4470,17.1,29.2
4122,2010,Asia,Diesel,Rear-wheel drive,4,2020,5,235.0,4130,19.5,33.5
4123,2001,USA,Gasoline,Rear-wheel drive,4,2360,6,262.0,4730,18.1,24.1
4124,1980,Europe,Gasoline,All-wheel drive,2,2470,6,,4450,19.9,26.0
4125,2010,USA,Gasoline,Front-wheel drive,2,2000,6,222.0,3960,19.1,30.4
4126,2019,USA,Gasoline,All-wheel drive,4,2500,6,266.0,4880,18.8,26.3
4127,2004,Europe,Gasoline,Front-wheel drive,5,2260,6,236.0,4290,,30.4
4128,2012,USA,Gasoline,Front-wheel drive,3,2080,5,248.0,4290,20.3,31.6
4129,1999,Europe,Hybrid,All-wheel drive,4,2340,6,269.0,4720,22.4,31.8
4130,1996,USA,Gasoline,Front-wheel drive,4,2090,6,250.0,3970,19.5,30.1
4131,1976,USA,Gasoline,All-wheel drive,3,2450,7,276.0,4720,20.5,23.7
4132,1983,USA,Gasoline,Rear-wheel drive,4,2430,6,266.0,4610,20.6,25.8
4133,1975,Asia,Gasoline,Rear-wheel drive,4,2200,6,229.0,4350,18.3,28.3
4134,2005,USA,Gasoline,Front-wheel drive,4,2370,7,283.0,4660,20.3,29.5
4135,2018,Europe,Gasoline,All-wheel drive,3,2160,6,252.0,4120,17.9,31.5
4136,1999,USA,Gasoline,Front-wheel drive,3,2030,5,227.0,4070,19.8,30.5
4137,1990,USA,Gasoline,Front-wheel drive,4,2380,6,272.0,4360,18.7,24.0
4138,2001,USA,Gasoline,Front-wheel drive,3,2530,7,271.0,4590,19.5,29.6
4139,1997,USA,Gasoline,Front-wheel drive,3,2230,6,256.0,4270,18.4,26.9
4140,2004,USA,Gasoline,Front-wheel drive,5,2260,6,261.0,4140,18.1,29.6
4141,2016,USA,Gasoline,Front-wheel drive,2,2210,5,243.0,3620,18.4,31.1
4142,2015,Asia,Gasoline,Front-wheel drive,2,2150,6,216.0,3860,19.5,36.8
4143,2019,USA,Hybrid,Rear-wheel drive,5,2350,6,275.0,4570,19.4,33.2
4144,2011,USA,Gasoline,All-wheel drive,4,2260,6,253.0,3900,17.1,28.6
4145,2018,USA,Gasoline,Front-wheel drive,3,2390,6,272.0,4280,20.0,30.8
4146,2003,USA,Gasoline,Front-wheel drive,4,2400,6,275.0,4240,18.5,28.1
4147,2008,Europe,Diesel,Front-wheel drive,4,2340,6,278.0,4180,18.3,29.9
4148,2022,Asia,Gasoline,Front-wheel drive,5,2170,6,242.0,4390,21.1,32.2
4149,1994,Asia,Diesel,Front-wheel drive,4,2050,6,242.0,4030,21.1,31.3
4150,1995,USA,Gasoline,Rear-wheel drive,4,2060,5,245.0,4040,17.1,27.3
4151,2015,Asia,Gasoline,Front-wheel drive,3,2170,6,222.0,3820,19.6,33.0
4152,2018,USA,Gasoline,Rear-wheel drive,3,2580,6,268.0,4540,15.9,29.8
4153,2023,Asia,Hybrid,Front-wheel drive,4,2470,7,250.0,4470,20.2,37.9
4154,2009,Asia,Hybrid,Front-wheel drive,3,1960,5,223.0,4050,18.6,34.1
4155,2006,Asia,Gasoline,Front-wheel drive,4,2640,7,278.0,4690,19.0,30.6
4156,1988,USA,Gasoline,Rear-wheel drive,5,2540,7,280.0,4830,19.1,23.6
4157,2022,Europe,Gasoline,Front-wheel drive,2,2370,7,270.0,4200,15.8,33.2
4158,1989,USA,Hybrid,Rear-wheel drive,2,2160,6,260.0,4250,16.1,29.6
4159,1976,Asia,Gasoline,Rear-wheel drive,2,2140,6,,4120,18.4,28.2
4160,2018,Asia,Gasoline,Front-wheel drive,5,2360,6,255.0,4620,20.0,31.3
4161,2001,Asia,Hybrid,Rear-wheel drive,4,2100,6,238.0,4050,17.1,32.7
4162,2002,USA,Gasoline,Rear-wheel drive,2,2640,7,305.0,5070,18.0,26.8
4163,1985,Asia,Gasoline,All-wheel drive,4,2370,6,250.0,4500,19.7,26.9
4164,2007,USA,Gasoline,Rear-wheel drive,2,2380,6,282.0,4250,17.4,26.4
4165,2014,Asia,Diesel,Front-wheel drive,4,1950,6,229.0,3990,18.6,37.4
4166,1987,Asia,Gasoline,All-wheel drive,4,2550,7,265.0,4670,21.3,25.9
4167,1995,Europe,Gasoline,All-wheel drive,2,2050,6,234.0,4000,18.2,31.7
4168,2011,USA,Gasoline,Front-wheel drive,3,2420,6,274.0,4130,16.9,32.4
4169,2006,USA,Gasoline,All-wheel drive,3,2250,6,272.0,4340,19.7,27.9
4170,2015,Asia,Gasoline,Rear-wheel drive,3,1880,5,213.0,4080,20.9,31.7
4171,1998,USA,Gasoline,All-wheel drive,3,2210,5,242.0,4480,18.7,29.1
4172,1994,USA,Gasoline,All-wheel drive,4,2220,6,253.0,4400,18.8,28.8
4173,2006,Europe,Gasoline,All-wheel drive,4,2840,7,324.0,4940,19.6,27.5
4174,1981,USA,Gasoline,Front-wheel drive,2,2240,6,245.0,4100,18.7,25.9
4175,2008,USA,Gasoline,Rear-wheel drive,3,2630,6,280.0,4520,18.2,29.8
4176,1992,Europe,Diesel,Rear-wheel drive,3,2010,5,236.0,3800,19.1,32.2
4177,1986,Europe,Diesel,Rear-wheel drive,3,1790,5,215.0,3860,18.7,31.9
4178,1994,USA,Diesel,Rear-wheel drive,3,1970,5,238.0,3990,16.9,29.8
4179,2011,Europe,Diesel,Front-wheel drive,5,2200,6,242.0,4120,17.5,34.0
4180,1992,Europe,Gasoline,Rear-wheel drive,4,2420,7,244.0,4690,18.3,27.3
4181,1975,USA,Gasoline,Rear-wheel drive,3,2750,7,,4980,19.9,21.2
4182,2005,USA,Gasoline,Front-wheel drive,3,2170,6,238.0,4360,18.5,28.4
4183,1993,USA,Gasoline,Front-wheel drive,4,2290,6,267.0,4340,19.9,26.7
4184,2017,Asia,Gasoline,Front-wheel drive,3,2360,6,259.0,4140,20.5,31.4
4185,2004,Asia,Gasoline,All-wheel drive,4,2240,6,230.0,4520,20.8,29.1
4186,2005,USA,Gasoline,Front-wheel drive,4,2400,6,275.0,4550,18.7,29.6
4187,2017,Asia,Gasoline,Front-wheel drive,5,2260,5,240.0,3900,17.6,34.4
4188,1978,USA,Gasoline,Front-wheel drive,3,2440,7,268.0,4430,21.2,23.6
4189,2018,Europe,Diesel,All-wheel drive,4,2140,6,229.0,4370,19.4,32.2
4190,1984,Europe,Gasoline,All-wheel drive,3,2170,6,257.0,4250,18.4,28.6
4191,2011,Asia,Diesel,Front-wheel drive,3,1890,5,231.0,3820,19.7,33.0
4192,1992,USA,Gasoline,Rear-wheel drive,4,2370,6,281.0,4680,19.8,24.5
4193,1977,USA,Gasoline,All-wheel drive,4,2180,6,253.0,4300,18.8,21.5
4194,2013,USA,Gasoline,Front-wheel drive,2,2380,7,268.0,4330,20.7,28.8
4195,1986,Europe,Gasoline,Front-wheel drive,5,2300,6,268.0,4370,17.7,27.8
4196,2020,Europe,Gasoline,Front-wheel drive,4,2230,6,243.0,4050,19.3,32.4
4197,2000,Asia,Diesel,Front-wheel drive,3,2190,6,259.0,3820,17.6,36.6
4198,2020,USA,Gasoline,Front-wheel drive,4,2350,6,252.0,4190,20.3,28.9
4199,2019,Europe,Gasoline,Front-wheel drive,3,2230,6,247.0,3940,19.6,31.4
4200,1983,Asia,Gasoline,Front-wheel drive,4,2360,6,255.0,4160,18.2,24.8
4201,1997,USA,Hybrid,Front-wheel drive,3,2030,6,248.0,4110,19.3,35.2
4202,1986,USA,Gasoline,All-wheel drive,3,2250,6,267.0,4500,19.2,24.6
4203,2008,Europe,Gasoline,Front-wheel drive,4,2100,6,253.0,4280,19.2,29.4
4204,1988,USA,Diesel,Front-wheel drive,3,2380,5,272.0,4040,17.7,29.7
4205,2017,Europe,Gasoline,Front-wheel drive,4,2240,6,231.0,3850,18.5,32.6
4206,1991,Europe,Gasoline,All-wheel drive,4,2560,6,254.0,4680,18.5,26.3
4207,2006,USA,Gasoline,Front-wheel drive,4,2230,6,254.0,4080,19.7,31.3
4208,1982,Asia,Diesel,Front-wheel drive,4,2200,6,245.0,4190,21.8,30.6
4209,2002,Europe,Gasoline,All-wheel drive,2,2320,6,252.0,4360,20.0,28.1
4210,1989,USA,Gasoline,Front-wheel drive,4,2010,5,229.0,4190,20.0,29.4
4211,1984,USA,Hybrid,Front-wheel drive,5,2360,6,299.0,4690,19.2,29.9
4212,2023,USA,Gasoline,All-wheel drive,2,2330,6,241.0,4300,19.9,29.1
4213,1997,Asia,Gasoline,Front-wheel drive,4,2020,5,205.0,4150,21.2,33.3
4214,1975,Europe,Gasoline,Rear-wheel drive,4,1930,5,200.0,4000,20.8,29.6
4215,2019,Asia,Hybrid,Front-wheel drive,3,2070,6,244.0,3780,17.4,38.8
4216,2016,Europe,Diesel,Front-wheel drive,2,2390,7,289.0,4340,18.6,35.3
4217,2014,USA,Diesel,Front-wheel drive,4,2320,6,277.0,4180,18.8,33.5
4218,1983,Europe,Gasoline,Rear-wheel drive,5,2220,6,,4530,18.6,28.8
4219,1982,Asia,Gasoline,Front-wheel drive,3,2260,6,252.0,4120,21.5,28.8
4220,1997,Europe,Gasoline,Front-wheel drive,3,2370,6,242.0,4110,18.2,31.0
4221,2001,USA,Hybrid,Front-wheel drive,5,2440,6,260.0,4340,19.3,31.5
4222,2017,Europe,Gasoline,Front-wheel drive,4,1830,5,209.0,3880,17.9,31.6
4223,2001,USA,Gasoline,All-wheel drive,4,2590,7,,4940,19.9,26.9
4224,2011,Asia,Gasoline,Rear-wheel drive,3,2550,6,282.0,4470,18.9,28.3
4225,2005,USA,Hybrid,Rear-wheel drive,4,2100,6,251.0,4260,20.0,33.9
4226,2016,Europe,Gasoline,Rear-wheel drive,3,2470,6,275.0,4630,18.7,30.8
4227,2014,Asia,Gasoline,Rear-wheel drive,4,1980,5,213.0,3860,17.0,33.7
4228,2008,Asia,Gasoline,Rear-wheel drive,2,2080,6,238.0,4010,17.9,33.9
4229,2021,USA,Gasoline,Front-wheel drive,3,2160,7,256.0,3960,17.0,32.0
4230,1984,Europe,Gasoline,Rear-wheel drive,5,2260,6,,4540,,26.2
4231,1995,Europe,Gasoline,Front-wheel drive,5,2470,6,251.0,4530,,29.2
4232,2019,Europe,Gasoline,Front-wheel drive,4,2380,6,289.0,4300,17.6,30.9
4233,1992,USA,Gasoline,Front-wheel drive,3,1700,5,198.0,3880,18.3,32.4
4234,1985,Asia,Gasoline,Front-wheel drive,2,2210,6,249.0,3760,18.4,32.2
4235,1996,Europe,Gasoline,Front-wheel drive,4,2230,6,235.0,3940,19.8,30.5
4236,1979,USA,Gasoline,Front-wheel drive,4,2190,6,257.0,4100,19.1,24.1
4237,2023,Europe,Gasoline,All-wheel drive,4,2390,6,259.0,4470,19.9,31.0
4238,1980,USA,Hybrid,Front-wheel drive,2,2360,6,271.0,4340,17.2,30.0
4239,1993,Asia,Gasoline,All-wheel drive,3,2390,5,238.0,4460,17.6,26.2
4240,1997,Asia,Hybrid,Front-wheel drive,4,2200,6,260.0,4320,20.1,35.9
4241,1983,USA,Gasoline,All-wheel drive,3,2120,6,233.0,3960,20.9,25.5
4242,2001,USA,Gasoline,Front-wheel drive,4,2320,7,286.0,4250,16.5,28.8
4243,2002,Europe,Diesel,Front-wheel drive,3,2430,6,256.0,4280,,31.9
4244,1987,Europe,Gasoline,Front-wheel drive,3,2150,5,242.0,4080,17.9,30.5
4245,1991,Asia,Gasoline,All-wheel drive,5,2460,7,279.0,4590,18.9,27.0
4246,2019,USA,Hybrid,Front-wheel drive,4,2060,6,270.0,4180,18.8,33.8
4247,1977,Asia,Gasoline,Rear-wheel drive,4,2170,6,,4480,21.5,27.1
4248,1987,Asia,Gasoline,Rear-wheel drive,4,2680,7,287.0,4730,19.6,23.6
4249,2014,Europe,Gasoline,All-wheel drive,2,1980,5,213.0,4320,20.5,28.6
4250,2024,Europe,Hybrid,All-wheel drive,3,2230,6,221.0,4370,20.2,37.3
4251,1999,USA,Gasoline,Front-wheel drive,5,2010,6,241.0,4400,20.5,28.2
4252,2017,Asia,Gasoline,Front-wheel drive,4,2190,6,254.0,4180,18.5,36.4
4253,2001,Europe,Gasoline,Front-wheel drive,2,2120,6,244.0,4040,19.8,30.5
4254,2015,USA,Gasoline,Front-wheel drive,4,1870,6,219.0,4030,19.3,31.2
4255,1981,USA,Gasoline,All-wheel drive,3,1960,6,,4140,18.6,28.2
4256,2023,Europe,Gasoline,All-wheel drive,3,2500,7,284.0,4530,21.9,30.5
4257,2022,Europe,Gasoline,Front-wheel drive,3,2340,6,269.0,4350,17.4,34.5
4258,1996,Europe,Diesel,All-wheel drive,3,2610,7,297.0,4750,18.2,33.3
4259,2005,Europe,Diesel,All-wheel drive,3,2270,6,269.0,4460,17.5,30.2
4260,1994,Asia,Gasoline,Front-wheel drive,3,2050,6,231.0,4030,18.3,29.5
4261,1976,USA,Gasoline,Rear-wheel drive,4,2520,7,276.0,4820,18.1,24.5
4262,1983,Asia,Gasoline,Front-wheel drive,3,2080,6,214.0,4090,17.8,28.0
4263,1990,USA,Gasoline,Front-wheel drive,3,2000,5,232.0,3850,17.5,29.1
4264,2018,USA,Gasoline,Front-wheel drive,3,2230,6,,4110,17.2,30.0
4265,1994,Europe,Diesel,Front-wheel drive,4,2300,6,262.0,4110,19.1,32.9
4266,1982,Asia,Gasoline,Front-wheel drive,3,1810,5,,3710,18.5,32.1
4267,1984,USA,Gasoline,Front-wheel drive,5,2550,7,,4390,17.1,28.0
4268,2008,USA,Gasoline,Rear-wheel drive,2,2180,5,245.0,4100,17.3,30.4
4269,1996,Asia,Gasoline,Front-wheel drive,4,1950,5,200.0,3930,19.7,33.6
4270,2000,Asia,Hybrid,Front-wheel drive,4,2220,7,239.0,4250,19.7,30.1
4271,2000,USA,Diesel,Front-wheel drive,3,1890,5,246.0,4000,18.5,30.5
4272,2010,Europe,Gasoline,Front-wheel drive,5,2210,6,251.0,4210,18.6,31.3
4273,2009,Asia,Gasoline,Front-wheel drive,4,2140,6,227.0,4140,18.9,32.9
4274,1993,USA,Gasoline,Front-wheel drive,3,2290,6,268.0,4260,18.8,29.6
4275,1998,Asia,Gasoline,Rear-wheel drive,3,2370,7,280.0,4380,18.7,27.4
4276,1980,Europe,Gasoline,Front-wheel drive,5,2140,6,235.0,3970,19.3,31.2
4277,1982,Asia,Gasoline,Front-wheel drive,4,2100,5,213.0,3840,19.2,29.1
4278,2023,Asia,Hybrid,Front-wheel drive,5,2270,6,262.0,4590,19.5,36.4
4279,2003,USA,Gasoline,Front-wheel drive,2,2380,7,268.0,4210,17.9,29.1
4280,2019,Europe,Gasoline,Front-wheel drive,3,2030,5,208.0,3870,18.7,30.8
4281,1986,USA,Gasoline,Front-wheel drive,5,2140,6,241.0,4480,18.7,24.5
4282,1999,Europe,Diesel,All-wheel drive,5,2520,7,321.0,4850,18.8,30.0
4283,2015,Asia,Diesel,Front-wheel drive,5,2180,6,239.0,4080,18.0,34.8
4284,1981,USA,Gasoline,Front-wheel drive,4,2580,7,300.0,4340,19.3,28.3
4285,2000,Asia,Gasoline,Front-wheel drive,4,2220,6,260.0,4280,19.9,33.8
4286,2015,Asia,Gasoline,All-wheel drive,3,2330,6,,4320,17.9,29.9
4287,2003,Europe,Gasoline,All-wheel drive,2,2600,6,275.0,4560,18.8,26.8
4288,1981,USA,Gasoline,Rear-wheel drive,4,2250,6,262.0,5010,18.8,24.6
4289,2019,Asia,Gasoline,Front-wheel drive,4,2080,6,219.0,3980,19.7,36.8
4290,1999,USA,Gasoline,Front-wheel drive,3,2200,6,267.0,4090,18.4,30.6
4291,2018,USA,Gasoline,Rear-wheel drive,4,2220,6,249.0,4430,18.7,31.8
4292,2001,USA,Diesel,Rear-wheel drive,2,2230,6,290.0,4480,20.1,30.3
4293,1991,Asia,Gasoline,All-wheel drive,4,2030,5,210.0,4300,18.7,29.7
4294,1977,USA,Gasoline,All-wheel drive,3,2310,6,240.0,4490,19.9,24.1
4295,2012,USA,Gasoline,Front-wheel drive,4,2290,6,252.0,4170,19.3,32.0
4296,2010,Europe,Gasoline,Front-wheel drive,3,2690,7,282.0,4460,19.1,27.1
4297,2001,Asia,Hybrid,Front-wheel drive,3,2280,6,225.0,4080,18.6,35.2
4298,2009,USA,Diesel,Rear-wheel drive,5,2280,6,267.0,4530,21.2,28.9
4299,2008,Asia,Gasoline,All-wheel drive,5,2630,7,295.0,4810,16.6,31.9
4300,1975,USA,Gasoline,Rear-wheel drive,3,2580,7,,4580,18.1,21.6
4301,2009,USA,Gasoline,Front-wheel drive,5,2560,6,288.0,4630,16.0,26.8
4302,2009,Asia,Gasoline,Front-wheel drive,3,2000,6,214.0,4090,19.4,33.0
4303,1996,USA,Gasoline,Front-wheel drive,4,2130,6,270.0,4360,18.6,24.5
4304,1978,Europe,Gasoline,Front-wheel drive,3,2150,6,225.0,4110,20.0,28.1
4305,2006,USA,Diesel,Front-wheel drive,3,2410,6,277.0,4240,20.1,30.1
4306,2003,Asia,Gasoline,Rear-wheel drive,3,2220,6,256.0,3930,17.0,29.0
4307,1984,Asia,Gasoline,All-wheel drive,3,1850,6,207.0,3970,17.9,27.7
4308,1993,USA,Gasoline,Front-wheel drive,4,2520,7,280.0,4660,18.5,27.9
4309,1978,Asia,Gasoline,Rear-wheel drive,2,2510,6,283.0,4200,17.7,25.2
4310,1976,USA,Gasoline,All-wheel drive,2,2280,6,267.0,4440,18.0,22.8
4311,2011,Europe,Gasoline,All-wheel drive,3,2490,6,269.0,4700,20.5,28.4
4312,1987,USA,Gasoline,Front-wheel drive,3,1930,5,214.0,4070,16.7,27.9
4313,1990,Asia,Gasoline,Front-wheel drive,3,2310,6,258.0,4100,18.9,29.0
4314,1995,USA,Gasoline,All-wheel drive,4,2180,6,253.0,4550,19.3,27.3
4315,2018,USA,Gasoline,Front-wheel drive,4,2180,6,244.0,4270,20.2,31.7
4316,2023,Europe,Gasoline,Front-wheel drive,4,2270,6,,3950,18.7,34.1
4317,1984,USA,Gasoline,Front-wheel drive,4,2280,6,265.0,4370,18.3,28.2
4318,1990,Europe,Hybrid,Rear-wheel drive,4,2430,7,281.0,4520,18.9,29.0
4319,2019,Asia,Diesel,Front-wheel drive,3,2490,7,307.0,4190,18.6,34.0
4320,1976,Europe,Gasoline,Front-wheel drive,4,2100,6,,4110,18.3,27.6
4321,2006,USA,Diesel,All-wheel drive,4,2220,6,242.0,4540,22.6,30.4
4322,1991,USA,Gasoline,Front-wheel drive,4,2180,6,267.0,4080,20.0,28.9
4323,2010,USA,Diesel,Rear-wheel drive,4,2340,6,261.0,4510,18.2,31.5
4324,1988,Europe,Gasoline,All-wheel drive,3,2170,6,238.0,4340,18.6,26.9
4325,1997,Europe,Diesel,Front-wheel drive,2,2280,6,264.0,4230,18.4,34.2
4326,2008,Europe,Hybrid,All-wheel drive,3,2230,6,232.0,4460,21.5,32.9
4327,1976,Asia,Gasoline,Front-wheel drive,4,2210,6,265.0,4020,18.6,32.0
4328,2005,Europe,Diesel,Rear-wheel drive,3,2150,6,245.0,4180,17.8,33.2
4329,2009,Asia,Gasoline,Rear-wheel drive,2,2440,7,248.0,4420,18.4,31.3
4330,2007,Europe,Gasoline,Front-wheel drive,4,2060,6,226.0,3860,16.4,35.6
4331,1979,USA,Gasoline,Rear-wheel drive,3,2180,6,,4320,19.9,26.3
4332,1984,USA,Gasoline,Front-wheel drive,3,2300,6,264.0,4540,19.9,27.2
4333,2010,USA,Diesel,Front-wheel drive,3,2140,6,270.0,4230,16.3,28.5
4334,1996,Asia,Diesel,Rear-wheel drive,4,2390,7,293.0,4750,19.9,28.8
4335,2006,USA,Gasoline,All-wheel drive,3,2320,6,287.0,4690,19.2,29.4
4336,2020,Asia,Diesel,Front-wheel drive,4,2000,5,243.0,3990,20.4,33.1
4337,1995,USA,Diesel,All-wheel drive,5,2400,7,290.0,4530,17.9,28.8
4338,2016,Europe,Gasoline,Front-wheel drive,3,2210,6,246.0,4240,18.6,29.9
4339,2010,Europe,Diesel,Front-wheel drive,3,2300,6,252.0,4190,17.1,30.9
4340,2007,Asia,Gasoline,Front-wheel drive,5,2360,6,264.0,4540,17.9,30.7
4341,1983,USA,Gasoline,Front-wheel drive,4,2520,6,287.0,4340,17.0,24.9
4342,2009,Europe,Gasoline,Front-wheel drive,2,1830,5,202.0,3410,17.4,35.5
4343,2008,USA,Diesel,Front-wheel drive,4,2360,7,286.0,4510,20.1,27.5
4344,1996,USA,Diesel,Front-wheel drive,4,2500,7,291.0,4520,19.8,28.8
4345,1994,USA,Gasoline,Rear-wheel drive,5,2240,6,277.0,4350,18.6,30.6
4346,1990,USA,Diesel,Rear-wheel drive,2,2090,6,265.0,4230,19.8,30.9
4347,1994,USA,Diesel,Front-wheel drive,5,2300,6,260.0,4150,18.7,27.9
4348,1987,USA,Gasoline,Front-wheel drive,4,2420,7,263.0,4440,19.5,27.5
4349,1981,USA,Gasoline,Rear-wheel drive,4,2150,6,241.0,4370,18.3,27.0
4350,1985,Europe,Gasoline,All-wheel drive,3,2370,6,244.0,4360,19.4,29.9
4351,2023,USA,Diesel,Rear-wheel drive,4,2540,7,293.0,4990,17.8,28.5
4352,1993,Asia,Gasoline,Rear-wheel drive,5,2380,6,246.0,4230,19.0,28.8
4353,2020,Asia,Hybrid,Front-wheel drive,4,2390,7,259.0,4420,19.1,34.8
4354,2002,Europe,Gasoline,Front-wheel drive,2,2310,6,253.0,4140,15.6,28.6
4355,2004,Asia,Diesel,All-wheel drive,4,2190,5,228.0,4500,21.4,32.2
4356,1989,USA,Gasoline,All-wheel drive,3,1980,5,222.0,4490,21.7,24.9
4357,2012,Asia,Diesel,All-wheel drive,4,2330,6,280.0,4450,19.4,32.2
4358,2004,USA,Gasoline,Rear-wheel drive,3,2210,6,243.0,4320,18.0,30.3
4359,2014,Asia,Gasoline,Rear-wheel drive,3,1890,5,190.0,3820,18.9,33.1
4360,1987,Europe,Gasoline,Front-wheel drive,3,2000,5,224.0,3790,18.8,30.8
4361,2022,Asia,Gasoline,Front-wheel drive,3,2510,6,277.0,4500,19.0,30.9
4362,1978,USA,Gasoline,Front-wheel drive,2,2230,7,284.0,4040,19.9,27.0
4363,1984,Asia,Hybrid,All-wheel drive,3,2300,6,,4510,17.6,34.5
4364,2024,USA,Gasoline,Rear-wheel drive,3,2510,7,298.0,4780,19.8,31.1
4365,1979,Europe,Hybrid,Front-wheel drive,4,2120,5,,3900,,31.7
4366,1989,Asia,Gasoline,Front-wheel drive,4,2150,6,228.0,4000,20.6,32.3
4367,1995,USA,Diesel,Front-wheel drive,5,2330,6,286.0,4390,18.9,29.2
4368,2009,USA,Gasoline,Front-wheel drive,4,2300,6,273.0,4380,17.7,29.4
4369,1975,USA,Diesel,Rear-wheel drive,4,2300,6,270.0,4430,20.1,29.2
4370,1999,USA,Gasoline,Front-wheel drive,4,2170,6,235.0,4280,18.8,30.6
4371,1983,Asia,Gasoline,Front-wheel drive,3,2330,6,262.0,4150,20.4,27.0
4372,1976,USA,Gasoline,Front-wheel drive,2,2350,6,284.0,4270,20.1,26.8
4373,1991,USA,Hybrid,All-wheel drive,4,2420,6,287.0,4500,17.4,29.9
4374,1993,USA,Gasoline,Rear-wheel drive,3,2490,6,289.0,4690,18.9,26.2
4375,1979,Asia,Gasoline,Front-wheel drive,5,2250,6,245.0,4420,19.8,28.4
4376,2009,USA,Gasoline,Front-wheel drive,4,2290,6,267.0,4440,17.7,31.9
4377,2020,Asia,Hybrid,Rear-wheel drive,5,2350,6,264.0,4450,19.0,35.1
4378,2023,USA,Gasoline,Rear-wheel drive,5,2230,6,268.0,4660,17.7,31.2
4379,2004,Asia,Gasoline,Front-wheel drive,4,2340,6,258.0,4270,20.1,33.9
4380,2022,Asia,Gasoline,Rear-wheel drive,2,2410,6,235.0,4460,18.6,31.5
4381,1980,Europe,Gasoline,Front-wheel drive,5,2160,6,242.0,4310,17.9,29.4
4382,2022,Europe,Gasoline,Rear-wheel drive,4,2540,7,282.0,4390,17.0,31.9
4383,2010,USA,Gasoline,All-wheel drive,5,2380,6,283.0,4360,19.6,26.5
4384,1981,Europe,Gasoline,Front-wheel drive,3,2130,6,,4160,17.8,31.3
4385,2017,USA,Diesel,Front-wheel drive,4,2130,5,268.0,4310,16.8,33.3
4386,1999,Asia,Gasoline,All-wheel drive,5,2510,7,255.0,4990,21.1,28.3
4387,2020,Asia,Gasoline,Front-wheel drive,4,2290,6,224.0,4110,16.0,32.0
4388,2021,Europe,Gasoline,Front-wheel drive,4,2310,6,261.0,3910,17.4,31.7
4389,2021,Europe,Gasoline,All-wheel drive,2,2310,6,244.0,4320,18.6,31.4
4390,1996,Asia,Diesel,Front-wheel drive,5,2120,5,260.0,4260,19.7,30.7
4391,2012,USA,Gasoline,Rear-wheel drive,2,2090,5,223.0,3760,19.7,29.8
4392,1995,Europe,Gasoline,Front-wheel drive,4,2260,6,246.0,4230,19.8,27.6
4393,2015,USA,Gasoline,Front-wheel drive,3,2040,6,231.0,4060,18.7,34.7
4394,1984,Europe,Gasoline,Front-wheel drive,3,2350,6,265.0,4300,19.9,30.1
4395,2009,USA,Diesel,Front-wheel drive,3,2080,5,235.0,4020,18.9,33.0
4396,1979,Europe,Gasoline,Front-wheel drive,2,2050,5,,3820,18.2,27.9
4397,1979,Europe,Gasoline,Rear-wheel drive,4,2320,6,,4530,20.7,25.8
4398,1980,Europe,Gasoline,Front-wheel drive,3,2200,6,,4070,16.0,26.7
4399,2013,USA,Gasoline,All-wheel drive,3,2210,6,244.0,4210,16.4,29.9
4400,1989,Europe,Gasoline,Rear-wheel drive,2,2340,6,254.0,4380,20.5,25.8
4401,1987,USA,Hybrid,Rear-wheel drive,3,2590,7,284.0,4590,20.7,28.5
4402,1978,USA,Gasoline,Rear-wheel drive,5,2100,6,,4130,20.0,26.3
4403,1984,USA,Hybrid,Front-wheel drive,5,2240,6,,4170,18.4,33.9
4404,2007,Europe,Gasoline,Rear-wheel drive,2,2100,6,243.0,4230,19.2,31.6
4405,1998,USA,Diesel,Rear-wheel drive,2,2330,6,279.0,4270,19.7,30.9
4406,1975,USA,Gasoline,Front-wheel drive,3,2260,6,258.0,4320,20.3,28.1
4407,2012,USA,Diesel,Rear-wheel drive,3,2200,6,264.0,4200,18.3,30.5
4408,1994,USA,Gasoline,Front-wheel drive,3,1970,6,241.0,4430,19.5,27.4
4409,2012,USA,Hybrid,Rear-wheel drive,5,2290,6,259.0,4390,16.3,32.9
4410,2013,Europe,Diesel,Front-wheel drive,3,2200,6,262.0,4190,18.8,33.7
4411,1997,USA,Gasoline,Front-wheel drive,4,2400,6,265.0,4460,19.3,28.9
4412,1993,Europe,Diesel,Front-wheel drive,4,2380,6,256.0,4240,21.0,34.0
4413,1980,Europe,Diesel,Front-wheel drive,4,2580,7,,4470,18.0,31.3
4414,2014,Europe,Gasoline,Rear-wheel drive,4,2180,6,234.0,4530,18.8,29.2
4415,1990,Europe,Gasoline,Front-wheel drive,4,2230,6,244.0,4080,20.2,27.3
4416,2015,USA,Diesel,All-wheel drive,4,2350,6,278.0,4730,20.1,33.4
4417,1988,USA,Gasoline,Front-wheel drive,4,2430,7,257.0,4560,20.0,26.7
4418,2008,Europe,Diesel,All-wheel drive,2,2320,6,277.0,4350,17.5,31.4
4419,1978,USA,Gasoline,Front-wheel drive,3,2390,6,242.0,4500,19.6,27.5
4420,2019,Europe,Gasoline,Front-wheel drive,4,2180,6,230.0,4090,20.0,32.1
4421,1992,USA,Gasoline,Front-wheel drive,2,2200,6,257.0,3760,20.1,28.7
4422,2002,Asia,Gasoline,Rear-wheel drive,4,2510,7,279.0,4950,19.7,24.5
4423,2008,USA,Diesel,Front-wheel drive,5,2070,6,223.0,4120,18.5,34.3
4424,1987,Asia,Gasoline,Front-wheel drive,2,1920,5,181.0,3720,18.8,31.7
4425,2023,Asia,Gasoline,All-wheel drive,3,2510,7,274.0,4700,18.2,29.3
4426,1996,USA,Gasoline,Front-wheel drive,3,2160,6,252.0,4360,19.3,30.6
4427,2024,Asia,Gasoline,All-wheel drive,3,2380,6,256.0,4670,19.3,31.2
4428,2018,USA,Diesel,All-wheel drive,2,2350,6,268.0,4240,19.7,32.2
4429,2009,Asia,Gasoline,Rear-wheel drive,4,2020,5,205.0,4150,20.1,30.8
4430,2023,Asia,Hybrid,Rear-wheel drive,4,2100,5,205.0,3960,17.7,39.0
4431,1996,USA,Gasoline,Front-wheel drive,2,2360,6,264.0,4140,17.2,28.2
4432,2021,USA,Gasoline,All-wheel drive,4,2120,6,227.0,4420,20.5,29.9
4433,2013,USA,Diesel,Rear-wheel drive,3,2390,7,285.0,4300,19.9,28.5
4434,1993,Asia,Hybrid,Rear-wheel drive,4,2240,6,256.0,4190,19.2,30.9
4435,1986,USA,Diesel,Front-wheel drive,4,2120,6,272.0,4260,18.3,31.5
4436,2000,Asia,Gasoline,Front-wheel drive,3,2150,6,234.0,4170,20.3,34.6
4437,1993,Asia,Gasoline,Front-wheel drive,4,2400,6,250.0,4110,17.3,31.4
4438,1993,USA,Gasoline,All-wheel drive,4,2500,6,283.0,4690,18.7,23.1
4439,1985,Asia,Diesel,Front-wheel drive,3,2190,6,237.0,4250,17.8,32.4
4440,1991,Asia,Gasoline,All-wheel drive,4,2200,5,233.0,4270,19.8,26.7
4441,2020,USA,Gasoline,Front-wheel drive,2,2280,6,255.0,3900,16.7,34.2
4442,1994,Asia,Gasoline,Front-wheel drive,3,1980,6,222.0,3660,17.6,28.8
4443,2000,USA,Gasoline,Front-wheel drive,3,2160,6,234.0,4190,19.1,30.4
4444,1978,USA,Diesel,Rear-wheel drive,3,2380,6,278.0,4210,17.1,27.2
4445,1979,Europe,Gasoline,Front-wheel drive,5,2110,6,247.0,3900,18.1,32.1
4446,2008,USA,Gasoline,Front-wheel drive,2,2270,6,255.0,4270,20.9,29.2
4447,2017,Europe,Diesel,All-wheel drive,3,2150,6,228.0,4310,20.0,32.4
4448,1979,Europe,Gasoline,Front-wheel drive,4,2080,5,,3580,18.9,33.4
4449,1986,Europe,Gasoline,Front-wheel drive,4,2360,6,253.0,4440,20.0,25.8
4450,1991,Asia,Diesel,All-wheel drive,5,2400,6,265.0,4520,19.8,29.7
4451,2021,USA,Diesel,All-wheel drive,3,2150,6,239.0,4290,18.5,31.0
4452,2014,USA,Gasoline,Front-wheel drive,3,2360,6,255.0,4080,18.0,28.2
4453,1985,USA,Gasoline,Rear-wheel drive,5,2380,6,284.0,4630,18.4,26.8
4454,2011,Asia,Gasoline,Front-wheel drive,2,2170,6,234.0,3660,17.7,35.0
4455,1988,Asia,Gasoline,Front-wheel drive,3,2500,6,242.0,4200,20.6,28.1
4456,2005,USA,Gasoline,Rear-wheel drive,5,2400,7,296.0,4610,19.0,29.8
4457,2019,Asia,Hybrid,Front-wheel drive,4,2480,7,279.0,4380,17.7,35.0
4458,2010,Europe,Gasoline,Front-wheel drive,4,2320,6,236.0,4200,17.6,31.1
4459,1985,Europe,Gasoline,Front-wheel drive,3,1930,6,234.0,3960,17.3,33.5
4460,2021,Europe,Gasoline,Front-wheel drive,3,2220,6,251.0,4240,18.7,31.8
4461,2022,Europe,Diesel,Front-wheel drive,4,2110,6,252.0,4130,17.5,36.5
4462,2024,Asia,Hybrid,Front-wheel drive,2,2500,6,251.0,4270,19.5,37.0
4463,2024,Europe,Diesel,Front-wheel drive,4,2070,6,250.0,3990,18.6,35.8
4464,1990,USA,Hybrid,Front-wheel drive,4,2140,6,247.0,4220,17.3,35.1
4465,2020,Asia,Gasoline,Front-wheel drive,3,2240,6,245.0,3960,17.6,30.6
4466,2005,Europe,Hybrid,Rear-wheel drive,3,2200,6,226.0,4150,19.3,33.2
4467,2013,Asia,Gasoline,Front-wheel drive,4,2510,6,260.0,4440,18.2,29.1
4468,1990,Asia,Hybrid,Rear-wheel drive,2,2210,6,244.0,3980,17.6,36.5
4469,2018,USA,Gasoline,Rear-wheel drive,3,2230,6,255.0,4600,19.7,30.3
4470,1992,USA,Gasoline,All-wheel drive,4,2380,6,260.0,4660,20.0,25.3
4471,2002,Asia,Gasoline,Rear-wheel drive,3,2260,6,246.0,4200,18.0,30.2
4472,2001,Asia,Hybrid,Front-wheel drive,2,2050,6,210.0,3800,17.8,35.4
4473,2010,Europe,Gasoline,Rear-wheel drive,5,2650,7,279.0,5040,19.1,30.9
4474,2021,Asia,Diesel,Front-wheel drive,2,2230,6,266.0,4090,19.3,32.5
4475,1978,Europe,Gasoline,Rear-wheel drive,3,2380,6,268.0,4340,16.8,25.4
4476,1990,Asia,Gasoline,Front-wheel drive,2,2420,6,247.0,4140,20.6,26.5
4477,1999,Europe,Gasoline,Front-wheel drive,3,2040,6,221.0,3970,18.3,34.6
4478,1996,USA,Gasoline,All-wheel drive,2,2020,5,242.0,4040,18.1,28.6
4479,1988,Asia,Diesel,Front-wheel drive,3,2260,7,265.0,4210,19.1,31.6
4480,2013,USA,Gasoline,All-wheel drive,2,2430,7,261.0,4390,20.6,26.4
4481,1976,Europe,Gasoline,Front-wheel drive,5,1880,5,,3860,19.2,30.5
4482,1977,USA,Hybrid,All-wheel drive,4,2360,6,,4640,19.0,29.2
4483,2001,USA,Hybrid,Front-wheel drive,3,2060,6,221.0,4150,17.5,33.2
4484,1995,USA,Diesel,Front-wheel drive,3,1900,5,248.0,3790,17.5,29.9
4485,2016,USA,Gasoline,All-wheel drive,5,2220,6,263.0,4620,19.1,32.6
4486,2007,USA,Diesel,Rear-wheel drive,3,2150,6,266.0,4380,20.1,29.4
4487,1981,Asia,Gasoline,Front-wheel drive,5,2480,6,249.0,4330,19.1,28.9
4488,2023,Europe,Gasoline,Rear-wheel drive,5,2510,7,262.0,4650,18.8,27.7
4489,2022,Asia,Hybrid,Rear-wheel drive,2,2640,7,272.0,4740,21.6,31.8
4490,1996,Europe,Gasoline,Front-wheel drive,3,2470,6,264.0,4480,20.1,29.8
4491,1986,USA,Gasoline,Front-wheel drive,2,2140,6,249.0,4050,16.9,29.0
4492,1979,Europe,Diesel,Front-wheel drive,5,2760,7,295.0,4760,19.7,27.2
4493,2003,Europe,Diesel,Front-wheel drive,5,2210,6,257.0,4350,17.0,33.7
4494,1993,Asia,Gasoline,Front-wheel drive,5,1990,6,218.0,4230,18.9,34.9
4495,2011,USA,Gasoline,Front-wheel drive,4,2370,6,284.0,4280,19.0,30.8
4496,2004,Europe,Diesel,Front-wheel drive,2,1920,6,240.0,3680,18.1,32.6
4497,1977,Asia,Diesel,All-wheel drive,4,2260,7,278.0,4330,20.8,27.6
4498,1975,USA,Hybrid,Front-wheel drive,4,2190,6,255.0,4220,18.4,30.2
4499,1990,Asia,Gasoline,Rear-wheel drive,4,2220,6,258.0,4350,19.9,28.2
4500,2001,Europe,Gasoline,Rear-wheel drive,4,2440,6,255.0,4320,18.0,28.0
4501,1997,Europe,Gasoline,Front-wheel drive,4,2340,6,263.0,4500,17.9,29.6
4502,1978,USA,Gasoline,Front-wheel drive,3,2350,6,286.0,4190,17.5,26.0
4503,2003,USA,Gasoline,Front-wheel drive,2,2390,6,255.0,4270,16.1,26.1
4504,2014,Asia,Gasoline,All-wheel drive,2,2140,6,232.0,4210,19.9,28.4
4505,1988,Asia,Diesel,All-wheel drive,2,2280,6,257.0,4330,19.0,29.4
4506,1992,Asia,Gasoline,Front-wheel drive,4,2210,7,253.0,4050,21.3,30.3
4507,2015,USA,Gasoline,Front-wheel drive,4,2310,6,271.0,4220,19.3,31.6
4508,2006,USA,Diesel,Front-wheel drive,2,2340,6,259.0,4000,17.4,35.1
4509,2005,Asia,Diesel,Rear-wheel drive,3,2340,6,243.0,4040,16.7,29.2
4510,1979,Asia,Diesel,Rear-wheel drive,4,1970,5,245.0,3900,18.6,31.5
4511,1986,Asia,Gasoline,Rear-wheel drive,5,2250,5,242.0,4200,19.4,29.4
4512,2021,USA,Hybrid,Rear-wheel drive,3,1780,5,209.0,3700,18.1,36.2
4513,2009,USA,Gasoline,Front-wheel drive,3,2530,7,275.0,4800,18.3,27.1
4514,2022,Asia,Hybrid,Front-wheel drive,5,2560,6,287.0,4420,15.9,36.2
4515,2008,Europe,Diesel,All-wheel drive,5,2180,6,255.0,4130,19.2,30.4
4516,1984,Europe,Diesel,Front-wheel drive,3,2100,5,247.0,3930,20.9,28.9
4517,1989,USA,Diesel,All-wheel drive,2,2420,6,273.0,4620,18.6,28.2
4518,1979,Asia,Gasoline,All-wheel drive,5,2140,6,226.0,4530,17.6,25.2
4519,2019,USA,Gasoline,Front-wheel drive,4,2250,6,278.0,4180,16.2,31.8
4520,1983,Asia,Gasoline,Front-wheel drive,3,2290,6,,4140,20.0,28.6
4521,2001,USA,Gasoline,Front-wheel drive,4,2340,6,269.0,4400,18.6,30.7
4522,1996,USA,Gasoline,Front-wheel drive,4,2480,7,252.0,4490,19.1,30.1
4523,1993,Asia,Diesel,Rear-wheel drive,4,1970,5,241.0,3710,19.6,31.0
4524,2023,USA,Diesel,Rear-wheel drive,3,2000,6,257.0,4120,21.5,33.3
4525,1981,USA,Diesel,Front-wheel drive,5,2400,6,270.0,4200,19.0,27.0
4526,2004,USA,Gasoline,All-wheel drive,5,2570,7,285.0,4900,21.9,25.0
4527,2000,USA,Gasoline,All-wheel drive,4,2140,6,265.0,4700,22.0,26.8
4528,2000,Europe,Gasoline,Rear-wheel drive,3,2190,6,222.0,4330,19.8,30.1
4529,2010,Asia,Gasoline,All-wheel drive,5,2240,6,256.0,4260,18.0,29.4
4530,1980,USA,Gasoline,Front-wheel drive,3,2450,7,,4400,18.7,27.3
4531,2005,USA,Gasoline,All-wheel drive,3,2330,7,294.0,4630,19.9,25.4
4532,1978,Europe,Gasoline,Front-wheel drive,5,2090,6,256.0,4060,18.6,29.6
4533,2003,USA,Diesel,Front-wheel drive,3,2400,6,261.0,4390,19.4,31.2
4534,1983,Europe,Gasoline,Rear-wheel drive,2,2480,7,257.0,4670,20.4,27.0
4535,1982,Europe,Gasoline,Front-wheel drive,4,2030,6,220.0,3850,17.9,29.7
4536,2018,Asia,Gasoline,Front-wheel drive,4,2430,6,251.0,4530,18.5,33.3
4537,1993,Europe,Gasoline,Rear-wheel drive,5,2420,7,276.0,4810,,25.6
4538,2015,USA,Diesel,All-wheel drive,3,2230,6,263.0,4200,18.3,30.1
4539,2012,USA,Hybrid,Rear-wheel drive,4,2480,7,282.0,4360,18.1,32.6
4540,2016,USA,Gasoline,Rear-wheel drive,2,1820,6,231.0,3990,18.6,33.3
4541,2000,USA,Gasoline,Rear-wheel drive,4,2390,6,258.0,4290,19.5,30.3
4542,2002,USA,Gasoline,Front-wheel drive,4,2120,6,252.0,4070,17.7,32.5
4543,1991,USA,Gasoline,Rear-wheel drive,2,2240,5,218.0,4240,19.7,27.6
4544,2001,Asia,Gasoline,Front-wheel drive,3,2390,6,252.0,4390,18.4,28.5
4545,1975,Asia,Gasoline,Rear-wheel drive,2,2260,7,253.0,4170,19.3,27.6
4546,1987,USA,Diesel,Front-wheel drive,5,2310,7,292.0,4570,18.2,27.8
4547,2009,Europe,Gasoline,Front-wheel drive,4,1920,6,223.0,4020,17.6,32.9
4548,1976,Asia,Hybrid,Front-wheel drive,5,2280,6,,4230,19.4,31.0
4549,2017,USA,Gasoline,Front-wheel drive,4,2150,6,244.0,4050,18.9,34.3
4550,1979,USA,Gasoline,All-wheel drive,4,2540,7,284.0,4800,20.9,24.6
4551,2012,USA,Gasoline,Rear-wheel drive,3,2190,6,273.0,4380,17.8,27.6
4552,1982,USA,Diesel,Rear-wheel drive,5,2180,6,,4470,16.8,27.7
4553,2000,Asia,Gasoline,Front-wheel drive,3,2260,6,239.0,4230,17.2,28.6
4554,2015,Asia,Hybrid,Rear-wheel drive,2,1900,6,233.0,4190,19.0,36.0
4555,1997,USA,Gasoline,Rear-wheel drive,5,2180,7,269.0,4430,18.7,26.6
4556,1986,Europe,Gasoline,Front-wheel drive,4,2330,6,252.0,4170,,27.8
4557,2008,USA,Gasoline,Rear-wheel drive,5,2140,6,243.0,4410,17.1,29.0
4558,2023,Europe,Gasoline,All-wheel drive,4,2030,6,233.0,4100,19.3,32.9
4559,2016,USA,Gasoline,Front-wheel drive,4,2390,6,257.0,4500,19.5,29.4
4560,1991,Asia,Diesel,Rear-wheel drive,3,2090,6,240.0,4390,19.8,29.4
4561,1993,Europe,Diesel,All-wheel drive,5,2010,6,242.0,4130,19.1,29.1
4562,1986,USA,Diesel,Front-wheel drive,4,2080,6,246.0,3950,19.8,33.4
4563,1988,USA,Gasoline,Front-wheel drive,5,2240,6,259.0,4110,18.8,28.8
4564,2018,USA,Gasoline,All-wheel drive,3,1950,5,232.0,3940,20.1,34.0
4565,2001,Europe,Gasoline,Rear-wheel drive,3,2590,6,295.0,4600,19.4,26.0
4566,1988,Europe,Gasoline,Front-wheel drive,2,2440,6,263.0,4390,18.5,29.9
4567,2006,USA,Gasoline,Front-wheel drive,4,2440,6,285.0,4620,19.1,30.2
4568,1979,Asia,Gasoline,Front-wheel drive,3,2200,5,220.0,3770,17.8,27.9
4569,1986,USA,Diesel,Rear-wheel drive,3,2200,6,253.0,4270,21.4,30.6
4570,1991,USA,Diesel,All-wheel drive,4,2620,7,318.0,4660,20.2,26.8
4571,1979,USA,Gasoline,All-wheel drive,4,2460,6,281.0,4780,19.9,22.7
4572,1999,USA,Gasoline,Rear-wheel drive,3,2510,6,264.0,4920,20.0,26.4
4573,2012,USA,Gasoline,Rear-wheel drive,3,2280,6,271.0,4730,19.6,26.8
4574,2012,USA,Gasoline,Front-wheel drive,4,2030,5,244.0,3760,18.5,32.0
4575,2004,USA,Gasoline,Front-wheel drive,5,2180,6,255.0,4230,18.6,28.5
4576,2005,USA,Gasoline,Rear-wheel drive,3,2590,7,272.0,4640,18.3,27.7
4577,2014,Asia,Diesel,Front-wheel drive,4,2240,6,253.0,4050,17.9,35.2
4578,2015,USA,Gasoline,Front-wheel drive,5,2260,6,269.0,4160,16.5,30.8
4579,1982,Asia,Gasoline,Rear-wheel drive,4,2020,6,,4280,18.6,29.6
4580,1996,Europe,Hybrid,Front-wheel drive,2,2270,6,245.0,4090,,32.9
4581,2017,USA,Gasoline,All-wheel drive,5,2050,6,240.0,4580,21.2,27.3
4582,2018,USA,Gasoline,Front-wheel drive,2,2170,6,248.0,4030,18.7,29.6
4583,1997,Europe,Gasoline,Rear-wheel drive,4,2260,6,243.0,4320,18.4,30.6
4584,2015,Asia,Hybrid,Front-wheel drive,3,2540,6,267.0,4120,17.1,34.2
4585,2017,Asia,Gasoline,Front-wheel drive,4,2310,6,233.0,4410,19.1,32.5
4586,1982,USA,Diesel,All-wheel drive,3,2100,5,264.0,4270,19.4,27.0
4587,1980,Asia,Gasoline,Front-wheel drive,4,2060,6,,4180,18.8,26.5
4588,1980,Europe,Diesel,Front-wheel drive,5,1980,6,230.0,3800,18.8,31.4
4589,2001,USA,Gasoline,All-wheel drive,5,2540,7,284.0,5100,19.9,26.3
4590,1986,USA,Hybrid,Rear-wheel drive,3,2270,6,256.0,4230,20.2,28.0
4591,2019,USA,Gasoline,All-wheel drive,5,2370,6,281.0,4700,18.6,27.7
4592,2021,Europe,Gasoline,Rear-wheel drive,3,2250,5,235.0,3960,21.1,33.6
4593,2007,Europe,Diesel,All-wheel drive,3,2300,6,273.0,4480,16.9,32.7
4594,2003,Asia,Gasoline,All-wheel drive,4,2420,7,260.0,5160,20.9,29.8
4595,2020,Asia,Gasoline,Rear-wheel drive,3,2360,7,259.0,4490,21.0,29.4
4596,1977,USA,Gasoline,Rear-wheel drive,4,1800,6,218.0,3960,16.9,28.4
4597,1979,Asia,Diesel,All-wheel drive,4,2100,6,,4060,21.0,32.7
4598,1999,USA,Gasoline,Front-wheel drive,3,2210,6,259.0,4020,18.9,25.1
4599,2021,USA,Gasoline,Rear-wheel drive,5,2170,6,259.0,4270,18.5,31.4
4600,2020,Asia,Gasoline,Rear-wheel drive,3,2450,6,254.0,4520,18.5,30.1
4601,1981,Europe,Gasoline,Front-wheel drive,4,2310,7,,4370,21.4,27.3
4602,2016,Asia,Gasoline,Front-wheel drive,2,2300,6,252.0,3950,16.6,31.3
4603,1985,Europe,Gasoline,All-wheel drive,3,2110,6,234.0,4380,20.2,27.9
4604,1986,Europe,Gasoline,Rear-wheel drive,4,2210,6,235.0,4200,19.7,30.0
4605,2010,USA,Gasoline,Rear-wheel drive,3,2050,6,239.0,4140,19.3,29.2
4606,1981,USA,Diesel,Front-wheel drive,3,2700,7,321.0,4400,17.2,26.3
4607,1994,USA,Gasoline,Front-wheel drive,3,2300,7,279.0,4230,18.3,28.2
4608,1989,Europe,Gasoline,All-wheel drive,2,2160,6,244.0,4130,21.6,29.7
4609,2015,Asia,Diesel,Rear-wheel drive,4,2130,5,239.0,4180,18.8,34.3
4610,1988,Europe,Hybrid,Front-wheel drive,4,2520,6,259.0,4310,19.6,32.6
4611,2015,USA,Hybrid,All-wheel drive,2,2580,7,297.0,4880,20.1,28.5
4612,2001,USA,Hybrid,All-wheel drive,4,2550,7,296.0,5070,18.9,29.1
4613,2005,Asia,Gasoline,All-wheel drive,2,2180,6,246.0,4420,17.6,29.8
4614,2019,Europe,Diesel,All-wheel drive,3,2260,6,,4250,18.3,32.3
4615,2020,USA,Gasoline,Front-wheel drive,2,2120,6,250.0,3990,20.1,34.3
4616,1993,Asia,Gasoline,Rear-wheel drive,5,2350,6,236.0,4490,19.8,26.3
4617,2004,Europe,Gasoline,All-wheel drive,3,2150,6,240.0,4220,19.8,31.8
4618,2022,Asia,Gasoline,Rear-wheel drive,4,2150,5,230.0,4210,20.2,32.5
4619,1996,Asia,Diesel,Front-wheel drive,5,2290,6,250.0,4300,18.9,30.9
4620,1996,USA,Gasoline,Rear-wheel drive,5,2510,7,288.0,4630,19.4,26.1
4621,2009,Asia,Gasoline,Front-wheel drive,5,2420,6,237.0,4430,19.9,30.2
4622,1987,USA,Gasoline,Rear-wheel drive,3,2540,7,280.0,4590,19.7,24.7
4623,1996,USA,Gasoline,Rear-wheel drive,4,2390,6,298.0,4530,18.1,24.9
4624,2003,Asia,Diesel,Front-wheel drive,4,2010,6,228.0,3940,20.4,37.2
4625,2010,Asia,Diesel,Front-wheel drive,5,2390,6,279.0,4290,18.7,35.6
4626,2015,Asia,Gasoline,Front-wheel drive,4,2160,6,241.0,4060,18.0,34.6
4627,1975,Asia,Gasoline,Front-wheel drive,5,2210,6,235.0,4090,20.2,29.3
4628,1998,Asia,Diesel,Front-wheel drive,5,2190,6,246.0,4460,18.2,31.1
4629,2014,USA,Hybrid,Front-wheel drive,5,2150,6,226.0,4340,16.2,36.3
4630,2014,Europe,Gasoline,Rear-wheel drive,3,2260,6,235.0,4230,17.1,31.5
4631,1996,Europe,Gasoline,All-wheel drive,3,2100,5,230.0,3890,19.5,30.4
4632,2007,USA,Gasoline,Front-wheel drive,2,2180,6,250.0,4200,17.4,31.3
4633,1998,Asia,Gasoline,Front-wheel drive,3,2230,6,238.0,4360,20.5,32.0
4634,1994,USA,Gasoline,Front-wheel drive,4,2580,7,302.0,4880,19.8,26.9
4635,1992,Asia,Gasoline,Front-wheel drive,3,2060,6,225.0,4150,18.4,29.7
4636,2012,Asia,Gasoline,Front-wheel drive,3,2440,6,258.0,4550,18.2,29.1
4637,1987,USA,Gasoline,Front-wheel drive,5,2330,6,286.0,4390,18.0,28.1
4638,1978,Asia,Gasoline,Front-wheel drive,2,2130,6,243.0,3930,19.3,30.1
4639,1999,USA,Diesel,Front-wheel drive,3,2180,6,245.0,4170,17.4,31.7
4640,2018,Europe,Gasoline,All-wheel drive,4,2270,6,212.0,4660,21.3,30.9
4641,1978,Europe,Gasoline,Rear-wheel drive,3,2180,6,243.0,4100,19.1,25.5
4642,2001,USA,Gasoline,Front-wheel drive,2,2230,6,,4030,18.9,28.8
4643,2007,Europe,Gasoline,Front-wheel drive,2,2430,6,267.0,4210,17.1,32.1
4644,1984,Asia,Gasoline,All-wheel drive,2,1890,5,228.0,3490,19.0,30.5
4645,1979,Asia,Hybrid,Front-wheel drive,3,2310,6,,4060,19.6,32.2
4646,1982,Europe,Hybrid,Front-wheel drive,4,2150,6,214.0,4140,20.0,35.7
4647,1980,Europe,Diesel,Rear-wheel drive,3,2240,6,,4250,20.8,32.9
4648,2013,USA,Gasoline,Front-wheel drive,3,2520,6,287.0,4320,17.2,30.6
4649,1990,USA,Gasoline,Front-wheel drive,4,2460,6,263.0,4240,17.1,27.2
4650,1998,Europe,Gasoline,Front-wheel drive,4,2440,7,233.0,4450,,29.7
4651,1991,Asia,Hybrid,Front-wheel drive,3,1590,5,174.0,3480,19.9,34.8
4652,1999,Europe,Gasoline,Front-wheel drive,3,2230,6,251.0,4140,19.4,30.7
4653,1975,Europe,Diesel,Front-wheel drive,4,2040,5,244.0,3720,17.3,32.2
4654,1987,Asia,Gasoline,Front-wheel drive,4,2280,6,233.0,4300,18.7,25.5
4655,1990,USA,Diesel,Front-wheel drive,2,2430,6,284.0,4270,17.2,30.7
4656,2022,Asia,Diesel,Rear-wheel drive,2,2300,6,260.0,4820,18.7,33.0
4657,2022,USA,Gasoline,Front-wheel drive,3,2160,6,226.0,4190,19.0,33.0
4658,1980,Europe,Gasoline,Rear-wheel drive,4,2320,6,260.0,4070,18.4,26.0
4659,2013,Asia,Gasoline,Front-wheel drive,3,2370,6,,4180,16.4,31.7
4660,2021,USA,Diesel,Rear-wheel drive,4,2590,7,299.0,4880,19.2,29.3
4661,1996,Asia,Gasoline,Front-wheel drive,4,2170,6,219.0,4240,21.1,31.3
4662,2005,USA,Diesel,Front-wheel drive,4,2320,6,258.0,4200,18.3,35.6
4663,2005,USA,Gasoline,Front-wheel drive,2,2150,6,251.0,4150,19.0,29.3
4664,2020,Asia,Gasoline,Front-wheel drive,3,2210,5,259.0,3800,18.6,31.0
4665,1997,Asia,Gasoline,All-wheel drive,2,2210,6,250.0,4200,20.9,31.0
4666,2000,Europe,Gasoline,All-wheel drive,3,2460,7,255.0,4840,20.1,26.2
4667,1994,USA,Gasoline,Front-wheel drive,4,2340,6,268.0,4470,20.8,27.3
4668,2009,USA,Gasoline,Rear-wheel drive,3,2490,7,261.0,4710,20.4,27.3
4669,2017,USA,Gasoline,Front-wheel drive,2,2220,6,233.0,4060,18.4,31.0
4670,1997,USA,Gasoline,Front-wheel drive,2,2510,6,292.0,4500,19.0,27.7
4671,1982,Asia,Gasoline,Front-wheel drive,4,2240,6,229.0,4240,19.6,24.4
4672,2016,USA,Gasoline,Rear-wheel drive,2,2100,6,259.0,4300,16.2,27.4
4673,1992,Europe,Gasoline,Front-wheel drive,2,2220,6,230.0,4180,19.3,29.8
4674,1981,Asia,Gasoline,Front-wheel drive,4,2140,6,252.0,3770,19.8,31.5
4675,1993,USA,Diesel,Rear-wheel drive,3,2370,6,283.0,4360,19.5,30.9
4676,1982,Asia,Gasoline,Front-wheel drive,5,2580,7,246.0,4700,22.7,28.3
4677,2006,Europe,Diesel,Front-wheel drive,5,2080,5,236.0,4010,,33.9
4678,2004,Asia,Diesel,All-wheel drive,3,2520,6,255.0,4600,20.1,30.0
4679,1986,USA,Diesel,Front-wheel drive,5,2370,7,292.0,4330,18.6,29.0
4680,1976,USA,Gasoline,All-wheel drive,4,2500,7,275.0,4710,17.8,24.1
4681,1977,USA,Gasoline,Front-wheel drive,4,2320,6,263.0,4210,18.9,27.0
4682,2013,Asia,Gasoline,Front-wheel drive,2,2210,6,230.0,4190,19.9,30.4
4683,1980,Asia,Gasoline,Front-wheel drive,3,2410,6,,4230,19.1,29.5
4684,1992,USA,Gasoline,All-wheel drive,4,2000,6,224.0,4380,21.8,29.1
4685,2020,USA,Gasoline,Front-wheel drive,3,2330,6,256.0,4610,18.4,32.6
4686,2013,Asia,Gasoline,Front-wheel drive,3,2350,7,246.0,4390,17.3,31.0
4687,2016,USA,Gasoline,Front-wheel drive,2,2160,6,244.0,4170,18.4,32.3
4688,2005,USA,Diesel,Front-wheel drive,4,2150,6,260.0,4370,19.7,30.1
4689,2008,USA,Gasoline,Front-wheel drive,2,2190,6,259.0,3890,17.6,29.8
4690,2019,Asia,Gasoline,Front-wheel drive,4,2570,7,269.0,4440,17.6,32.0
4691,1995,USA,Gasoline,Rear-wheel drive,3,2170,6,247.0,4140,19.0,29.4
4692,2023,USA,Hybrid,Rear-wheel drive,2,2470,6,293.0,4300,16.5,30.9
4693,2023,Europe,Hybrid,Front-wheel drive,5,2430,6,268.0,4440,18.8,36.2
4694,1994,USA,Gasoline,Front-wheel drive,3,2670,7,297.0,4650,19.0,28.7
4695,2003,Asia,Gasoline,Rear-wheel drive,4,2480,6,263.0,4520,17.3,27.7
4696,1992,Asia,Gasoline,All-wheel drive,3,2350,6,253.0,4600,18.7,27.5
4697,2016,USA,Gasoline,All-wheel drive,2,2200,6,243.0,4340,19.0,31.4
4698,2009,USA,Gasoline,Front-wheel drive,3,2510,7,279.0,4260,19.7,26.7
4699,2016,Europe,Gasoline,Front-wheel drive,5,2380,6,253.0,4100,18.5,32.1
4700,1986,USA,Hybrid,Rear-wheel drive,3,2250,6,261.0,4340,19.0,27.6
4701,1995,USA,Hybrid,Rear-wheel drive,5,2210,6,253.0,4430,19.1,30.4
4702,1981,Asia,Gasoline,Rear-wheel drive,2,2530,7,280.0,4440,18.3,22.7
4703,1980,USA,Gasoline,Front-wheel drive,4,2550,6,,4650,18.8,26.8
4704,2003,Europe,Diesel,All-wheel drive,4,2240,6,262.0,4240,18.1,33.0
4705,1976,Asia,Gasoline,All-wheel drive,4,2530,7,300.0,4560,18.8,26.9
4706,1999,Asia,Gasoline,Front-wheel drive,2,2310,6,266.0,4100,17.8,31.2
4707,2019,Asia,Gasoline,Rear-wheel drive,5,2330,7,260.0,4550,18.2,31.9
4708,1986,USA,Gasoline,Front-wheel drive,4,2040,6,216.0,4180,19.9,30.0
4709,2021,Asia,Gasoline,Front-wheel drive,4,2210,6,242.0,4090,18.0,31.2
4710,1988,Asia,Gasoline,Front-wheel drive,3,2270,6,255.0,4140,17.6,30.5
4711,2005,Europe,Diesel,Rear-wheel drive,2,2180,5,241.0,3990,17.0,32.6
4712,1977,Europe,Diesel,Rear-wheel drive,4,2400,6,,4270,18.1,30.5
4713,2013,Asia,Gasoline,Front-wheel drive,4,2300,6,229.0,3840,16.9,29.6
4714,1995,USA,Gasoline,Front-wheel drive,4,2390,7,267.0,4690,20.2,28.9
4715,2008,Asia,Gasoline,Front-wheel drive,4,2290,6,247.0,4420,18.1,28.5
4716,1989,Europe,Gasoline,Front-wheel drive,3,1990,6,222.0,3960,20.8,30.9
4717,1998,USA,Hybrid,All-wheel drive,5,2250,6,256.0,4720,18.3,32.7
4718,2014,Europe,Gasoline,All-wheel drive,3,2620,6,259.0,4590,18.8,28.4
4719,1984,Europe,Gasoline,Front-wheel drive,5,2120,6,230.0,3970,17.6,31.1
4720,2008,Europe,Gasoline,Front-wheel drive,2,1840,5,197.0,3690,19.7,33.6
4721,2020,Asia,Gasoline,Front-wheel drive,3,2210,6,252.0,4380,18.7,32.2
4722,2015,Asia,Gasoline,Front-wheel drive,5,2320,6,262.0,4200,16.9,31.9
4723,1976,USA,Diesel,Rear-wheel drive,5,2320,6,260.0,4510,19.1,29.3
4724,2018,USA,Gasoline,Front-wheel drive,5,2350,6,259.0,4400,19.0,31.1
4725,2011,Europe,Gasoline,All-wheel drive,3,2180,6,228.0,4550,19.0,32.0
4726,1997,USA,Gasoline,Front-wheel drive,3,2370,6,277.0,4200,17.4,24.9
4727,1985,Europe,Gasoline,Front-wheel drive,4,2290,6,246.0,3910,18.8,31.2
4728,2021,Europe,Diesel,Front-wheel drive,4,2620,7,307.0,4690,17.2,33.1
4729,1998,USA,Gasoline,Front-wheel drive,3,2190,5,240.0,4190,19.0,29.3
4730,1978,Europe,Gasoline,Rear-wheel drive,3,2400,7,,4050,20.0,27.8
4731,1989,Asia,Gasoline,Front-wheel drive,4,2140,6,234.0,4130,18.4,29.5
4732,2021,Asia,Gasoline,Front-wheel drive,3,2170,6,246.0,3970,18.9,34.2
4733,2014,USA,Gasoline,All-wheel drive,3,2110,6,247.0,4370,21.4,28.6
4734,2024,Asia,Gasoline,Rear-wheel drive,2,2130,6,237.0,4020,16.6,32.4
4735,1981,Europe,Gasoline,Front-wheel drive,4,2100,6,,4060,20.2,28.3
4736,1998,Asia,Gasoline,Front-wheel drive,5,2280,6,241.0,4440,18.0,28.0
4737,1995,Europe,Gasoline,Rear-wheel drive,4,1970,5,219.0,4150,19.2,30.5
4738,2015,USA,Gasoline,All-wheel drive,4,2060,5,226.0,4460,20.9,28.7
4739,1991,Asia,Hybrid,Rear-wheel drive,4,1930,6,222.0,3920,17.4,36.0
4740,1997,USA,Gasoline,Front-wheel drive,4,1850,5,198.0,3790,19.7,28.8
4741,2001,Europe,Gasoline,Front-wheel drive,4,2470,6,282.0,4480,18.7,27.7
4742,1997,Asia,Gasoline,Front-wheel drive,5,2300,6,,4150,19.9,30.6
4743,2008,Europe,Gasoline,Front-wheel drive,2,1980,6,219.0,4000,19.1,30.9
4744,1987,USA,Gasoline,All-wheel drive,3,2320,6,266.0,4400,17.9,25.6
4745,2004,Europe,Diesel,Rear-wheel drive,4,2300,7,285.0,4300,18.6,30.5
4746,2021,Europe,Gasoline,Front-wheel drive,5,2310,6,251.0,4340,18.7,28.6
4747,1987,USA,Gasoline,All-wheel drive,2,1970,5,240.0,4220,18.0,24.6
4748,2024,Asia,Gasoline,Front-wheel drive,4,2400,6,260.0,4340,17.8,35.0
4749,2012,USA,Gasoline,All-wheel drive,5,2340,6,269.0,4810,19.6,26.7
4750,2020,Europe,Gasoline,Front-wheel drive,5,2670,7,289.0,4690,17.6,28.4
4751,2006,USA,Hybrid,Front-wheel drive,5,2420,7,279.0,4770,19.2,32.2
4752,1980,Europe,Gasoline,Front-wheel drive,3,2250,6,252.0,4190,,28.0
4753,1996,Europe,Gasoline,Rear-wheel drive,5,2210,6,264.0,4410,19.3,29.5
4754,2007,USA,Gasoline,Rear-wheel drive,4,2270,7,271.0,4690,20.0,28.8
4755,2023,Europe,Gasoline,All-wheel drive,3,2460,7,274.0,4330,18.6,33.3
4756,1994,USA,Gasoline,Front-wheel drive,3,2190,6,250.0,4380,19.6,28.1
4757,1998,USA,Gasoline,Front-wheel drive,4,2300,6,247.0,4470,19.0,27.6
4758,2017,Europe,Gasoline,Front-wheel drive,5,2310,6,253.0,4230,18.0,31.9
4759,2017,USA,Gasoline,Rear-wheel drive,4,2510,7,279.0,4670,16.3,28.6
4760,2009,Europe,Gasoline,Rear-wheel drive,2,2030,5,202.0,4040,18.1,32.8
4761,2001,USA,Gasoline,Rear-wheel drive,5,2250,6,251.0,4400,18.7,30.3
4762,1986,Asia,Gasoline,Rear-wheel drive,3,2310,6,245.0,4390,18.0,29.6
4763,1999,USA,Gasoline,Front-wheel drive,5,2060,5,242.0,4150,17.5,26.2
4764,1985,USA,Gasoline,Front-wheel drive,3,2330,6,266.0,4130,17.8,24.1
4765,1993,Europe,Hybrid,Front-wheel drive,4,2190,6,237.0,3990,18.7,34.6
4766,1983,USA,Diesel,All-wheel drive,4,2480,6,275.0,4590,20.5,27.8
4767,2012,Europe,Diesel,Front-wheel drive,3,2000,6,226.0,3820,,32.5
4768,2024,Europe,Gasoline,Front-wheel drive,5,2170,6,231.0,4010,,30.4
4769,2004,Asia,Gasoline,Front-wheel drive,3,2270,6,246.0,3970,18.1,34.0
4770,2023,USA,Gasoline,Rear-wheel drive,2,2220,6,258.0,4390,18.4,33.2
4771,2011,Europe,Gasoline,Front-wheel drive,5,2370,6,266.0,4480,16.8,28.0
4772,2019,USA,Hybrid,Front-wheel drive,4,2240,7,264.0,4290,18.5,31.1
4773,2009,USA,Diesel,Front-wheel drive,2,2260,6,267.0,4150,19.4,31.0
4774,1985,Asia,Diesel,Front-wheel drive,2,2400,7,294.0,4440,18.8,27.5
4775,1997,Europe,Gasoline,Front-wheel drive,5,2610,7,286.0,4740,20.3,26.9
4776,2002,USA,Gasoline,Front-wheel drive,4,2430,6,278.0,4500,18.8,28.1
4777,1979,USA,Diesel,Front-wheel drive,4,2310,6,288.0,4210,15.5,26.6
4778,2008,USA,Gasoline,All-wheel drive,2,2470,6,277.0,4750,18.7,29.5
4779,1990,Asia,Diesel,All-wheel drive,3,2580,7,266.0,4810,17.3,26.1
4780,1995,USA,Gasoline,Front-wheel drive,4,2280,6,252.0,4320,18.9,31.4
4781,1999,USA,Diesel,All-wheel drive,3,1830,6,227.0,3970,20.8,31.0
4782,1985,USA,Gasoline,All-wheel drive,5,2110,6,231.0,4540,21.1,27.1
4783,1990,Europe,Gasoline,All-wheel drive,3,2210,6,258.0,4470,,29.2
4784,2017,Asia,Gasoline,Front-wheel drive,3,2110,6,,4020,19.1,35.3
4785,2006,Europe,Diesel,Front-wheel drive,3,2530,6,255.0,4180,17.0,29.9
4786,2023,USA,Gasoline,Front-wheel drive,3,2110,6,241.0,4340,18.4,31.8
4787,1998,USA,Hybrid,All-wheel drive,4,2540,6,258.0,4630,21.6,30.3
4788,2023,USA,Diesel,All-wheel drive,4,2270,6,271.0,4590,20.3,29.2
4789,1980,Asia,Gasoline,Front-wheel drive,3,2590,7,276.0,4240,18.1,27.0
4790,2021,Asia,Gasoline,Front-wheel drive,3,2060,5,212.0,3770,19.4,36.2
4791,1997,USA,Gasoline,All-wheel drive,4,2060,5,239.0,4100,19.0,31.0
4792,1987,Europe,Gasoline,Rear-wheel drive,3,2320,6,258.0,4070,,27.6
4793,2008,Europe,Gasoline,Front-wheel drive,4,2040,6,237.0,4030,19.2,32.6
4794,1988,Asia,Diesel,Front-wheel drive,4,1990,5,238.0,4050,18.2,29.2
4795,1990,USA,Gasoline,Rear-wheel drive,4,2550,6,285.0,4570,20.6,22.8
4796,2004,Asia,Gasoline,Rear-wheel drive,2,2360,6,242.0,4140,17.7,29.8
4797,2022,Europe,Gasoline,Front-wheel drive,2,2180,6,226.0,4010,19.7,33.2
4798,1980,USA,Diesel,Front-wheel drive,2,2560,6,287.0,4310,18.9,29.6
4799,1981,Asia,Gasoline,Front-wheel drive,3,2010,6,220.0,4110,20.2,30.1
4800,2013,Asia,Gasoline,Front-wheel drive,3,2160,6,242.0,3930,17.5,32.3
4801,1984,USA,Gasoline,Front-wheel drive,4,2230,6,252.0,4390,17.6,30.2
4802,1992,USA,Gasoline,Front-wheel drive,5,2110,7,263.0,4380,18.8,25.7
4803,1976,USA,Gasoline,Front-wheel drive,3,2380,6,277.0,4330,18.4,24.7
4804,2019,USA,Gasoline,Front-wheel drive,3,2250,6,265.0,4190,19.9,30.0
4805,1976,Asia,Gasoline,Front-wheel drive,3,2500,6,,4480,18.3,26.6
4806,2018,USA,Gasoline,Front-wheel drive,5,2080,6,226.0,4260,19.2,31.1
4807,2007,USA,Gasoline,Front-wheel drive,4,2240,6,250.0,4210,19.2,31.2
4808,2023,Asia,Gasoline,Rear-wheel drive,3,2030,5,228.0,4220,19.8,32.3
4809,1991,Asia,Gasoline,Front-wheel drive,5,2350,6,215.0,4290,19.5,31.7
4810,1987,USA,Diesel,All-wheel drive,2,2450,6,290.0,4450,19.7,24.8
4811,1992,USA,Diesel,Rear-wheel drive,4,2470,7,307.0,4450,19.5,29.7
4812,2021,USA,Gasoline,Front-wheel drive,3,2300,6,251.0,4220,17.1,34.4
4813,1990,Europe,Gasoline,Front-wheel drive,4,2290,6,242.0,4350,20.6,27.5
4814,2003,Asia,Diesel,All-wheel drive,4,2270,6,251.0,4440,18.0,31.6
4815,2018,USA,Gasoline,Rear-wheel drive,5,2160,6,245.0,4360,22.5,31.0
4816,1984,USA,Gasoline,Front-wheel drive,5,2520,7,,4590,18.3,27.2
4817,1984,Asia,Gasoline,Front-wheel drive,3,2240,6,,4290,18.6,29.7
4818,1993,USA,Gasoline,Front-wheel drive,2,2300,6,257.0,4220,18.7,29.2
4819,2017,Europe,Diesel,All-wheel drive,3,2500,7,284.0,4770,18.6,30.6
4820,2015,Asia,Gasoline,Rear-wheel drive,3,2440,6,259.0,4350,16.8,28.4
4821,2022,USA,Diesel,Front-wheel drive,4,2060,6,242.0,4280,18.4,33.8
4822,2010,Asia,Hybrid,Front-wheel drive,3,1830,5,193.0,3690,16.5,36.1
4823,2024,USA,Diesel,Front-wheel drive,4,2270,6,299.0,4200,16.6,32.5
4824,2003,USA,Gasoline,All-wheel drive,4,2260,6,246.0,4290,21.4,28.0
4825,2016,USA,Diesel,Front-wheel drive,3,2390,6,285.0,4350,14.7,30.9
4826,1984,Europe,Gasoline,Rear-wheel drive,4,2220,6,228.0,4370,19.8,31.0
4827,1987,Europe,Gasoline,Front-wheel drive,3,2310,7,263.0,4150,18.5,28.0
4828,2020,Asia,Gasoline,Front-wheel drive,4,2440,7,277.0,4530,20.1,29.6
4829,1995,Asia,Gasoline,Rear-wheel drive,3,2270,6,248.0,4390,20.9,27.0
4830,1977,Asia,Gasoline,Front-wheel drive,3,1910,5,212.0,3910,17.8,30.0
4831,2004,USA,Diesel,All-wheel drive,3,2410,7,280.0,4890,19.7,27.3
4832,1996,USA,Gasoline,Rear-wheel drive,4,1870,5,223.0,4060,17.4,27.5
4833,2009,Asia,Gasoline,Front-wheel drive,3,1910,5,211.0,3620,18.7,34.0
4834,2009,Europe,Diesel,Front-wheel drive,3,2540,7,272.0,4270,18.6,30.1
4835,2003,Europe,Diesel,Front-wheel drive,5,2260,6,264.0,4090,16.9,31.8
4836,1989,USA,Gasoline,Front-wheel drive,4,2040,5,236.0,4150,20.0,27.9
4837,2005,USA,Gasoline,All-wheel drive,5,2020,6,240.0,4460,18.1,29.1
4838,2000,USA,Gasoline,Front-wheel drive,3,2360,6,252.0,4300,19.0,27.4
4839,1999,Europe,Gasoline,Rear-wheel drive,3,2350,6,243.0,4260,19.7,26.8
4840,1979,USA,Gasoline,All-wheel drive,3,2370,7,,4430,20.0,23.3
4841,2005,USA,Hybrid,All-wheel drive,3,2210,6,257.0,4300,21.2,32.6
4842,2007,Asia,Hybrid,Rear-wheel drive,3,2190,5,229.0,4000,19.6,34.8
4843,1997,Europe,Gasoline,All-wheel drive,3,2400,6,240.0,4330,19.4,27.1
4844,2020,USA,Gasoline,Front-wheel drive,4,2300,6,266.0,4290,18.8,27.5
4845,1986,USA,Gasoline,Rear-wheel drive,4,2630,7,291.0,4690,20.5,25.5
4846,2009,Europe,Gasoline,Front-wheel drive,5,2250,6,251.0,4450,,31.9
4847,1975,USA,Gasoline,Front-wheel drive,4,2470,6,,4530,19.0,22.2
4848,2021,Asia,Gasoline,All-wheel drive,5,2390,6,252.0,4590,21.2,30.4
4849,2006,Europe,Gasoline,Rear-wheel drive,5,2590,7,271.0,4860,17.5,25.8
4850,1983,Asia,Gasoline,All-wheel drive,3,1930,6,233.0,3980,16.5,27.6
4851,1979,Asia,Diesel,Rear-wheel drive,4,2180,6,239.0,4500,20.1,33.0
4852,1989,Asia,Diesel,Front-wheel drive,2,1940,5,207.0,3860,17.3,35.3
4853,2012,USA,Diesel,All-wheel drive,4,2080,6,270.0,4180,19.4,30.4
4854,2005,USA,Gasoline,Front-wheel drive,5,2070,6,240.0,4060,20.6,28.1
4855,2021,Asia,Gasoline,All-wheel drive,3,2440,6,258.0,4520,18.6,29.6
4856,2020,USA,Diesel,Front-wheel drive,3,2560,6,296.0,4300,17.1,34.4
4857,2006,USA,Diesel,Front-wheel drive,5,2080,6,277.0,4060,19.7,32.2
4858,1979,USA,Gasoline,Front-wheel drive,3,2180,6,,4050,18.8,27.6
4859,1978,Europe,Hybrid,Front-wheel drive,5,2130,6,,4260,18.7,33.4
4860,2010,Asia,Gasoline,Front-wheel drive,3,1910,5,221.0,3710,17.9,35.7
4861,1999,USA,Gasoline,Rear-wheel drive,4,2340,6,260.0,4800,19.1,28.5
4862,2018,Europe,Gasoline,All-wheel drive,4,2480,7,247.0,4760,19.3,29.1
4863,2020,Asia,Gasoline,Front-wheel drive,4,1920,6,221.0,3870,18.1,32.3
4864,2017,Europe,Gasoline,Front-wheel drive,3,2430,6,262.0,4440,,32.1
4865,1995,Europe,Gasoline,Front-wheel drive,3,2310,6,269.0,4360,18.8,29.8
4866,1988,Asia,Hybrid,Front-wheel drive,5,2130,6,224.0,3880,17.7,36.4
4867,1988,USA,Gasoline,Rear-wheel drive,3,2400,6,280.0,4220,20.0,24.7
4868,1975,USA,Diesel,Rear-wheel drive,2,2540,7,296.0,4650,19.9,26.9
4869,2021,USA,Gasoline,Rear-wheel drive,3,2330,6,282.0,4480,18.7,29.3
4870,1990,Europe,Diesel,Rear-wheel drive,3,2180,6,272.0,4040,,31.2
4871,1978,USA,Gasoline,Front-wheel drive,4,2060,6,,4050,17.4,23.6
4872,1987,USA,Diesel,Rear-wheel drive,3,2700,7,314.0,4780,19.3,31.2
4873,1991,Asia,Gasoline,All-wheel drive,2,2170,6,229.0,4100,17.0,27.9
4874,1983,Europe,Diesel,All-wheel drive,2,2100,6,232.0,4400,21.2,25.1
4875,2009,Asia,Diesel,All-wheel drive,4,1820,5,236.0,4060,17.5,36.1
4876,2012,Europe,Gasoline,Rear-wheel drive,3,2290,6,261.0,4010,,29.3
4877,2001,USA,Gasoline,All-wheel drive,2,2170,6,253.0,4440,18.1,30.0
4878,1999,USA,Gasoline,Front-wheel drive,2,2170,6,254.0,4150,18.1,31.4
4879,2012,USA,Gasoline,All-wheel drive,2,2520,6,282.0,4630,17.5,29.4
4880,2017,USA,Hybrid,All-wheel drive,2,2390,6,265.0,4310,17.7,31.4
4881,2008,USA,Diesel,Front-wheel drive,2,2250,6,266.0,4090,18.4,32.1
4882,2000,Asia,Gasoline,Rear-wheel drive,4,2030,5,226.0,4100,20.9,29.7
4883,2001,Europe,Gasoline,Rear-wheel drive,4,2340,6,243.0,4300,,31.9
4884,2004,Europe,Gasoline,Rear-wheel drive,2,2010,6,227.0,4130,17.0,31.5
4885,1976,Asia,Gasoline,Front-wheel drive,3,2200,6,,4160,18.5,28.7
4886,2017,Asia,Gasoline,Rear-wheel drive,4,2300,6,260.0,4330,18.8,33.6
4887,2005,Asia,Gasoline,Front-wheel drive,2,2300,6,264.0,4290,19.4,31.7
4888,1983,Europe,Gasoline,Front-wheel drive,4,2130,6,246.0,3910,19.5,31.2
4889,1982,Asia,Diesel,Front-wheel drive,2,2300,6,,4350,19.7,32.3
4890,2003,Asia,Gasoline,Front-wheel drive,4,2290,6,247.0,4090,18.6,27.4
4891,2016,Europe,Gasoline,Front-wheel drive,4,2300,6,272.0,4270,20.0,31.9
4892,1997,Europe,Gasoline,Front-wheel drive,4,2330,6,268.0,4370,,27.7
4893,1999,Europe,Gasoline,Rear-wheel drive,3,2470,7,262.0,4580,18.5,30.5
4894,2011,USA,Diesel,Front-wheel drive,5,2340,6,278.0,4540,20.5,30.6
4895,2016,Europe,Diesel,All-wheel drive,2,2300,6,289.0,4620,18.5,31.2
4896,2011,Asia,Gasoline,Front-wheel drive,5,2120,6,229.0,4040,21.1,29.3
4897,2022,USA,Gasoline,Rear-wheel drive,4,2280,6,265.0,4370,18.9,29.6
4898,1998,USA,Gasoline,All-wheel drive,3,2270,6,264.0,4270,17.0,28.6
4899,1993,Asia,Hybrid,All-wheel drive,3,2300,6,244.0,4280,19.6,33.6
4900,2010,Europe,Diesel,Front-wheel drive,3,2320,6,267.0,4010,17.0,35.7
4901,2015,Europe,Diesel,All-wheel drive,4,2120,6,261.0,4350,19.0,31.6
4902,1978,Europe,Diesel,Front-wheel drive,5,2040,6,239.0,3990,21.1,30.7
4903,2014,USA,Gasoline,Front-wheel drive,3,2190,6,247.0,3810,17.9,29.9
4904,2017,Europe,Hybrid,All-wheel drive,4,2090,6,221.0,4190,20.1,36.8
4905,1995,Asia,Gasoline,Front-wheel drive,2,1810,5,,3640,19.2,32.7
4906,2014,USA,Diesel,Rear-wheel drive,2,2440,6,266.0,4150,20.4,29.1
4907,2018,Asia,Gasoline,Front-wheel drive,4,2000,5,205.0,4040,19.0,36.5
4908,1999,Europe,Hybrid,All-wheel drive,2,2300,7,245.0,4190,20.3,32.2
4909,2017,USA,Gasoline,Rear-wheel drive,2,2370,7,286.0,4420,17.6,31.1
4910,1984,Asia,Diesel,All-wheel drive,4,2390,6,251.0,4440,18.9,30.2
4911,1989,USA,Gasoline,Front-wheel drive,4,2160,6,247.0,4430,20.0,25.0
4912,1980,USA,Gasoline,Front-wheel drive,4,2100,5,,4340,19.3,28.2
4913,1995,Asia,Diesel,Front-wheel drive,4,2340,6,245.0,4200,18.3,31.2
4914,1995,Europe,Gasoline,Rear-wheel drive,3,2300,6,257.0,4330,16.2,30.7
4915,2024,USA,Diesel,Front-wheel drive,2,2400,6,286.0,4220,17.9,31.5
4916,1978,Asia,Hybrid,Rear-wheel drive,5,2490,6,,4830,20.4,29.4
4917,2001,USA,Diesel,Front-wheel drive,5,2180,6,253.0,4260,19.5,30.4
4918,2004,Europe,Hybrid,Front-wheel drive,4,1870,6,211.0,4050,20.6,35.1
4919,1976,USA,Gasoline,All-wheel drive,3,2480,7,,4600,19.8,27.3
4920,2018,Asia,Gasoline,Front-wheel drive,2,2290,6,250.0,3970,18.0,31.4
4921,1988,USA,Diesel,Front-wheel drive,4,2240,6,276.0,4320,19.1,28.9
4922,2009,Asia,Gasoline,Rear-wheel drive,4,2040,6,209.0,4200,19.9,32.1
4923,1988,USA,Gasoline,Front-wheel drive,3,2010,6,238.0,4000,18.6,25.8
4924,2016,USA,Diesel,Front-wheel drive,2,2180,6,274.0,3970,15.5,30.4
4925,1977,Asia,Gasoline,Front-wheel drive,2,1940,5,,3640,16.5,31.3
4926,1980,Asia,Diesel,Front-wheel drive,5,2270,6,255.0,4270,20.7,28.5
4927,1996,Asia,Hybrid,All-wheel drive,2,2530,6,262.0,4330,19.1,31.8
4928,1981,USA,Diesel,Front-wheel drive,3,2420,6,,4300,19.7,28.9
4929,2010,USA,Gasoline,Front-wheel drive,5,2350,6,271.0,4290,18.1,26.8
4930,1999,USA,Gasoline,Front-wheel drive,3,2480,6,270.0,4250,17.9,26.9
4931,2015,Asia,Gasoline,Front-wheel drive,3,2390,6,267.0,3990,16.1,30.0
4932,2017,Europe,Gasoline,Front-wheel drive,3,2330,6,267.0,4060,17.8,30.2
4933,1996,USA,Gasoline,Front-wheel drive,5,2240,5,234.0,4120,21.3,31.5
4934,1984,USA,Gasoline,Front-wheel drive,4,2480,6,279.0,4660,21.0,25.2
4935,2006,Asia,Gasoline,Rear-wheel drive,3,2140,6,243.0,3840,18.3,29.5
4936,1997,Asia,Gasoline,Front-wheel drive,2,2550,6,259.0,4670,18.0,24.5
4937,1988,USA,Gasoline,Front-wheel drive,2,2080,5,233.0,3970,20.3,31.0
4938,1977,Asia,Hybrid,Front-wheel drive,5,2260,6,,4280,22.6,30.3
4939,1993,Europe,Gasoline,Front-wheel drive,4,2320,6,264.0,4300,16.2,28.2
4940,2020,USA,Gasoline,Rear-wheel drive,5,1850,6,203.0,4130,19.9,33.8
4941,2016,USA,Gasoline,Rear-wheel drive,4,2270,6,251.0,4510,20.7,29.6
4942,1987,USA,Gasoline,Front-wheel drive,4,1980,5,253.0,3870,19.7,27.5
4943,1999,Europe,Gasoline,All-wheel drive,3,2090,5,236.0,4340,20.9,28.1
4944,2015,Europe,Gasoline,Front-wheel drive,4,2320,6,260.0,3850,,35.0
4945,2007,USA,Gasoline,Front-wheel drive,3,2420,6,253.0,4650,18.2,27.8
4946,2023,USA,Gasoline,Front-wheel drive,3,2720,7,303.0,4310,16.6,27.8
4947,2015,USA,Diesel,Front-wheel drive,2,2210,6,273.0,4310,18.0,32.8
4948,1995,USA,Gasoline,All-wheel drive,3,2460,7,278.0,4970,19.6,23.0
4949,2006,Asia,Gasoline,Front-wheel drive,5,2370,6,249.0,4480,19.0,29.7
4950,1995,Europe,Gasoline,Front-wheel drive,5,2090,6,237.0,4260,18.9,28.4
4951,2021,Asia,Diesel,Front-wheel drive,4,2380,7,272.0,4350,19.7,33.8
4952,1987,USA,Gasoline,Front-wheel drive,3,2220,7,279.0,4250,17.6,26.6
4953,2018,USA,Hybrid,Front-wheel drive,3,2430,6,277.0,4600,21.3,35.4
4954,1990,Asia,Gasoline,Front-wheel drive,3,2330,6,283.0,4160,19.6,29.5
4955,2002,Europe,Gasoline,Front-wheel drive,2,1930,5,209.0,3770,17.9,29.8
4956,1980,Europe,Diesel,Rear-wheel drive,3,2240,6,242.0,4260,18.4,30.4
4957,1998,USA,Gasoline,Front-wheel drive,2,2230,6,256.0,4060,17.2,29.7
4958,2010,Asia,Gasoline,Front-wheel drive,2,2340,6,263.0,4200,18.9,32.2
4959,2005,Europe,Gasoline,All-wheel drive,5,2550,7,243.0,4720,18.9,31.3
4960,1984,Europe,Hybrid,Front-wheel drive,2,2290,6,,3820,15.7,33.7
4961,1996,Asia,Gasoline,Rear-wheel drive,3,2170,6,220.0,3990,21.1,30.6
4962,1996,USA,Diesel,Rear-wheel drive,4,2130,6,244.0,4410,19.8,28.6
4963,1995,Europe,Gasoline,Front-wheel drive,4,2300,6,246.0,4210,21.0,29.6
4964,2018,USA,Gasoline,Front-wheel drive,3,2450,6,286.0,4280,19.3,28.7
4965,1991,USA,Gasoline,Rear-wheel drive,2,2250,6,248.0,4280,19.0,26.1
4966,1994,USA,Diesel,Front-wheel drive,3,2290,6,280.0,3990,18.9,30.5
4967,2021,Europe,Gasoline,Front-wheel drive,3,2210,6,244.0,3830,18.5,33.6
4968,2010,USA,Gasoline,Front-wheel drive,3,1780,5,203.0,3860,19.4,31.2
4969,2005,USA,Gasoline,Rear-wheel drive,5,2460,7,297.0,5020,18.6,23.0
4970,1993,USA,Gasoline,Front-wheel drive,3,1890,5,227.0,4180,21.3,28.0
4971,1994,USA,Hybrid,Rear-wheel drive,3,2080,7,249.0,4230,18.8,30.5
4972,2012,USA,Gasoline,Front-wheel drive,4,1940,5,241.0,4130,19.4,28.4
4973,1998,USA,Hybrid,Rear-wheel drive,3,2190,6,270.0,4410,15.8,31.1
4974,1986,USA,Gasoline,Front-wheel drive,2,2030,5,212.0,4030,20.6,26.2
4975,2023,USA,Gasoline,Front-wheel drive,4,2250,6,259.0,4110,20.2,32.6
4976,1976,Europe,Gasoline,Front-wheel drive,5,2400,6,269.0,4320,19.2,28.1
4977,1991,Europe,Gasoline,Front-wheel drive,4,2100,6,222.0,4110,,32.2
4978,1984,USA,Gasoline,All-wheel drive,5,2300,6,261.0,4490,19.5,26.7
4979,1984,Asia,Gasoline,Front-wheel drive,3,2330,6,248.0,3980,20.6,28.1
4980,1990,Asia,Diesel,Rear-wheel drive,3,2090,6,239.0,4010,18.1,31.0
4981,1993,Asia,Gasoline,Front-wheel drive,3,2130,6,243.0,4160,19.8,31.2
4982,2000,Europe,Diesel,Front-wheel drive,3,2090,5,211.0,3370,19.4,32.6
4983,1997,Asia,Diesel,Rear-wheel drive,4,2380,6,267.0,4880,19.3,30.3
4984,2022,Europe,Gasoline,Front-wheel drive,3,2310,7,258.0,4290,20.7,30.8
4985,1987,Asia,Gasoline,All-wheel drive,2,2360,6,252.0,4400,17.7,25.7
4986,2009,Europe,Gasoline,Rear-wheel drive,5,2390,6,248.0,4090,17.3,25.4
4987,1990,USA,Gasoline,Rear-wheel drive,3,2680,7,295.0,4810,19.3,24.6
4988,1977,USA,Gasoline,Front-wheel drive,2,2310,6,258.0,4300,19.0,24.5
4989,1986,Europe,Gasoline,Rear-wheel drive,5,2360,6,271.0,4660,19.3,25.7
4990,2012,Europe,Gasoline,Front-wheel drive,3,2450,6,279.0,4130,17.4,29.0
4991,2003,Asia,Gasoline,Rear-wheel drive,3,1810,5,201.0,3930,17.5,29.9
4992,1993,Europe,Gasoline,Rear-wheel drive,4,2560,7,286.0,4830,19.7,28.0
4993,2016,Asia,Diesel,Rear-wheel drive,4,2040,5,253.0,3980,19.2,35.0
4994,2021,Asia,Hybrid,Front-wheel drive,4,2280,6,256.0,4330,18.9,37.1
4995,2017,USA,Gasoline,Front-wheel drive,4,2480,6,276.0,4330,18.2,28.2
4996,1977,Asia,Gasoline,All-wheel drive,4,2290,6,,4340,19.9,24.3
4997,1990,Europe,Diesel,All-wheel drive,2,2450,7,261.0,4580,19.7,28.3
4998,1983,Asia,Gasoline,Rear-wheel drive,2,2230,6,244.0,4310,18.0,29.9
4999,2004,USA,Hybrid,Front-wheel drive,4,2170,6,267.0,4190,18.0,33.1
5000,1985,Europe,Hybrid,Front-wheel drive,5,2250,6,241.0,4100,20.7,30.0
5001,2003,Asia,Diesel,Rear-wheel drive,4,2240,6,260.0,4230,20.4,32.6
5002,1993,USA,Diesel,Rear-wheel drive,4,2410,6,282.0,4450,18.2,31.8
5003,2022,Europe,Diesel,Rear-wheel drive,4,2480,7,282.0,4510,17.9,31.6
5004,2003,USA,Gasoline,Front-wheel drive,2,2050,6,231.0,3970,18.9,34.6
5005,1976,Asia,Gasoline,Rear-wheel drive,5,2140,6,243.0,4420,19.1,25.5
5006,2019,Europe,Gasoline,Front-wheel drive,4,2730,6,282.0,4840,19.4,30.7
5007,1993,USA,Gasoline,Front-wheel drive,3,2110,6,235.0,4290,20.7,25.6
5008,1998,Europe,Gasoline,Front-wheel drive,2,2190,5,247.0,3940,,31.6
5009,1994,Europe,Gasoline,Rear-wheel drive,3,2240,6,246.0,4140,19.6,31.4
5010,2012,Asia,Gasoline,All-wheel drive,4,2140,6,251.0,4160,18.5,30.2
5011,1986,Europe,Diesel,Rear-wheel drive,2,2660,7,297.0,4690,,28.8
5012,2001,Asia,Gasoline,All-wheel drive,3,2270,6,236.0,4330,18.0,30.2
5013,2005,USA,Gasoline,Front-wheel drive,4,2080,6,234.0,4210,18.9,28.2
5014,1997,Asia,Gasoline,Rear-wheel drive,4,2210,6,233.0,4340,21.5,30.6
5015,1979,USA,Gasoline,Front-wheel drive,4,2340,7,,4380,19.3,25.4
5016,1992,USA,Gasoline,All-wheel drive,2,2080,6,252.0,4350,19.2,28.7
5017,2015,Asia,Gasoline,Front-wheel drive,2,2390,7,282.0,4090,17.6,30.9
5018,1985,USA,Gasoline,Front-wheel drive,4,2270,6,277.0,4330,19.0,27.4
5019,2008,USA,Diesel,Front-wheel drive,2,2080,6,251.0,4160,17.7,32.5
5020,1982,USA,Diesel,All-wheel drive,3,2030,5,,4080,20.1,28.7
5021,1975,Asia,Gasoline,Front-wheel drive,3,2010,6,239.0,4180,19.4,27.6
5022,2005,Asia,Hybrid,Rear-wheel drive,3,2340,6,239.0,4370,18.5,32.8
5023,2023,Europe,Gasoline,Front-wheel drive,3,2310,6,221.0,4300,17.7,31.3
5024,2001,USA,Gasoline,Front-wheel drive,5,2240,6,256.0,4270,18.6,28.4
5025,1999,USA,Gasoline,Rear-wheel drive,3,2180,6,259.0,4440,16.8,26.3
5026,1992,Asia,Hybrid,All-wheel drive,3,2360,7,266.0,4770,17.4,31.6
5027,2001,Asia,Gasoline,Front-wheel drive,3,2230,6,229.0,4270,17.5,33.0
5028,2013,Europe,Gasoline,Rear-wheel drive,2,2190,7,255.0,4440,18.5,31.9
5029,1996,Asia,Diesel,Front-wheel drive,4,2010,5,225.0,3980,19.4,33.3
5030,2022,Asia,Gasoline,All-wheel drive,3,2590,6,256.0,4840,18.4,30.5
5031,2005,Europe,Hybrid,Rear-wheel drive,4,2480,6,234.0,4250,17.8,33.2
5032,1999,USA,Gasoline,Front-wheel drive,3,2690,7,305.0,4880,18.9,28.7
5033,2013,Asia,Gasoline,Rear-wheel drive,3,2290,6,252.0,4310,18.6,26.5
5034,2019,Europe,Gasoline,Front-wheel drive,5,2150,6,251.0,4480,19.1,31.0
5035,2022,USA,Gasoline,All-wheel drive,4,2080,6,248.0,4680,19.5,30.0
5036,2007,USA,Gasoline,Front-wheel drive,2,2010,5,234.0,3930,19.2,32.2
5037,2023,Europe,Gasoline,Front-wheel drive,2,2490,7,280.0,4660,,29.9
5038,1995,Europe,Gasoline,All-wheel drive,4,2280,5,220.0,4410,18.9,27.6
5039,1985,Europe,Hybrid,Rear-wheel drive,3,2260,6,,4250,18.4,33.8
5040,1989,USA,Gasoline,All-wheel drive,3,2200,6,239.0,4090,20.4,27.0
5041,1987,USA,Gasoline,Rear-wheel drive,2,2070,5,244.0,4230,19.4,26.9
5042,1982,Europe,Hybrid,Rear-wheel drive,3,2340,6,,4420,19.7,30.7
5043,1984,Asia,Gasoline,All-wheel drive,4,2130,6,236.0,4480,20.2,27.3
5044,2004,Asia,Diesel,Front-wheel drive,5,2260,6,254.0,4390,20.3,34.4
5045,2000,Asia,Gasoline,Front-wheel drive,4,2260,6,230.0,4040,20.5,32.6
5046,2013,Europe,Gasoline,Rear-wheel drive,5,2300,6,250.0,4270,18.0,29.4
5047,2008,Europe,Gasoline,Front-wheel drive,4,2460,6,252.0,4340,19.9,28.5
5048,1981,USA,Gasoline,Rear-wheel drive,5,2250,6,272.0,4260,18.8,27.5
5049,1995,USA,Gasoline,Front-wheel drive,3,2590,7,295.0,4640,19.7,26.0
5050,1979,Europe,Gasoline,Front-wheel drive,3,2080,6,226.0,3760,18.5,29.8
5051,1986,Europe,Diesel,All-wheel drive,4,2300,7,304.0,4530,20.2,31.1
5052,2021,Asia,Diesel,Rear-wheel drive,5,2090,6,230.0,4610,19.1,30.2
5053,2018,Asia,Gasoline,All-wheel drive,3,2260,6,263.0,4150,18.8,30.1
5054,2011,USA,Diesel,Front-wheel drive,3,2360,6,283.0,4520,19.5,29.0
5055,1975,Asia,Gasoline,Front-wheel drive,5,2280,6,,4580,21.9,23.9
5056,2022,Europe,Gasoline,Rear-wheel drive,4,2490,6,279.0,4450,17.9,31.3
5057,1992,USA,Diesel,Front-wheel drive,2,2390,7,268.0,4410,18.9,32.4
5058,2000,USA,Diesel,Front-wheel drive,3,2350,6,262.0,4180,20.5,31.5
5059,2021,USA,Diesel,All-wheel drive,4,2120,6,267.0,4570,17.7,32.5
5060,1994,USA,Gasoline,Front-wheel drive,3,2180,6,252.0,4230,19.9,26.2
5061,1981,Europe,Hybrid,Front-wheel drive,4,2280,5,237.0,3960,18.3,31.1
5062,1988,Asia,Gasoline,All-wheel drive,2,2470,6,264.0,4460,18.5,25.7
5063,2015,Asia,Gasoline,Rear-wheel drive,3,2130,6,239.0,4190,17.7,28.8
5064,2017,USA,Gasoline,Rear-wheel drive,3,2550,6,267.0,4740,21.9,27.9
5065,2011,USA,Diesel,All-wheel drive,2,2340,6,287.0,4450,18.8,29.9
5066,1989,Asia,Gasoline,All-wheel drive,4,2380,6,236.0,4660,20.4,27.9
5067,2023,USA,Diesel,Front-wheel drive,4,2180,6,254.0,4460,17.8,33.8
5068,1984,Asia,Gasoline,Rear-wheel drive,4,2280,6,232.0,4250,19.5,28.9
5069,1998,Europe,Hybrid,Front-wheel drive,4,1990,5,223.0,3930,18.1,33.9
5070,2021,Asia,Gasoline,All-wheel drive,4,2040,5,223.0,3970,18.2,32.4
5071,1978,Asia,Gasoline,Front-wheel drive,3,2450,7,274.0,4290,18.7,28.1
5072,2024,USA,Gasoline,All-wheel drive,4,2500,6,271.0,4760,21.0,29.1
5073,2004,USA,Gasoline,Front-wheel drive,3,2220,6,268.0,4360,17.3,31.0
5074,1982,USA,Gasoline,Front-wheel drive,4,2370,7,290.0,4610,18.0,25.6
5075,1981,USA,Gasoline,All-wheel drive,4,2270,6,251.0,4530,20.3,22.7
5076,2008,Europe,Gasoline,Front-wheel drive,2,1940,5,226.0,3910,,32.7
5077,1979,Europe,Hybrid,Front-wheel drive,2,2180,6,249.0,3970,18.5,32.5
5078,1980,Asia,Gasoline,Rear-wheel drive,4,2320,6,,4230,21.1,28.2
5079,2020,Europe,Gasoline,Front-wheel drive,5,2390,6,263.0,4370,19.7,32.8
5080,2009,Europe,Gasoline,Rear-wheel drive,3,2480,6,268.0,4660,17.5,28.1
5081,1980,USA,Gasoline,All-wheel drive,4,2220,7,,4410,19.9,29.4
5082,1992,USA,Gasoline,Front-wheel drive,2,2560,6,276.0,4520,18.9,25.6
5083,2023,USA,Gasoline,All-wheel drive,4,2100,6,239.0,4360,18.7,31.8
5084,1978,USA,Gasoline,Front-wheel drive,3,2130,6,249.0,4010,17.9,30.7
5085,1997,Asia,Gasoline,Front-wheel drive,3,2390,6,256.0,4100,18.1,31.0
5086,2012,USA,Gasoline,Front-wheel drive,2,2480,6,275.0,4090,17.9,29.7
5087,1987,Europe,Gasoline,Front-wheel drive,3,2160,6,239.0,4050,18.5,31.3
5088,2015,USA,Gasoline,Front-wheel drive,5,2490,7,,4300,18.4,29.1
5089,1981,Asia,Gasoline,All-wheel drive,5,2280,6,238.0,4520,21.0,26.2
5090,2011,USA,Gasoline,All-wheel drive,3,2280,6,245.0,4580,20.8,28.6
5091,1995,Europe,Diesel,Front-wheel drive,4,2460,6,271.0,4240,18.6,29.4
5092,1993,USA,Gasoline,Front-wheel drive,3,2050,6,241.0,3730,20.1,32.8
5093,2012,Europe,Gasoline,Rear-wheel drive,2,2080,6,216.0,4080,19.6,31.9
5094,2016,Asia,Gasoline,Rear-wheel drive,4,2000,5,216.0,3990,16.8,33.5
5095,1996,Asia,Gasoline,Rear-wheel drive,2,1920,6,231.0,3990,20.2,32.8
5096,1976,USA,Gasoline,All-wheel drive,4,2410,7,280.0,4840,19.3,21.7
5097,1994,Asia,Hybrid,Front-wheel drive,5,1690,5,200.0,3580,18.3,37.3
5098,2009,USA,Gasoline,Rear-wheel drive,3,2340,5,247.0,4520,19.6,29.1
5099,1989,Asia,Gasoline,Front-wheel drive,2,2040,5,188.0,3900,20.9,31.5
5100,1992,Europe,Hybrid,Rear-wheel drive,3,2470,6,256.0,4110,19.4,32.2
5101,1990,USA,Diesel,All-wheel drive,4,2060,6,260.0,4430,20.2,30.0
5102,1982,USA,Gasoline,Front-wheel drive,4,2430,6,273.0,4410,18.0,26.1
5103,2014,Asia,Gasoline,Rear-wheel drive,3,2320,6,244.0,4130,17.5,29.2
5104,2013,USA,Gasoline,Front-wheel drive,3,2050,6,229.0,4270,17.3,30.9
5105,2010,USA,Gasoline,Front-wheel drive,3,2220,6,254.0,4140,18.8,30.6
5106,2009,USA,Diesel,All-wheel drive,4,2210,6,263.0,4940,18.8,29.7
5107,1976,USA,Gasoline,Rear-wheel drive,3,2090,6,,4280,16.9,28.1
5108,1996,USA,Gasoline,Rear-wheel drive,4,2240,6,266.0,4360,20.1,26.9
5109,2019,USA,Gasoline,All-wheel drive,3,2080,6,254.0,4380,20.6,29.5
5110,1980,Europe,Hybrid,All-wheel drive,5,2120,6,,4320,21.1,29.0
5111,1975,Europe,Gasoline,Rear-wheel drive,5,2280,6,237.0,4340,18.9,25.3
5112,2022,Europe,Diesel,Front-wheel drive,4,1880,5,228.0,3820,19.5,38.2
5113,2021,Europe,Gasoline,Rear-wheel drive,4,2280,6,228.0,4310,19.6,32.1
5114,2002,USA,Gasoline,Front-wheel drive,4,2100,6,252.0,3990,18.0,29.2
5115,2000,USA,Diesel,Front-wheel drive,3,2030,5,239.0,3850,18.7,31.0
5116,2008,Europe,Gasoline,All-wheel drive,2,2050,5,230.0,4200,18.1,29.9
5117,1981,Asia,Gasoline,Rear-wheel drive,4,2460,6,267.0,4580,19.6,25.4
5118,1984,USA,Diesel,Front-wheel drive,3,2600,7,307.0,4700,19.5,28.3
5119,2004,USA,Gasoline,Front-wheel drive,3,2280,6,255.0,4400,17.2,31.6
5120,2018,Europe,Diesel,Front-wheel drive,4,2170,6,260.0,3910,18.9,36.2
5121,2013,USA,Diesel,Front-wheel drive,3,2550,7,297.0,4550,18.0,33.0
5122,1990,Europe,Gasoline,Front-wheel drive,2,2380,7,270.0,4770,17.8,26.3
5123,1998,Europe,Gasoline,Front-wheel drive,3,2410,6,274.0,4220,18.6,30.7
5124,2022,Asia,Gasoline,Front-wheel drive,4,1980,5,233.0,4060,18.9,32.9
5125,1983,Asia,Gasoline,Front-wheel drive,3,3020,8,334.0,5200,19.6,25.1
5126,1986,Asia,Gasoline,Front-wheel drive,5,2240,6,251.0,4540,20.6,31.6
5127,1994,USA,Gasoline,Rear-wheel drive,4,2360,7,259.0,4450,19.6,23.0
5128,1985,Asia,Gasoline,Rear-wheel drive,3,2310,6,,4300,19.5,26.5
5129,2011,Asia,Gasoline,Front-wheel drive,2,2030,6,206.0,3910,18.6,34.3
5130,1991,Europe,Gasoline,All-wheel drive,3,2190,6,248.0,4320,20.1,27.2
5131,2005,Europe,Gasoline,Rear-wheel drive,4,2020,5,219.0,3870,18.7,30.0
5132,1981,Asia,Gasoline,Front-wheel drive,5,2110,6,,3930,20.7,32.6
5133,2011,USA,Diesel,Front-wheel drive,2,2400,6,268.0,4490,19.6,32.4
5134,1992,USA,Gasoline,Front-wheel drive,2,1990,6,239.0,4110,20.2,26.6
5135,1980,Europe,Gasoline,Front-wheel drive,4,2120,6,232.0,4020,20.5,26.4
5136,2009,Asia,Hybrid,Front-wheel drive,5,2440,6,233.0,4390,19.9,33.9
5137,2023,Asia,Gasoline,Front-wheel drive,2,2090,5,226.0,3690,18.5,35.4
5138,2018,USA,Gasoline,Front-wheel drive,4,2320,6,254.0,4460,20.2,30.9
5139,1994,Asia,Gasoline,All-wheel drive,3,2180,6,233.0,4550,18.2,33.7
5140,1984,Asia,Gasoline,Front-wheel drive,3,2430,7,,4340,17.7,27.9
5141,1997,Europe,Gasoline,Rear-wheel drive,3,2650,7,,4700,19.0,26.5
5142,2012,Europe,Gasoline,Front-wheel drive,3,2130,6,232.0,3900,18.5,34.5
5143,2000,Europe,Gasoline,Rear-wheel drive,4,2310,6,237.0,4390,20.7,27.6
5144,2003,Asia,Gasoline,Front-wheel drive,4,2430,6,266.0,4160,18.9,33.6
5145,2022,Europe,Gasoline,Front-wheel drive,5,2460,6,278.0,4450,18.4,30.4
5146,2018,USA,Gasoline,Front-wheel drive,4,1940,5,202.0,3730,18.9,33.3
5147,1996,Europe,Gasoline,Front-wheel drive,4,2150,6,214.0,4080,18.9,31.0
5148,1978,Europe,Diesel,Front-wheel drive,4,2280,6,249.0,4350,21.2,29.9
5149,1983,Asia,Gasoline,Front-wheel drive,3,2190,6,234.0,4040,15.9,29.8
5150,1997,Asia,Diesel,All-wheel drive,4,2560,7,308.0,4740,18.9,30.0
5151,2019,USA,Gasoline,Front-wheel drive,3,2140,6,269.0,4180,18.1,30.1
5152,2009,USA,Diesel,Rear-wheel drive,4,2160,6,269.0,4590,19.6,30.9
5153,1981,USA,Gasoline,Rear-wheel drive,3,2390,6,254.0,4700,21.3,28.1
5154,1984,Europe,Diesel,Front-wheel drive,2,2280,6,247.0,3890,19.5,30.7
5155,1976,Asia,Gasoline,All-wheel drive,5,2670,7,,4900,19.5,21.3
5156,1986,USA,Gasoline,Front-wheel drive,3,2330,6,251.0,4260,18.0,26.7
5157,2020,Europe,Diesel,Front-wheel drive,4,1970,6,252.0,3840,18.8,35.8
5158,2010,Asia,Gasoline,Front-wheel drive,4,2210,6,235.0,4200,17.5,32.2
5159,2006,USA,Gasoline,All-wheel drive,5,2330,6,280.0,4570,20.0,29.8
5160,1992,Asia,Gasoline,All-wheel drive,3,2250,6,253.0,4120,17.2,29.5
5161,2022,Asia,Gasoline,Front-wheel drive,4,2400,6,250.0,4390,18.4,31.8
5162,1986,Europe,Gasoline,All-wheel drive,2,2480,7,273.0,4840,20.6,25.3
5163,1982,Asia,Gasoline,Front-wheel drive,3,2200,6,248.0,4060,18.6,29.7
5164,2014,USA,Gasoline,All-wheel drive,3,2430,6,258.0,4610,17.8,31.3
5165,1996,USA,Gasoline,Front-wheel drive,2,2300,6,268.0,4170,20.3,29.4
5166,2005,USA,Diesel,Front-wheel drive,5,2220,6,258.0,4300,18.8,30.2
5167,1994,Europe,Gasoline,Rear-wheel drive,3,2440,6,275.0,4520,20.1,31.7
5168,2017,USA,Gasoline,Front-wheel drive,3,2230,6,243.0,4260,18.5,31.9
5169,1995,Asia,Gasoline,Front-wheel drive,3,2430,7,261.0,4630,20.1,28.4
5170,2022,Asia,Gasoline,Front-wheel drive,4,1890,5,219.0,3860,19.1,30.6
5171,1997,USA,Diesel,All-wheel drive,3,2480,7,305.0,4600,19.4,30.2
5172,2001,Europe,Gasoline,Front-wheel drive,4,2280,6,265.0,4070,17.6,32.1
5173,1982,USA,Gasoline,Front-wheel drive,3,2510,6,280.0,4560,18.0,25.8
5174,1992,USA,Gasoline,Rear-wheel drive,3,2390,7,281.0,4610,18.7,27.4
5175,2011,USA,Diesel,Rear-wheel drive,4,2290,6,255.0,4510,19.9,28.1
5176,2016,USA,Diesel,Rear-wheel drive,5,2340,6,247.0,4720,20.8,31.9
5177,2012,USA,Hybrid,Rear-wheel drive,5,2490,7,289.0,4700,21.2,33.2
5178,2001,Europe,Gasoline,Rear-wheel drive,3,2190,6,239.0,4120,17.5,31.4
5179,2013,USA,Gasoline,Front-wheel drive,3,1940,5,226.0,3900,19.3,28.6
5180,1975,Asia,Gasoline,All-wheel drive,2,1880,5,,4080,18.7,28.2
5181,2021,USA,Gasoline,Front-wheel drive,5,1990,5,241.0,4130,16.9,32.1
5182,2007,Europe,Diesel,Front-wheel drive,4,2130,6,250.0,4020,19.5,35.5
5183,1982,Asia,Gasoline,Front-wheel drive,4,2220,6,228.0,3950,17.2,30.1
5184,1993,Asia,Diesel,Rear-wheel drive,4,2270,6,252.0,4330,18.3,27.5
5185,1977,USA,Gasoline,Front-wheel drive,5,2300,6,,4400,20.1,26.1
5186,1980,Asia,Gasoline,Front-wheel drive,4,1910,5,200.0,4180,19.3,30.5
5187,1986,USA,Gasoline,Front-wheel drive,5,2540,7,276.0,4640,20.4,24.7
5188,1992,Europe,Gasoline,Front-wheel drive,2,2200,6,230.0,3950,19.3,28.4
5189,1979,USA,Gasoline,All-wheel drive,4,2170,5,232.0,4300,17.4,26.9
5190,2000,USA,Gasoline,All-wheel drive,3,2210,6,260.0,4200,16.5,28.4
5191,2000,Asia,Gasoline,All-wheel drive,4,2160,6,231.0,4180,18.4,25.5
5192,1993,USA,Hybrid,Front-wheel drive,2,2430,6,278.0,4360,19.9,33.3
5193,2016,Asia,Gasoline,Front-wheel drive,3,2380,6,274.0,4200,16.4,31.0
5194,1995,Europe,Gasoline,Rear-wheel drive,3,2330,7,265.0,4480,18.9,27.4
5195,2010,Europe,Hybrid,Front-wheel drive,3,2270,6,248.0,4180,18.5,36.1
5196,1981,Asia,Gasoline,All-wheel drive,3,2120,5,,4010,16.6,28.0
5197,2004,Europe,Gasoline,Front-wheel drive,4,2170,6,265.0,4090,18.2,30.4
5198,2012,Asia,Gasoline,Front-wheel drive,3,2180,6,266.0,4170,17.0,31.6
5199,2007,Europe,Gasoline,Front-wheel drive,5,2440,6,269.0,4640,19.2,31.1
5200,2018,USA,Gasoline,Front-wheel drive,3,2190,6,248.0,4080,18.8,28.1
5201,2019,USA,Gasoline,Front-wheel drive,5,2270,6,270.0,4430,18.7,29.4
5202,2014,USA,Diesel,Rear-wheel drive,2,2640,6,297.0,4330,19.6,30.0
5203,1983,USA,Gasoline,Front-wheel drive,4,2480,6,282.0,4380,20.3,25.5
5204,2021,Asia,Gasoline,Front-wheel drive,5,2340,7,273.0,4440,18.9,30.7
5205,1999,Asia,Gasoline,Front-wheel drive,4,2210,6,231.0,4220,19.2,29.5
5206,2008,Asia,Gasoline,Front-wheel drive,3,2470,6,245.0,4360,17.9,29.8
5207,2023,Asia,Gasoline,All-wheel drive,3,2190,6,224.0,4190,19.8,32.0
5208,1984,USA,Gasoline,Front-wheel drive,4,2010,6,249.0,4220,19.0,25.3
5209,1992,USA,Gasoline,Front-wheel drive,2,2570,6,287.0,4460,20.6,28.7
5210,1975,USA,Diesel,Front-wheel drive,3,2150,5,267.0,4170,18.1,27.2
5211,2006,USA,Gasoline,Front-wheel drive,4,2440,6,274.0,4430,17.8,27.0
5212,2008,Asia,Gasoline,All-wheel drive,2,2330,6,255.0,4250,19.4,27.1
5213,1983,USA,Gasoline,Front-wheel drive,3,2580,7,301.0,4280,19.1,27.6
5214,1984,USA,Gasoline,Front-wheel drive,2,2310,6,260.0,4010,19.7,28.9
5215,1988,USA,Gasoline,Front-wheel drive,2,2420,6,249.0,4360,20.0,29.1
5216,2019,Asia,Diesel,Front-wheel drive,5,2370,7,269.0,4540,18.8,35.5
5217,2000,Asia,Diesel,All-wheel drive,5,2370,6,250.0,4670,18.2,31.8
5218,1995,USA,Gasoline,Rear-wheel drive,4,2180,5,247.0,4270,20.1,28.8
5219,2006,USA,Gasoline,Front-wheel drive,2,2230,6,258.0,3950,18.1,29.6
5220,1998,Europe,Gasoline,Rear-wheel drive,3,2020,5,224.0,4030,18.8,28.7
5221,1990,USA,Gasoline,All-wheel drive,4,2390,6,265.0,4790,21.1,26.5
5222,2014,Europe,Diesel,Front-wheel drive,3,2310,6,264.0,4300,18.6,31.7
5223,1995,USA,Gasoline,Front-wheel drive,2,2480,7,284.0,4520,17.6,27.2
5224,1997,USA,Gasoline,All-wheel drive,3,2260,6,249.0,4620,21.7,27.3
5225,1977,USA,Gasoline,Front-wheel drive,5,2300,6,,4250,20.2,24.9
5226,1989,Europe,Gasoline,Front-wheel drive,3,2160,6,254.0,4030,19.2,31.3
5227,2021,Asia,Gasoline,Rear-wheel drive,5,2250,6,256.0,4670,19.9,31.2
5228,2004,USA,Gasoline,Front-wheel drive,4,2050,6,257.0,4020,17.3,31.2
5229,1986,Europe,Gasoline,Rear-wheel drive,3,2740,7,296.0,4420,19.4,26.8
5230,2009,Asia,Diesel,Front-wheel drive,2,2360,7,262.0,4000,18.3,35.6
5231,1990,Asia,Gasoline,Rear-wheel drive,2,2410,7,250.0,4390,20.9,25.8
5232,1985,USA,Gasoline,Front-wheel drive,5,2420,6,291.0,4360,16.8,29.5
5233,1982,USA,Gasoline,Front-wheel drive,4,2100,5,238.0,4140,18.2,30.3
5234,1993,USA,Diesel,Rear-wheel drive,4,2510,7,281.0,4580,18.3,29.5
5235,2011,USA,Hybrid,Front-wheel drive,2,2330,6,266.0,4320,19.9,33.2
5236,1995,Asia,Hybrid,Front-wheel drive,4,1890,5,229.0,3810,19.8,34.8
5237,1980,Asia,Diesel,Rear-wheel drive,4,2320,6,288.0,4280,19.6,28.7
5238,1996,USA,Gasoline,Rear-wheel drive,4,1970,6,231.0,4130,22.0,29.5
5239,1990,USA,Gasoline,All-wheel drive,4,2650,7,309.0,5080,18.0,22.3
5240,2011,USA,Hybrid,Front-wheel drive,4,2200,6,273.0,4440,19.9,33.2
5241,2003,Europe,Gasoline,All-wheel drive,4,2220,6,225.0,4450,19.8,28.4
5242,2008,Asia,Gasoline,Front-wheel drive,4,1930,5,203.0,3700,17.6,32.5
5243,2016,Asia,Hybrid,Rear-wheel drive,2,2110,6,202.0,4140,18.7,33.6
5244,2000,Europe,Gasoline,Rear-wheel drive,4,2260,6,239.0,4420,18.8,32.4
5245,1994,Asia,Gasoline,Front-wheel drive,3,2340,6,271.0,3850,19.3,31.8
5246,1985,Asia,Gasoline,Front-wheel drive,4,2270,6,246.0,4190,19.4,30.8
5247,1988,Europe,Gasoline,All-wheel drive,3,1860,5,206.0,4020,17.9,27.6
5248,2006,USA,Gasoline,All-wheel drive,4,2180,6,236.0,4370,18.8,27.6
5249,1985,Europe,Gasoline,Front-wheel drive,3,2080,6,221.0,3940,18.4,26.6
5250,2011,USA,Diesel,Front-wheel drive,2,2290,6,275.0,4330,19.2,26.8
5251,1996,USA,Gasoline,Rear-wheel drive,4,2110,5,240.0,4100,17.8,24.1
5252,2016,USA,Gasoline,Rear-wheel drive,3,2260,6,244.0,4310,20.2,29.3
5253,2017,Asia,Gasoline,Rear-wheel drive,3,2130,6,242.0,4340,19.5,27.2
5254,2002,Europe,Diesel,Rear-wheel drive,2,2100,6,245.0,4260,18.0,30.2
5255,1987,Europe,Gasoline,Front-wheel drive,2,1860,5,184.0,3440,19.3,34.7
5256,2004,Europe,Diesel,Front-wheel drive,4,2160,6,261.0,4160,19.2,32.1
5257,2015,Europe,Hybrid,Rear-wheel drive,4,2000,6,217.0,3920,21.7,37.2
5258,2019,Europe,Gasoline,Rear-wheel drive,4,2430,7,259.0,4450,18.8,30.4
5259,2016,USA,Diesel,Rear-wheel drive,4,1990,5,241.0,4000,17.1,31.6
5260,2003,USA,Gasoline,Front-wheel drive,4,2260,6,242.0,4140,17.2,29.2
5261,1996,Europe,Gasoline,Front-wheel drive,5,2270,6,249.0,3930,16.1,34.2
5262,1999,Europe,Gasoline,Rear-wheel drive,2,1920,5,228.0,3960,18.7,28.5
5263,2018,USA,Gasoline,All-wheel drive,3,2380,6,278.0,4710,18.5,27.9
5264,2022,USA,Gasoline,Rear-wheel drive,4,2050,6,219.0,4210,19.9,33.4
5265,2006,Asia,Gasoline,All-wheel drive,5,2210,6,253.0,4620,19.1,27.7
5266,1991,USA,Gasoline,Front-wheel drive,2,2320,6,259.0,3870,17.6,31.1
5267,2011,USA,Diesel,Rear-wheel drive,4,2200,6,283.0,4510,20.0,32.7
5268,1975,Asia,Diesel,Front-wheel drive,4,2240,6,275.0,4330,18.3,28.6
5269,2022,USA,Gasoline,All-wheel drive,2,2200,6,234.0,4690,20.2,31.8
5270,2000,Europe,Diesel,Front-wheel drive,3,2390,6,252.0,4250,17.4,33.2
5271,1978,Europe,Gasoline,Rear-wheel drive,2,2050,5,225.0,4220,18.6,28.2
5272,2022,USA,Gasoline,Rear-wheel drive,3,2240,5,240.0,4210,19.5,29.3
5273,2015,USA,Gasoline,Front-wheel drive,4,2050,5,224.0,4130,20.0,29.4
5274,2014,Europe,Gasoline,Front-wheel drive,4,2190,6,262.0,4280,17.8,29.7
5275,2012,Europe,Gasoline,All-wheel drive,3,1990,5,252.0,4160,,30.6
5276,1991,Asia,Diesel,Front-wheel drive,4,2460,6,287.0,4300,17.5,30.7
5277,1983,Europe,Hybrid,Front-wheel drive,4,2380,7,249.0,4300,19.6,30.8
5278,1990,Asia,Gasoline,Front-wheel drive,3,2220,6,236.0,3800,18.0,30.3
5279,2001,Europe,Gasoline,Front-wheel drive,3,2500,7,295.0,4560,18.2,30.1
5280,1984,USA,Gasoline,All-wheel drive,3,2420,7,274.0,4780,20.1,24.3
5281,1989,USA,Diesel,Front-wheel drive,2,2430,6,281.0,4310,19.7,29.6
5282,1977,USA,Diesel,Front-wheel drive,3,2580,7,304.0,4540,20.6,27.4
5283,1977,Asia,Gasoline,Rear-wheel drive,4,2290,6,254.0,4500,19.0,28.2
5284,2019,Asia,Hybrid,Rear-wheel drive,4,2230,6,244.0,4530,18.4,38.8
5285,1994,USA,Diesel,Front-wheel drive,4,2160,6,269.0,4090,16.4,35.0
5286,1982,USA,Gasoline,All-wheel drive,2,1980,6,223.0,4210,17.5,26.3
5287,2018,Asia,Gasoline,Front-wheel drive,3,2370,6,265.0,4300,19.9,31.5
5288,1999,Asia,Diesel,All-wheel drive,4,2150,6,250.0,4100,19.5,28.2
5289,1994,Asia,Gasoline,All-wheel drive,4,2310,7,249.0,4720,19.5,25.1
5290,1998,Europe,Diesel,Rear-wheel drive,4,2630,7,293.0,4500,17.6,30.8
5291,1984,USA,Gasoline,Front-wheel drive,3,2050,6,248.0,3820,17.1,28.0
5292,1995,USA,Diesel,Front-wheel drive,4,2260,6,270.0,4150,19.1,32.2
5293,2013,USA,Diesel,Front-wheel drive,3,2550,7,310.0,4420,18.1,32.0
5294,2021,Asia,Diesel,Rear-wheel drive,2,2350,7,279.0,4270,17.2,35.0
5295,2014,USA,Gasoline,Front-wheel drive,3,2190,5,239.0,4190,17.6,30.4
5296,2022,Europe,Gasoline,Front-wheel drive,3,2420,6,254.0,4160,17.4,31.3
5297,2008,USA,Gasoline,Front-wheel drive,4,2440,6,239.0,4150,19.9,27.9
5298,1994,USA,Gasoline,Front-wheel drive,4,2350,6,257.0,4260,20.3,28.0
5299,2014,Asia,Gasoline,Front-wheel drive,3,2140,6,241.0,4040,18.2,31.8
5300,2009,Europe,Hybrid,Rear-wheel drive,4,2330,6,258.0,4130,18.7,36.6
5301,1999,Asia,Gasoline,Front-wheel drive,4,2350,6,262.0,4380,20.5,32.7
5302,2018,Asia,Diesel,Front-wheel drive,5,2400,7,273.0,4550,19.8,33.5
5303,2009,Europe,Diesel,All-wheel drive,2,2130,5,255.0,4130,17.2,32.0
5304,2003,USA,Hybrid,All-wheel drive,5,2330,6,246.0,4880,16.7,34.4
5305,2016,USA,Hybrid,Rear-wheel drive,3,2170,6,230.0,4370,17.7,35.3
5306,1989,Asia,Gasoline,All-wheel drive,4,2110,6,227.0,4050,18.4,31.1
5307,1976,Asia,Diesel,Rear-wheel drive,5,2360,6,247.0,4560,17.8,28.0
5308,1994,Europe,Gasoline,Rear-wheel drive,4,2280,6,241.0,4320,,28.4
5309,1979,Asia,Gasoline,Front-wheel drive,3,2230,6,,4040,17.7,29.1
5310,2001,Asia,Gasoline,Rear-wheel drive,4,2620,6,254.0,4600,18.8,26.7
5311,1996,USA,Gasoline,Rear-wheel drive,3,2230,6,252.0,4050,18.6,29.2
5312,1976,Asia,Gasoline,Rear-wheel drive,4,2380,6,235.0,4360,21.1,27.7
5313,2002,USA,Diesel,Front-wheel drive,3,2300,6,253.0,4180,19.9,31.5
5314,2004,USA,Gasoline,Rear-wheel drive,3,2440,6,271.0,4520,16.8,29.7
5315,1976,Europe,Diesel,Front-wheel drive,3,2080,6,238.0,3950,17.2,30.7
5316,2010,Asia,Gasoline,Front-wheel drive,3,2200,6,252.0,3920,17.3,30.7
5317,2022,USA,Gasoline,Rear-wheel drive,5,2260,6,259.0,4230,17.1,30.3
5318,2002,USA,Gasoline,All-wheel drive,3,2340,6,244.0,4610,19.8,25.5
5319,1999,USA,Gasoline,Rear-wheel drive,4,2900,7,316.0,5050,20.0,22.1
5320,2019,Europe,Gasoline,All-wheel drive,4,2510,7,270.0,4360,18.0,32.0
5321,1990,Europe,Gasoline,Front-wheel drive,4,2330,6,259.0,4060,15.9,30.6
5322,2008,Asia,Hybrid,All-wheel drive,4,2400,6,256.0,4320,18.2,32.8
5323,2014,USA,Gasoline,All-wheel drive,4,2210,6,251.0,4690,20.2,29.1
5324,2022,Europe,Gasoline,All-wheel drive,3,2130,6,256.0,4190,19.2,33.8
5325,2014,USA,Gasoline,Front-wheel drive,4,2180,6,254.0,4350,19.3,28.7
5326,2016,USA,Gasoline,Front-wheel drive,3,2210,6,253.0,4240,20.5,30.7
5327,1992,Europe,Gasoline,Front-wheel drive,3,2140,6,246.0,3950,19.5,26.9
5328,2004,Europe,Gasoline,Rear-wheel drive,5,2260,6,257.0,4430,19.5,31.2
5329,1988,USA,Hybrid,All-wheel drive,5,2230,5,251.0,4560,19.2,31.4
5330,2005,Asia,Gasoline,Front-wheel drive,4,2410,7,315.0,4350,15.3,31.4
5331,1986,Europe,Gasoline,Front-wheel drive,3,2340,7,244.0,4290,17.8,29.6
5332,2012,USA,Gasoline,Front-wheel drive,4,2310,6,279.0,4240,16.9,31.7
5333,1999,Europe,Gasoline,Rear-wheel drive,5,2460,6,268.0,4490,18.4,28.2
5334,1978,USA,Diesel,All-wheel drive,4,1920,5,250.0,4280,20.3,31.7
5335,1997,USA,Gasoline,Front-wheel drive,2,2290,6,258.0,4080,17.4,28.1
5336,1978,USA,Diesel,All-wheel drive,5,2510,6,293.0,4830,19.0,27.6
5337,1979,Asia,Gasoline,Front-wheel drive,2,2180,6,252.0,3990,18.6,26.7
5338,1998,Europe,Diesel,Rear-wheel drive,4,2300,6,269.0,4390,20.6,32.8
5339,2024,Europe,Gasoline,Rear-wheel drive,5,2770,6,286.0,4800,19.7,28.7
5340,1996,USA,Gasoline,Rear-wheel drive,2,2420,6,282.0,4350,20.2,29.0
5341,2017,Asia,Gasoline,Front-wheel drive,5,2260,6,248.0,4130,18.7,34.7
5342,1982,USA,Gasoline,Front-wheel drive,4,2280,6,258.0,4560,19.8,25.6
5343,1981,Asia,Gasoline,Rear-wheel drive,2,2000,6,,3890,18.1,29.2
5344,2018,Asia,Gasoline,Front-wheel drive,4,1970,5,217.0,3950,22.4,35.1
5345,1976,Europe,Gasoline,Front-wheel drive,3,2250,6,,4190,,29.9
5346,1988,Europe,Gasoline,Front-wheel drive,3,2380,6,253.0,4610,18.9,28.3
5347,1980,USA,Gasoline,Front-wheel drive,2,2610,7,299.0,4450,18.2,26.9
5348,2021,USA,Diesel,Front-wheel drive,4,2080,5,240.0,4320,19.4,31.0
5349,2004,Europe,Gasoline,Front-wheel drive,5,2250,6,236.0,4070,18.8,28.8
5350,2004,Asia,Gasoline,Front-wheel drive,5,2230,6,250.0,4320,21.3,30.6
5351,2018,Asia,Hybrid,All-wheel drive,3,1990,6,,4250,18.4,34.7
5352,1995,Europe,Gasoline,Rear-wheel drive,2,2020,5,252.0,4040,20.3,31.6
5353,1987,Europe,Gasoline,Front-wheel drive,5,2190,6,253.0,4390,18.8,27.1
5354,1997,USA,Hybrid,Rear-wheel drive,4,2230,6,244.0,4300,21.0,31.1
5355,1984,USA,Gasoline,Rear-wheel drive,3,2360,6,,4320,18.5,27.7
5356,2007,Asia,Hybrid,Rear-wheel drive,3,2350,6,256.0,4700,19.5,31.9
5357,1994,Europe,Gasoline,Front-wheel drive,3,2300,6,260.0,4160,16.4,33.6
5358,1999,Asia,Gasoline,All-wheel drive,2,2270,6,237.0,4260,19.0,30.6
5359,2002,Asia,Diesel,Front-wheel drive,3,1880,6,211.0,3670,19.5,33.0
5360,1975,Asia,Gasoline,All-wheel drive,3,2330,6,,4530,20.1,23.4
5361,2018,Asia,Diesel,Front-wheel drive,5,2320,6,261.0,4420,17.7,32.4
5362,2014,Europe,Gasoline,Front-wheel drive,4,2270,6,233.0,3960,18.2,30.5
5363,1988,USA,Gasoline,Rear-wheel drive,5,3110,8,325.0,5460,20.4,20.5
5364,1988,USA,Gasoline,All-wheel drive,3,2100,6,251.0,4220,17.2,28.8
5365,2014,Asia,Diesel,Rear-wheel drive,2,2190,6,258.0,4080,19.4,33.4
5366,2008,USA,Diesel,Front-wheel drive,4,2470,6,290.0,4420,19.6,27.0
5367,1986,Asia,Gasoline,Rear-wheel drive,5,2050,6,233.0,4410,18.5,27.9
5368,2012,Europe,Gasoline,Front-wheel drive,3,2150,6,223.0,4270,17.3,33.6
5369,2017,USA,Diesel,Front-wheel drive,4,2290,6,271.0,4310,19.7,32.6
5370,2024,Europe,Gasoline,All-wheel drive,3,2300,6,271.0,4470,20.3,30.3
5371,2010,Europe,Gasoline,Front-wheel drive,4,2340,6,247.0,4270,18.1,29.9
5372,1993,Europe,Diesel,Front-wheel drive,4,2300,6,252.0,4010,17.2,31.6
5373,2004,Europe,Gasoline,All-wheel drive,5,2310,6,261.0,4590,18.3,31.2
5374,1999,USA,Gasoline,Rear-wheel drive,3,2160,6,223.0,4670,19.2,29.1
5375,2007,Asia,Gasoline,Front-wheel drive,4,2340,6,246.0,4170,19.8,29.0
5376,2019,USA,Gasoline,Front-wheel drive,3,2480,7,311.0,4280,18.5,31.7
5377,1978,Asia,Gasoline,Front-wheel drive,4,2460,6,,4380,18.5,25.4
5378,1990,USA,Gasoline,Front-wheel drive,5,2430,6,271.0,4440,17.8,28.1
5379,1993,USA,Gasoline,Front-wheel drive,4,2080,6,242.0,4250,17.6,27.0
5380,1990,Europe,Gasoline,Front-wheel drive,3,2360,6,251.0,4280,21.0,29.0
5381,1999,Europe,Gasoline,Rear-wheel drive,4,2640,7,286.0,4870,19.7,29.9
5382,2011,USA,Gasoline,Front-wheel drive,2,2030,6,261.0,4020,17.7,28.9
5383,2013,Asia,Gasoline,All-wheel drive,3,2210,6,231.0,4160,17.7,30.7
5384,1992,USA,Gasoline,Rear-wheel drive,5,1930,6,230.0,4170,19.3,28.8
5385,2005,Europe,Gasoline,Front-wheel drive,5,2050,5,238.0,3840,18.9,31.3
5386,2002,USA,Gasoline,Front-wheel drive,2,2090,5,218.0,3810,16.8,32.3
5387,2000,USA,Gasoline,Front-wheel drive,5,2150,6,236.0,4240,18.5,29.2
5388,1982,Europe,Gasoline,All-wheel drive,3,2390,6,257.0,4340,18.4,29.1
5389,1978,USA,Gasoline,Rear-wheel drive,4,2520,6,276.0,4840,18.9,21.8
5390,2013,Europe,Gasoline,All-wheel drive,3,2430,6,246.0,4660,19.4,30.1
5391,2015,Europe,Gasoline,Front-wheel drive,5,2100,6,230.0,4120,20.0,32.1
5392,2008,Asia,Diesel,Rear-wheel drive,5,2180,5,245.0,4510,18.5,28.3
5393,2017,Europe,Diesel,Front-wheel drive,4,2180,6,250.0,4130,19.5,34.6
5394,1995,Europe,Hybrid,Rear-wheel drive,4,2080,6,235.0,4250,18.8,34.2
5395,2010,USA,Hybrid,Front-wheel drive,4,2160,6,259.0,3990,19.6,34.4
5396,2002,Asia,Gasoline,All-wheel drive,5,2530,7,266.0,4770,19.1,29.3
5397,1999,Europe,Gasoline,All-wheel drive,3,2700,7,287.0,4630,18.7,26.1
5398,1987,USA,Diesel,Front-wheel drive,3,2320,5,278.0,3960,16.9,28.1
5399,2017,Asia,Gasoline,Front-wheel drive,5,2250,6,241.0,4330,20.6,31.7
5400,1982,USA,Gasoline,Rear-wheel drive,3,2090,6,,4330,17.4,27.1
5401,1998,Europe,Gasoline,All-wheel drive,5,1980,5,205.0,4210,19.5,31.1
5402,2021,Europe,Gasoline,Rear-wheel drive,5,2340,6,263.0,4270,17.8,32.5
5403,1976,USA,Diesel,Front-wheel drive,2,2300,6,270.0,4210,18.3,28.5
5404,2021,Europe,Gasoline,All-wheel drive,5,2380,6,246.0,4490,19.6,29.3
5405,2017,Europe,Diesel,Front-wheel drive,4,2210,6,238.0,4210,22.2,34.7
5406,1975,Europe,Diesel,All-wheel drive,5,2280,6,262.0,4490,20.6,26.5
5407,1998,USA,Gasoline,Front-wheel drive,4,1990,5,243.0,4220,19.1,26.9
5408,1983,Asia,Gasoline,Front-wheel drive,4,2110,6,252.0,4220,19.3,30.5
5409,2014,Europe,Hybrid,Rear-wheel drive,4,2390,6,248.0,4270,19.5,36.0
5410,1986,USA,Hybrid,All-wheel drive,5,2410,6,267.0,4500,19.2,28.3
5411,1992,Europe,Diesel,Front-wheel drive,4,2260,6,270.0,4240,17.9,30.3
5412,2006,USA,Gasoline,Front-wheel drive,4,2400,7,298.0,4560,18.9,29.9
5413,2004,Asia,Gasoline,Front-wheel drive,2,1860,5,195.0,3720,19.0,32.6
5414,1976,Asia,Gasoline,Front-wheel drive,3,2140,5,,4260,21.7,29.2
5415,1989,Europe,Gasoline,Front-wheel drive,2,2380,6,270.0,4320,18.8,28.6
5416,2019,USA,Gasoline,Rear-wheel drive,3,1960,5,226.0,4120,19.8,30.2
5417,2013,Asia,Gasoline,Rear-wheel drive,2,1930,6,240.0,4020,20.2,33.4
5418,2017,Asia,Gasoline,Rear-wheel drive,5,2170,6,246.0,4670,19.0,32.8
5419,1989,Asia,Gasoline,Front-wheel drive,3,2370,6,268.0,4180,19.6,28.7
5420,2006,USA,Hybrid,Front-wheel drive,4,2290,6,251.0,4550,21.1,34.6
5421,2007,Europe,Hybrid,Rear-wheel drive,5,1860,5,208.0,4070,19.0,33.2
5422,1994,Europe,Gasoline,All-wheel drive,3,2410,6,269.0,4360,18.8,30.4
5423,1989,Asia,Gasoline,All-wheel drive,4,2410,7,244.0,4510,17.6,26.6
5424,1992,Europe,Diesel,Rear-wheel drive,4,2340,6,270.0,4290,17.9,28.8
5425,1980,Asia,Gasoline,Front-wheel drive,3,2130,5,,4110,18.0,27.2
5426,1982,USA,Gasoline,All-wheel drive,3,2530,6,293.0,4570,20.1,26.0
5427,1989,USA,Gasoline,Rear-wheel drive,2,2210,6,262.0,4230,18.0,26.0
5428,2007,Asia,Gasoline,All-wheel drive,4,2100,5,239.0,4460,17.2,30.9
5429,1983,Asia,Gasoline,Rear-wheel drive,2,2020,5,219.0,3700,18.7,29.3
5430,2015,USA,Gasoline,Rear-wheel drive,4,2380,6,274.0,4480,18.2,32.7
5431,2002,Europe,Diesel,Front-wheel drive,3,2640,7,301.0,4340,17.5,30.1
5432,2013,Asia,Gasoline,Front-wheel drive,4,2110,6,234.0,4150,19.8,31.6
5433,2021,USA,Gasoline,Front-wheel drive,3,2000,5,235.0,3830,18.7,35.3
5434,2021,Europe,Hybrid,Rear-wheel drive,5,2410,6,267.0,4400,18.4,35.3
5435,1989,USA,Gasoline,Rear-wheel drive,3,2430,7,275.0,4470,16.4,25.4
5436,1975,USA,Gasoline,All-wheel drive,3,2480,7,,4810,19.5,20.9
5437,1992,Europe,Gasoline,Rear-wheel drive,4,2210,6,229.0,4270,18.5,33.5
5438,1980,USA,Gasoline,Front-wheel drive,3,2140,6,,3760,15.5,26.3
5439,1981,USA,Gasoline,Front-wheel drive,3,2140,6,257.0,3800,18.2,29.2
5440,2014,Europe,Gasoline,Front-wheel drive,2,2550,6,260.0,4470,18.0,27.7
5441,2020,Asia,Gasoline,Rear-wheel drive,3,2260,6,255.0,4500,20.0,30.4
5442,2009,USA,Diesel,Front-wheel drive,4,2460,6,284.0,4420,19.0,30.4
5443,2000,USA,Gasoline,Front-wheel drive,2,2360,6,269.0,4290,17.9,28.5
5444,2017,USA,Gasoline,Front-wheel drive,3,1910,5,213.0,3910,17.2,32.2
5445,2006,Europe,Gasoline,All-wheel drive,2,2030,5,228.0,3980,,32.2
5446,2016,Europe,Diesel,All-wheel drive,4,2060,6,222.0,4200,20.4,35.9
5447,1982,Europe,Gasoline,Rear-wheel drive,4,1940,5,,4080,18.2,29.7
5448,1979,USA,Gasoline,All-wheel drive,2,2050,6,,4160,19.4,24.7
5449,1989,USA,Gasoline,Front-wheel drive,3,1860,5,217.0,3730,18.1,27.3
5450,1996,USA,Gasoline,Front-wheel drive,5,2330,6,268.0,4300,20.6,25.7
5451,1996,Europe,Gasoline,Front-wheel drive,4,2490,7,292.0,4090,,27.5
5452,1991,Asia,Gasoline,Front-wheel drive,5,2250,6,255.0,4110,20.0,28.6
5453,1991,Europe,Gasoline,All-wheel drive,4,2290,6,245.0,4470,20.2,26.5
5454,1999,Asia,Diesel,Rear-wheel drive,4,2140,6,249.0,4270,18.9,30.9
5455,1988,Europe,Gasoline,All-wheel drive,4,2190,5,244.0,4480,,26.5
5456,2005,Asia,Gasoline,Rear-wheel drive,4,2410,6,243.0,4580,19.7,27.1
5457,1980,USA,Hybrid,Front-wheel drive,2,2160,6,253.0,4020,19.8,33.7
5458,2021,USA,Gasoline,Rear-wheel drive,3,2460,6,278.0,4630,18.4,29.4
5459,2008,Asia,Gasoline,Front-wheel drive,4,2350,6,,4350,18.5,30.7
5460,2012,Europe,Hybrid,Front-wheel drive,3,2250,6,250.0,4120,16.6,37.1
5461,1985,Asia,Gasoline,Front-wheel drive,3,2110,6,231.0,4120,17.7,31.5
5462,2007,Asia,Gasoline,Rear-wheel drive,2,2320,6,265.0,4260,17.3,30.2
5463,2011,USA,Gasoline,Rear-wheel drive,4,2100,6,258.0,4060,16.7,29.0
5464,1983,USA,Diesel,Front-wheel drive,5,2190,6,275.0,4390,19.1,31.1
5465,1988,Europe,Gasoline,All-wheel drive,4,2110,6,,4150,19.7,29.4
5466,2015,Asia,Diesel,Front-wheel drive,5,1990,5,206.0,4010,21.1,36.3
5467,1996,Europe,Gasoline,All-wheel drive,3,2380,6,264.0,4560,18.2,24.9
5468,2001,Asia,Diesel,Rear-wheel drive,5,2140,5,234.0,4500,22.3,31.2
5469,1996,USA,Diesel,All-wheel drive,4,2390,6,284.0,4630,20.7,29.6
5470,1981,USA,Hybrid,Front-wheel drive,4,2370,6,,4330,19.0,29.5
5471,2013,Europe,Gasoline,Rear-wheel drive,2,2480,6,245.0,4330,18.7,31.6
5472,1987,USA,Gasoline,All-wheel drive,3,2240,6,266.0,4240,16.9,26.7
5473,2010,USA,Hybrid,Front-wheel drive,5,2050,5,224.0,4250,17.6,36.9
5474,2022,USA,Gasoline,Front-wheel drive,4,2220,6,245.0,4080,18.0,31.3
5475,1993,USA,Diesel,Front-wheel drive,2,2070,6,256.0,4300,19.0,32.3
5476,1982,USA,Gasoline,Front-wheel drive,2,2570,7,281.0,4250,19.9,26.7
5477,2015,USA,Diesel,Front-wheel drive,5,2500,6,279.0,4550,18.1,29.5
5478,2001,USA,Gasoline,Front-wheel drive,5,2250,6,244.0,4240,18.8,29.8
5479,2014,USA,Gasoline,All-wheel drive,2,2360,6,282.0,4390,20.0,28.2
5480,2010,USA,Diesel,Front-wheel drive,4,2030,5,252.0,4030,19.5,31.6
5481,2011,Asia,Gasoline,Front-wheel drive,3,2020,5,226.0,3830,18.4,33.3
5482,2000,Europe,Gasoline,Rear-wheel drive,2,2060,6,232.0,3890,16.3,30.5
5483,1979,USA,Gasoline,All-wheel drive,3,2370,6,272.0,4240,19.3,24.5
5484,2014,USA,Gasoline,All-wheel drive,4,2510,6,271.0,4760,19.6,28.2
5485,2007,Europe,Diesel,Front-wheel drive,3,2140,6,229.0,3980,19.0,32.2
5486,2023,Asia,Diesel,Front-wheel drive,3,1980,5,226.0,3840,17.9,37.2
5487,1999,USA,Gasoline,All-wheel drive,4,2250,6,269.0,4420,20.1,27.8
5488,1993,Europe,Gasoline,Rear-wheel drive,4,2660,7,270.0,4860,20.5,27.1
5489,1996,USA,Gasoline,Front-wheel drive,2,2280,6,265.0,4330,19.3,29.5
5490,2016,USA,Gasoline,Front-wheel drive,3,2060,6,255.0,3980,19.0,33.3
5491,1997,USA,Hybrid,All-wheel drive,4,2250,6,261.0,4620,19.0,31.6
5492,2012,USA,Gasoline,Front-wheel drive,4,2030,6,215.0,4210,19.6,29.5
5493,2007,Asia,Diesel,Rear-wheel drive,4,2260,6,255.0,4470,20.2,33.0
5494,1981,USA,Hybrid,Front-wheel drive,4,2180,6,,4480,19.1,32.7
5495,2012,Europe,Gasoline,All-wheel drive,2,2130,6,226.0,4080,18.8,30.2
5496,1984,Europe,Gasoline,Front-wheel drive,4,2290,6,253.0,4210,21.2,31.2
5497,1994,USA,Diesel,Front-wheel drive,4,1730,5,228.0,3870,18.0,34.8
5498,1985,Asia,Gasoline,Front-wheel drive,5,2070,6,237.0,3900,19.9,29.3
5499,1978,Asia,Gasoline,All-wheel drive,4,2070,6,,4290,21.0,28.6
5500,1992,Asia,Gasoline,Front-wheel drive,5,2300,6,249.0,4430,19.0,28.6
5501,2014,USA,Gasoline,Front-wheel drive,4,2010,5,236.0,3780,17.4,28.4
5502,1995,Europe,Gasoline,Rear-wheel drive,2,2680,7,281.0,4480,20.1,27.6
5503,1988,Asia,Gasoline,Front-wheel drive,3,2310,7,257.0,4230,20.1,29.0
5504,1990,USA,Diesel,Rear-wheel drive,3,2410,6,283.0,4430,18.0,31.5
5505,2019,USA,Diesel,Rear-wheel drive,5,2140,6,273.0,4300,18.5,29.8
5506,1988,Europe,Gasoline,Front-wheel drive,4,2640,7,286.0,4570,18.8,29.9
5507,2024,Europe,Gasoline,Front-wheel drive,3,1980,5,242.0,4150,17.2,33.3
5508,1989,Europe,Gasoline,Front-wheel drive,2,2190,6,239.0,3800,,27.7
5509,1985,Asia,Gasoline,Front-wheel drive,5,2340,6,256.0,4170,17.6,26.4
5510,2023,USA,Gasoline,All-wheel drive,3,2320,6,279.0,4250,18.6,30.0
5511,1979,USA,Gasoline,Rear-wheel drive,2,2220,6,242.0,4150,20.4,26.8
5512,2002,USA,Gasoline,Front-wheel drive,3,2090,5,219.0,3930,18.0,28.9
5513,1998,USA,Gasoline,All-wheel drive,3,2430,6,281.0,4380,18.1,26.1
5514,2005,USA,Gasoline,Rear-wheel drive,2,2100,5,233.0,4060,19.1,30.2
5515,2006,Asia,Gasoline,Front-wheel drive,3,2380,6,246.0,4280,18.5,28.8
5516,2017,USA,Diesel,Front-wheel drive,5,2240,6,283.0,4540,18.9,32.7
5517,2002,Asia,Gasoline,Front-wheel drive,4,2300,6,225.0,4170,19.0,31.6
5518,2010,USA,Gasoline,Rear-wheel drive,3,2370,7,275.0,4610,18.5,26.6
5519,1989,USA,Gasoline,Front-wheel drive,4,2090,6,234.0,3880,18.3,32.2
5520,2018,Asia,Gasoline,Front-wheel drive,3,2210,6,226.0,3920,18.6,33.8
5521,2022,USA,Gasoline,Front-wheel drive,2,2220,6,255.0,4140,19.0,28.1
5522,1983,Europe,Gasoline,All-wheel drive,5,2250,6,,4410,18.7,25.1
5523,2006,USA,Diesel,All-wheel drive,3,2120,5,252.0,4140,19.1,30.7
5524,1981,Europe,Hybrid,Front-wheel drive,4,2480,6,267.0,4460,19.5,32.2
5525,1998,Asia,Gasoline,Rear-wheel drive,2,2510,7,282.0,4470,20.7,26.6
5526,1985,Asia,Hybrid,Front-wheel drive,3,2360,6,275.0,4250,17.8,31.0
5527,2000,USA,Gasoline,Rear-wheel drive,3,2140,6,241.0,4320,18.8,30.3
5528,1986,Europe,Gasoline,Front-wheel drive,4,2210,6,231.0,4090,20.6,30.4
5529,2010,Europe,Gasoline,Front-wheel drive,3,2310,6,238.0,4280,19.3,32.1
5530,2021,Europe,Gasoline,Front-wheel drive,5,2010,6,232.0,3980,20.4,36.2
5531,1979,Europe,Gasoline,All-wheel drive,4,2100,6,241.0,4180,18.9,27.4
5532,2013,USA,Hybrid,Front-wheel drive,5,2220,6,258.0,4230,17.5,34.4
5533,1978,Europe,Gasoline,Rear-wheel drive,3,1860,5,209.0,3430,20.2,30.7
5534,2021,Asia,Gasoline,All-wheel drive,3,2360,6,252.0,4430,18.2,29.8
5535,2004,Europe,Gasoline,Front-wheel drive,3,2260,6,252.0,4040,18.9,30.5
5536,1991,USA,Gasoline,Rear-wheel drive,3,1970,6,252.0,4180,19.1,24.6
5537,1983,USA,Gasoline,Front-wheel drive,4,2650,7,319.0,4930,19.8,23.8
5538,1984,Europe,Gasoline,All-wheel drive,4,2370,6,253.0,4450,18.9,27.5
5539,1984,USA,Gasoline,Rear-wheel drive,3,2580,7,287.0,4580,16.9,23.1
5540,1997,USA,Gasoline,All-wheel drive,3,2250,6,267.0,4250,19.0,28.5
5541,1997,USA,Diesel,Front-wheel drive,3,2500,7,307.0,4570,19.2,28.1
5542,2003,USA,Diesel,Front-wheel drive,3,2400,6,268.0,4410,20.1,32.1
5543,2022,Asia,Diesel,Front-wheel drive,3,2240,6,261.0,4150,16.3,31.8
5544,1979,Asia,Gasoline,Front-wheel drive,3,1860,5,,3980,19.6,32.4
5545,1993,Asia,Gasoline,Rear-wheel drive,5,2040,6,239.0,4080,19.0,31.7
5546,1988,Europe,Gasoline,Front-wheel drive,4,2640,7,277.0,4650,19.7,27.9
5547,1997,Asia,Gasoline,All-wheel drive,4,2010,5,228.0,4140,19.9,30.9
5548,1978,Asia,Gasoline,Front-wheel drive,4,2200,6,232.0,4120,17.9,28.8
5549,1977,USA,Diesel,Front-wheel drive,5,2170,6,278.0,4510,19.7,25.9
5550,1999,Asia,Diesel,Rear-wheel drive,3,2290,6,253.0,4290,19.6,32.4
5551,1977,USA,Diesel,All-wheel drive,4,2530,7,298.0,4760,20.7,25.3
5552,2019,Asia,Gasoline,All-wheel drive,4,2330,6,253.0,4560,18.4,30.4
5553,1990,Asia,Gasoline,All-wheel drive,5,2310,6,274.0,4500,17.6,26.9
5554,1996,Europe,Gasoline,Front-wheel drive,5,2120,6,,4250,19.3,27.3
5555,2001,Asia,Gasoline,Front-wheel drive,3,2190,6,227.0,4330,19.7,31.5
5556,1991,USA,Gasoline,All-wheel drive,4,2250,6,265.0,4780,17.6,25.4
5557,2002,Europe,Gasoline,All-wheel drive,4,2410,6,263.0,4670,21.6,28.4
5558,1977,USA,Gasoline,Rear-wheel drive,5,2200,5,,4300,20.7,26.2
5559,1989,USA,Diesel,Front-wheel drive,5,2110,6,264.0,4240,16.2,26.1
5560,2017,USA,Gasoline,Front-wheel drive,4,2220,6,,4110,18.5,31.0
5561,1998,USA,Diesel,Front-wheel drive,3,2170,6,249.0,4260,18.9,33.3
5562,1996,USA,Gasoline,Front-wheel drive,4,2220,6,251.0,4150,19.5,30.1
5563,2004,Asia,Hybrid,Front-wheel drive,4,2520,7,257.0,4520,19.7,35.2
5564,1993,USA,Gasoline,Front-wheel drive,3,2530,7,306.0,4430,18.0,27.4
5565,1995,Europe,Gasoline,Front-wheel drive,2,2330,6,236.0,3990,19.6,29.5
5566,1976,Europe,Diesel,Front-wheel drive,4,2190,6,238.0,4060,19.5,31.4
5567,2004,Asia,Gasoline,Rear-wheel drive,3,2330,6,251.0,4350,19.2,29.5
5568,2023,Europe,Diesel,Front-wheel drive,3,2180,6,254.0,3960,,36.8
5569,1992,Asia,Gasoline,Front-wheel drive,3,2310,6,252.0,4180,16.4,26.6
5570,1978,USA,Diesel,All-wheel drive,3,2370,6,260.0,4380,19.3,26.5
5571,2023,Europe,Gasoline,Front-wheel drive,5,2080,6,245.0,4110,19.4,33.2
5572,2003,Europe,Gasoline,All-wheel drive,2,2500,6,276.0,4590,19.1,26.7
5573,2010,Europe,Hybrid,Front-wheel drive,4,2220,6,226.0,4030,18.6,35.4
5574,2023,USA,Hybrid,Rear-wheel drive,3,2590,6,266.0,4540,17.0,31.1
5575,2000,USA,Gasoline,Front-wheel drive,3,2250,6,253.0,4200,20.6,32.0
5576,2012,USA,Diesel,All-wheel drive,3,2180,6,247.0,4320,19.0,29.1
5577,1992,Asia,Gasoline,All-wheel drive,4,2490,6,287.0,4640,20.4,25.4
5578,2013,USA,Gasoline,Rear-wheel drive,4,2490,6,285.0,4850,18.9,26.5
5579,2018,USA,Gasoline,Front-wheel drive,3,2120,5,247.0,4020,19.7,33.2
5580,1975,USA,Gasoline,Front-wheel drive,2,2110,6,,4160,20.0,27.0
5581,2016,USA,Hybrid,Front-wheel drive,4,2160,5,255.0,4220,17.7,34.8
5582,2018,Asia,Gasoline,Front-wheel drive,4,2400,7,244.0,4370,18.6,32.5
5583,2016,Asia,Hybrid,Front-wheel drive,3,2340,6,254.0,4160,19.2,35.5
5584,1983,USA,Gasoline,Front-wheel drive,5,2160,6,243.0,4350,19.9,26.0
5585,2008,Europe,Gasoline,Rear-wheel drive,2,2150,6,222.0,4330,19.4,35.4
5586,2008,Asia,Gasoline,Rear-wheel drive,2,2380,6,241.0,4330,21.9,29.8
5587,1989,USA,Gasoline,All-wheel drive,3,2080,6,230.0,4290,20.3,26.4
5588,2008,USA,Gasoline,All-wheel drive,3,2260,6,250.0,4350,19.0,28.8
5589,2016,USA,Gasoline,Front-wheel drive,4,2160,6,,4140,18.5,30.5
5590,2007,Asia,Hybrid,Front-wheel drive,2,2090,6,239.0,3820,18.8,35.5
5591,1998,Europe,Hybrid,Rear-wheel drive,4,2430,7,281.0,4510,16.6,30.3
5592,1996,Asia,Diesel,Rear-wheel drive,4,2250,6,249.0,4340,18.7,28.4
5593,2018,Europe,Gasoline,All-wheel drive,5,2190,5,235.0,4290,18.3,31.8
5594,1992,USA,Gasoline,All-wheel drive,2,2260,6,256.0,4450,18.2,25.5
5595,2012,Europe,Hybrid,Front-wheel drive,3,2240,6,260.0,3660,16.7,36.6
5596,2012,USA,Gasoline,Front-wheel drive,2,2320,6,284.0,4140,17.4,28.0
5597,1995,Asia,Diesel,All-wheel drive,5,2160,6,236.0,4460,17.7,32.9
5598,2023,Europe,Hybrid,Front-wheel drive,3,2270,6,251.0,4080,,34.9
5599,1994,USA,Gasoline,Front-wheel drive,2,2110,6,268.0,4010,17.8,27.8
5600,1992,USA,Gasoline,Rear-wheel drive,5,2320,6,257.0,4580,19.0,27.5
5601,2002,Asia,Gasoline,Rear-wheel drive,2,2050,6,247.0,3830,18.3,29.3
5602,2015,USA,Gasoline,Front-wheel drive,2,2040,5,247.0,3830,17.6,30.6
5603,2001,Asia,Gasoline,Front-wheel drive,3,2260,6,253.0,4080,17.6,32.1
5604,2016,Europe,Gasoline,Front-wheel drive,2,2330,6,243.0,4280,18.3,29.5
5605,1981,Asia,Gasoline,Front-wheel drive,3,2250,7,,4140,15.8,25.0
5606,1994,Asia,Gasoline,All-wheel drive,5,2250,6,250.0,4420,18.7,28.2
5607,2018,USA,Diesel,Front-wheel drive,4,2660,6,283.0,4640,17.2,29.8
5608,1983,Europe,Gasoline,Rear-wheel drive,3,2290,6,,4080,20.7,27.9
5609,2018,Europe,Gasoline,Front-wheel drive,3,2340,6,270.0,4480,18.9,30.2
5610,2008,Europe,Gasoline,All-wheel drive,3,2740,7,270.0,4790,20.3,30.8
5611,1993,Asia,Gasoline,Front-wheel drive,5,2290,6,240.0,4130,20.9,29.0
5612,1995,USA,Gasoline,Front-wheel drive,4,2070,5,263.0,4290,18.6,27.5
5613,2005,Asia,Gasoline,Front-wheel drive,3,2360,6,233.0,4080,18.7,31.7
5614,1989,USA,Diesel,Front-wheel drive,4,2460,7,294.0,4620,20.6,28.6
5615,2003,Asia,Gasoline,Front-wheel drive,2,1930,5,209.0,3800,18.4,33.3
5616,1993,USA,Gasoline,Rear-wheel drive,4,2420,6,259.0,4210,17.9,27.3
5617,2005,USA,Gasoline,All-wheel drive,5,2220,6,245.0,4770,19.6,28.8
5618,1976,USA,Gasoline,Front-wheel drive,5,2290,7,244.0,4240,21.5,28.2
5619,1979,USA,Gasoline,All-wheel drive,3,2210,6,,4600,17.8,28.0
5620,1975,Asia,Gasoline,Front-wheel drive,4,2060,5,222.0,3930,19.2,28.4
5621,2018,Europe,Gasoline,All-wheel drive,2,2360,6,246.0,4200,20.0,31.5
5622,2014,USA,Diesel,All-wheel drive,5,2460,7,318.0,4710,16.2,31.4
5623,2019,Asia,Gasoline,Front-wheel drive,2,2100,6,224.0,4110,21.1,31.6
5624,1981,Europe,Gasoline,All-wheel drive,4,1960,6,204.0,4180,20.1,27.0
5625,1989,Asia,Gasoline,Front-wheel drive,3,1800,6,207.0,3810,19.1,34.8
5626,2006,USA,Diesel,Rear-wheel drive,5,2300,5,267.0,4330,18.0,31.4
5627,2010,USA,Gasoline,All-wheel drive,2,2350,6,259.0,4270,19.6,29.6
5628,2022,Europe,Gasoline,Rear-wheel drive,3,2490,7,282.0,4700,20.6,33.5
5629,1978,Europe,Gasoline,Rear-wheel drive,4,2400,6,,4290,18.8,30.5
5630,1993,Asia,Gasoline,Front-wheel drive,3,2380,6,271.0,4430,17.8,32.7
5631,2005,Europe,Gasoline,Front-wheel drive,3,2100,5,208.0,3990,19.7,33.2
5632,1988,USA,Gasoline,Rear-wheel drive,5,2570,7,299.0,4520,21.5,23.4
5633,2014,USA,Gasoline,Front-wheel drive,2,2150,6,256.0,4080,18.5,30.8
5634,1988,Asia,Gasoline,Front-wheel drive,3,2440,6,273.0,4060,18.6,29.7
5635,1982,Europe,Hybrid,Rear-wheel drive,3,2470,6,256.0,4390,,29.7
5636,1994,USA,Diesel,Front-wheel drive,5,2430,6,280.0,4540,19.0,29.8
5637,1995,Europe,Gasoline,Rear-wheel drive,5,2240,6,233.0,4420,19.2,28.3
5638,1994,Asia,Gasoline,Front-wheel drive,3,2210,5,236.0,4010,17.2,30.7
5639,1977,USA,Gasoline,Front-wheel drive,2,2280,6,266.0,4410,20.3,26.8
5640,1975,Europe,Hybrid,Rear-wheel drive,5,2460,6,252.0,4630,21.2,29.2
5641,1983,USA,Gasoline,Front-wheel drive,4,2540,7,,4560,18.1,27.1
5642,1983,USA,Diesel,Front-wheel drive,4,1870,5,252.0,3850,17.9,33.1
5643,2006,Europe,Diesel,Rear-wheel drive,4,2250,6,271.0,4180,17.3,35.3
5644,2000,Asia,Gasoline,Front-wheel drive,5,2160,6,252.0,4360,19.7,30.4
5645,2016,Europe,Gasoline,Rear-wheel drive,4,2320,6,259.0,4120,19.3,31.7
5646,2019,USA,Diesel,Rear-wheel drive,3,2180,6,290.0,3960,16.7,35.6
5647,2005,USA,Gasoline,Rear-wheel drive,4,2130,5,236.0,4270,20.8,29.1
5648,2018,Asia,Diesel,Front-wheel drive,5,2210,5,260.0,4110,18.3,34.3
5649,2018,Asia,Diesel,Front-wheel drive,4,2350,7,269.0,4270,18.8,35.2
5650,1996,Europe,Gasoline,All-wheel drive,4,2350,6,250.0,4340,17.5,27.1
5651,2018,Asia,Gasoline,All-wheel drive,3,1870,5,199.0,3720,18.6,33.9
5652,2011,Asia,Hybrid,All-wheel drive,4,2230,6,250.0,4340,20.0,35.4
5653,2009,Europe,Diesel,Rear-wheel drive,3,2210,6,244.0,4000,20.9,32.7
5654,2021,USA,Gasoline,Rear-wheel drive,3,2090,5,215.0,4400,17.4,28.6
5655,1982,Asia,Diesel,Rear-wheel drive,5,1990,5,231.0,3770,18.5,32.0
5656,2023,Europe,Gasoline,Front-wheel drive,5,2380,6,240.0,4440,18.6,30.1
5657,1982,USA,Gasoline,Front-wheel drive,2,2380,6,,4210,19.0,27.2
5658,2005,USA,Diesel,Front-wheel drive,3,2350,6,258.0,4100,17.9,32.7
5659,2008,USA,Gasoline,Front-wheel drive,4,2510,6,284.0,4460,19.9,29.9
5660,2017,USA,Diesel,Front-wheel drive,4,2310,6,276.0,4240,16.3,31.4
5661,1983,Asia,Gasoline,Rear-wheel drive,4,2160,5,223.0,4530,22.0,26.8
5662,1996,USA,Gasoline,Rear-wheel drive,4,2520,7,289.0,4830,19.6,26.9
5663,2017,USA,Gasoline,Front-wheel drive,4,2250,6,269.0,4440,21.4,28.2
5664,2015,Asia,Gasoline,Rear-wheel drive,3,2090,6,237.0,4170,21.3,32.7
5665,1985,USA,Gasoline,Front-wheel drive,2,2850,7,325.0,4730,21.6,25.9
5666,1978,Asia,Gasoline,Front-wheel drive,4,2310,6,247.0,4060,17.7,29.8
5667,2019,USA,Diesel,Front-wheel drive,4,2580,6,297.0,4420,17.1,31.4
5668,1997,Europe,Diesel,Front-wheel drive,4,2230,6,252.0,4350,18.8,30.2
5669,2010,USA,Gasoline,All-wheel drive,2,2080,6,258.0,4050,19.6,27.2
5670,2018,USA,Hybrid,Front-wheel drive,2,2170,6,232.0,4190,18.2,34.8
5671,2012,USA,Diesel,All-wheel drive,3,2390,7,280.0,4890,19.9,29.1
5672,2024,Europe,Gasoline,Rear-wheel drive,4,2520,7,270.0,4510,16.3,27.8
5673,2004,USA,Hybrid,Front-wheel drive,3,2240,6,263.0,4190,18.8,36.6
5674,2005,USA,Diesel,Front-wheel drive,4,2430,6,270.0,4590,20.0,32.8
5675,2008,Asia,Gasoline,Front-wheel drive,4,2610,6,289.0,4260,16.3,30.2
5676,1984,Asia,Gasoline,Front-wheel drive,4,2250,6,248.0,4120,18.5,27.0
5677,2019,USA,Gasoline,All-wheel drive,2,2220,6,270.0,4210,16.5,28.4
5678,1983,Asia,Diesel,Rear-wheel drive,3,1770,5,203.0,4180,19.7,32.8
5679,1997,Europe,Gasoline,Front-wheel drive,3,2160,6,222.0,4190,17.5,31.5
5680,2013,USA,Gasoline,Front-wheel drive,5,2350,6,273.0,4430,19.7,32.5
5681,2022,Asia,Diesel,Rear-wheel drive,5,2270,6,228.0,4090,19.3,33.1
5682,2004,Europe,Hybrid,Front-wheel drive,2,2150,6,237.0,4110,17.6,34.9
5683,2017,USA,Gasoline,Front-wheel drive,2,2350,6,285.0,4370,20.2,31.0
5684,1992,Asia,Diesel,Rear-wheel drive,4,2060,6,247.0,4320,21.5,30.2
5685,2004,USA,Gasoline,Front-wheel drive,2,2220,7,269.0,4060,20.0,29.9
5686,1977,Europe,Diesel,Front-wheel drive,2,2140,6,,3930,18.9,30.4
5687,1977,USA,Gasoline,Rear-wheel drive,3,2360,5,263.0,4020,18.5,28.5
5688,2016,USA,Diesel,Front-wheel drive,2,2490,6,277.0,4280,18.0,30.8
5689,2014,Asia,Gasoline,Front-wheel drive,4,2080,6,236.0,4200,19.9,32.0
5690,1992,USA,Diesel,Front-wheel drive,2,2250,6,247.0,4070,17.3,30.4
5691,1983,USA,Diesel,All-wheel drive,3,2630,7,314.0,4880,20.6,27.8
5692,2017,USA,Gasoline,Front-wheel drive,2,2280,6,255.0,4230,18.6,31.6
5693,1993,Asia,Diesel,Rear-wheel drive,4,2450,6,268.0,4540,19.3,27.9
5694,2018,Europe,Hybrid,Front-wheel drive,4,2160,6,250.0,4050,18.2,37.6
5695,1997,USA,Hybrid,Front-wheel drive,4,2450,6,272.0,4560,17.7,32.6
5696,1982,USA,Diesel,Rear-wheel drive,4,2130,5,240.0,4410,17.3,29.7
5697,1986,USA,Gasoline,All-wheel drive,2,2280,6,267.0,4570,19.6,25.2
5698,1976,Asia,Hybrid,Front-wheel drive,4,2070,6,251.0,3880,17.0,32.3
5699,1978,Asia,Diesel,Front-wheel drive,3,2100,6,,3610,17.2,31.4
5700,2017,Europe,Gasoline,Front-wheel drive,2,2220,6,243.0,4020,,33.1
5701,1987,USA,Gasoline,All-wheel drive,3,2360,6,241.0,4350,19.7,27.9
5702,2001,Asia,Gasoline,Front-wheel drive,5,2210,6,263.0,4280,17.2,30.3
5703,1987,USA,Gasoline,All-wheel drive,2,2700,7,291.0,4830,20.1,25.0
5704,2001,USA,Hybrid,Front-wheel drive,3,2370,6,254.0,4290,18.7,31.9
5705,1991,USA,Gasoline,Rear-wheel drive,4,2580,6,291.0,4600,20.6,30.1
5706,1989,USA,Hybrid,Rear-wheel drive,3,2630,7,313.0,4650,20.0,28.3
5707,1993,Europe,Gasoline,Front-wheel drive,4,2490,6,271.0,4480,,28.9
5708,1984,USA,Gasoline,Front-wheel drive,4,2470,6,266.0,4480,20.5,23.8
5709,2018,Europe,Diesel,All-wheel drive,3,1970,6,234.0,4000,18.4,30.6
5710,1995,Europe,Diesel,All-wheel drive,4,2320,6,271.0,4450,18.7,30.3
5711,2005,USA,Diesel,Front-wheel drive,4,2060,6,250.0,4160,18.8,34.6
5712,2018,USA,Gasoline,All-wheel drive,3,2110,5,242.0,4360,19.7,29.3
5713,1995,USA,Gasoline,Front-wheel drive,5,2500,7,274.0,4430,17.0,30.0
5714,1983,Europe,Gasoline,Front-wheel drive,3,2330,6,,4120,19.8,28.8
5715,1980,Europe,Gasoline,Front-wheel drive,4,2290,6,244.0,4070,18.4,29.2
5716,2002,USA,Gasoline,Front-wheel drive,4,2000,6,213.0,4130,18.2,29.6
5717,1998,USA,Gasoline,Front-wheel drive,3,2180,6,279.0,4080,18.1,27.9
5718,1977,Europe,Gasoline,All-wheel drive,3,2340,7,,4270,19.3,25.9
5719,2007,USA,Diesel,Front-wheel drive,2,2370,6,269.0,4150,19.9,35.2
5720,2021,Asia,Hybrid,Front-wheel drive,4,1940,6,211.0,4100,19.3,39.1
5721,2021,USA,Gasoline,Rear-wheel drive,5,2250,6,247.0,4520,19.5,30.6
5722,1999,Europe,Hybrid,Front-wheel drive,3,2080,6,232.0,3910,19.2,34.8
5723,2005,USA,Hybrid,Front-wheel drive,3,2250,6,268.0,4290,19.6,34.3
5724,1981,Asia,Diesel,Front-wheel drive,4,2040,5,253.0,3860,19.1,31.5
5725,1999,Europe,Gasoline,Front-wheel drive,2,2310,6,252.0,4160,18.6,31.0
5726,1998,USA,Hybrid,Front-wheel drive,5,2040,5,221.0,4140,19.2,33.8
5727,2019,Asia,Diesel,Front-wheel drive,5,2030,5,258.0,3820,16.9,35.5
5728,1977,Europe,Gasoline,Front-wheel drive,5,2260,5,249.0,4060,18.5,30.2
5729,1979,USA,Gasoline,All-wheel drive,5,2050,6,,4430,20.4,26.7
5730,1997,USA,Gasoline,All-wheel drive,4,2610,7,,4840,19.2,27.0
5731,1991,USA,Diesel,All-wheel drive,4,2290,6,273.0,4300,18.1,26.0
5732,1980,USA,Gasoline,Front-wheel drive,4,2160,6,248.0,4210,17.7,28.2
5733,2009,Asia,Hybrid,Front-wheel drive,4,2130,6,235.0,3960,17.7,35.8
5734,1988,Europe,Diesel,Rear-wheel drive,3,2100,5,257.0,4130,17.3,30.7
5735,1996,Europe,Gasoline,Rear-wheel drive,2,2440,6,272.0,4240,,26.5
5736,2019,USA,Gasoline,Front-wheel drive,2,2400,6,276.0,4120,18.2,32.2
5737,1981,USA,Gasoline,Front-wheel drive,3,2420,6,,4150,17.4,27.4
5738,1976,Asia,Diesel,Front-wheel drive,4,2390,6,262.0,4280,19.1,26.2
5739,1981,Asia,Hybrid,Front-wheel drive,5,1710,5,208.0,3740,19.9,36.0
5740,1976,USA,Gasoline,Front-wheel drive,2,2460,6,273.0,4260,18.2,26.1
5741,1990,Europe,Gasoline,Front-wheel drive,4,2370,6,243.0,4740,20.5,26.8
5742,1990,Europe,Diesel,Front-wheel drive,4,2250,6,241.0,4190,18.3,29.8
5743,1993,USA,Diesel,All-wheel drive,2,2190,6,254.0,4390,18.5,30.5
5744,1979,USA,Gasoline,All-wheel drive,2,2160,5,234.0,4310,18.9,25.5
5745,1976,Europe,Gasoline,All-wheel drive,4,2550,7,282.0,4820,20.0,25.2
5746,2024,USA,Gasoline,All-wheel drive,2,2150,6,256.0,4250,19.0,31.9
5747,2017,USA,Gasoline,Front-wheel drive,4,2340,7,265.0,4170,17.9,29.2
5748,2021,USA,Gasoline,All-wheel drive,5,2280,6,252.0,4680,18.8,29.2
5749,1983,USA,Gasoline,Front-wheel drive,2,2180,6,,4430,20.3,26.7
5750,1990,Asia,Diesel,All-wheel drive,2,2350,6,257.0,4410,22.0,29.6
5751,1999,Europe,Diesel,All-wheel drive,4,2310,6,269.0,4520,17.6,29.6
5752,2013,USA,Gasoline,Rear-wheel drive,4,2160,6,254.0,4430,18.7,29.3
5753,2007,USA,Gasoline,All-wheel drive,4,2300,6,264.0,4530,20.6,27.9
5754,1991,Europe,Gasoline,Front-wheel drive,2,1870,5,209.0,3660,18.0,32.5
5755,2013,Europe,Gasoline,Front-wheel drive,5,2200,6,249.0,4230,18.2,30.8
5756,2016,USA,Diesel,Rear-wheel drive,3,2260,6,285.0,4440,18.8,30.9
5757,2008,Asia,Gasoline,All-wheel drive,3,2350,6,255.0,4190,18.8,31.0
5758,2009,Europe,Diesel,All-wheel drive,4,2390,6,281.0,4560,,30.0
5759,2014,USA,Gasoline,Rear-wheel drive,4,2170,6,237.0,4230,19.7,31.3
5760,2011,Asia,Gasoline,Rear-wheel drive,3,2210,6,243.0,4310,16.8,29.6
5761,2018,USA,Gasoline,All-wheel drive,4,2440,6,271.0,4530,17.6,29.7
5762,1976,Asia,Gasoline,Front-wheel drive,5,2230,6,230.0,4100,19.2,29.2
5763,1989,Asia,Hybrid,All-wheel drive,3,2380,7,280.0,4710,18.3,30.8
5764,2006,USA,Gasoline,Front-wheel drive,3,2330,6,262.0,4370,20.1,29.7
5765,1983,USA,Gasoline,Rear-wheel drive,4,2380,6,242.0,4510,18.0,26.5
5766,1988,Europe,Hybrid,All-wheel drive,3,2210,6,232.0,4070,20.9,35.4
5767,2015,USA,Gasoline,Rear-wheel drive,3,2410,6,260.0,4490,20.5,27.2
5768,2005,Europe,Gasoline,All-wheel drive,4,2340,6,267.0,4480,18.5,28.4
5769,2002,Europe,Gasoline,Rear-wheel drive,5,2270,6,214.0,4500,20.3,30.9
5770,2012,Europe,Gasoline,Rear-wheel drive,2,2200,6,236.0,4180,18.6,31.7
5771,1983,USA,Gasoline,Rear-wheel drive,5,2450,7,255.0,4630,20.3,26.0
5772,1979,Asia,Gasoline,Front-wheel drive,4,1920,6,214.0,4170,19.1,29.9
5773,2010,Asia,Gasoline,All-wheel drive,5,2540,6,,4870,21.0,25.7
5774,1990,USA,Diesel,Rear-wheel drive,2,2410,7,,4450,18.8,27.0
5775,2006,Asia,Diesel,All-wheel drive,4,2370,6,264.0,4470,20.1,29.0
5776,1986,Asia,Hybrid,Front-wheel drive,2,2350,5,250.0,4110,19.3,32.7
5777,2013,USA,Diesel,Rear-wheel drive,4,2250,6,266.0,4610,18.3,32.3
5778,1975,Asia,Gasoline,Front-wheel drive,3,2580,7,289.0,4420,19.2,25.6
5779,1986,USA,Gasoline,All-wheel drive,3,2430,6,273.0,4580,17.5,23.2
5780,2006,USA,Gasoline,Rear-wheel drive,3,2610,6,305.0,4380,18.8,28.4
5781,2021,Asia,Diesel,Front-wheel drive,2,2210,6,256.0,3970,16.8,35.9
5782,2004,Europe,Gasoline,Front-wheel drive,4,2350,6,257.0,4180,19.8,30.9
5783,1984,Europe,Gasoline,Front-wheel drive,4,2200,6,,4020,20.1,31.1
5784,1982,Europe,Gasoline,Rear-wheel drive,2,2430,6,237.0,4590,20.3,29.6
5785,1978,Asia,Gasoline,Front-wheel drive,4,2320,6,,4400,21.8,27.4
5786,1991,USA,Diesel,Rear-wheel drive,3,2410,6,286.0,4410,18.9,28.9
5787,2020,Asia,Gasoline,Rear-wheel drive,4,2280,6,261.0,4470,17.7,31.8
5788,2021,USA,Gasoline,Front-wheel drive,4,1760,5,220.0,3750,18.4,32.1
5789,2003,Europe,Gasoline,Front-wheel drive,3,2090,6,229.0,3910,,29.2
5790,2009,Asia,Gasoline,Front-wheel drive,4,1960,5,,3770,19.8,32.1
5791,2016,Asia,Diesel,Rear-wheel drive,3,2410,6,271.0,4300,17.7,29.8
5792,2006,USA,Gasoline,Rear-wheel drive,5,2080,6,243.0,4320,19.9,28.2
5793,1978,USA,Gasoline,All-wheel drive,2,2120,6,250.0,4270,18.5,27.0
5794,2006,USA,Diesel,Rear-wheel drive,5,2450,7,266.0,4580,19.5,31.6
5795,2012,USA,Gasoline,Front-wheel drive,3,2420,6,275.0,4470,18.5,31.9
5796,2002,Europe,Gasoline,Front-wheel drive,4,2360,6,251.0,4180,18.8,31.7
5797,1996,Asia,Gasoline,Front-wheel drive,3,2100,6,235.0,3950,17.3,32.7
5798,2019,USA,Diesel,Front-wheel drive,5,2140,6,246.0,4240,17.8,34.3
5799,2001,Europe,Diesel,Rear-wheel drive,5,2570,7,293.0,4630,18.4,29.9
5800,2002,USA,Diesel,Front-wheel drive,4,2430,6,322.0,4340,16.5,31.3
5801,1995,USA,Hybrid,All-wheel drive,3,2360,6,268.0,4830,21.8,30.8
5802,2002,USA,Gasoline,Front-wheel drive,2,2340,7,271.0,4480,17.3,30.3
5803,1997,USA,Gasoline,Front-wheel drive,3,2230,6,265.0,3990,17.3,31.1
5804,1985,USA,Gasoline,All-wheel drive,2,2190,6,268.0,4280,17.3,27.4
5805,1990,Asia,Gasoline,Rear-wheel drive,5,2480,7,262.0,4540,19.7,25.0
5806,2014,Europe,Gasoline,All-wheel drive,3,2310,6,245.0,4400,19.8,27.8
5807,1981,Asia,Gasoline,All-wheel drive,4,2220,6,252.0,4390,19.8,27.5
5808,1984,USA,Gasoline,Front-wheel drive,5,2280,6,270.0,4520,18.1,27.5
5809,2010,USA,Diesel,Rear-wheel drive,3,2530,7,303.0,4550,19.4,30.5
5810,1980,USA,Diesel,Front-wheel drive,4,2330,6,,4280,17.0,31.4
5811,2015,Asia,Gasoline,Front-wheel drive,2,2260,6,231.0,4050,19.6,35.6
5812,1995,USA,Gasoline,Front-wheel drive,3,2720,7,277.0,4640,17.2,29.1
5813,2005,USA,Hybrid,All-wheel drive,4,2590,6,292.0,4730,19.4,33.1
5814,1991,Europe,Diesel,All-wheel drive,4,2550,6,271.0,4870,18.5,25.3
5815,2010,Europe,Hybrid,Front-wheel drive,3,1850,5,212.0,3700,17.0,37.1
5816,2018,USA,Gasoline,Front-wheel drive,4,2110,6,234.0,4150,17.5,31.7
5817,1983,USA,Gasoline,Rear-wheel drive,4,2140,6,,4550,21.2,27.1
5818,1981,Europe,Gasoline,Front-wheel drive,3,2350,6,,4220,19.1,29.3
5819,2010,USA,Hybrid,All-wheel drive,5,2210,6,250.0,4510,20.8,34.0
5820,1975,Asia,Gasoline,All-wheel drive,5,2490,7,278.0,4960,20.1,23.9
5821,1995,Europe,Gasoline,Front-wheel drive,4,2220,5,244.0,3940,18.7,30.1
5822,1988,Asia,Gasoline,Front-wheel drive,4,2120,6,222.0,3810,20.5,32.1
5823,2002,Europe,Gasoline,Front-wheel drive,5,2560,7,277.0,4790,19.2,29.8
5824,1981,Europe,Gasoline,Front-wheel drive,5,2050,6,221.0,3940,20.9,28.0
5825,2004,Asia,Gasoline,Front-wheel drive,3,1950,5,220.0,3860,19.5,30.0
5826,2013,Europe,Gasoline,Rear-wheel drive,5,2530,7,279.0,4800,23.0,28.8
5827,2018,USA,Diesel,All-wheel drive,2,2310,6,275.0,4560,18.6,31.3
5828,1982,Europe,Diesel,Rear-wheel drive,3,2270,6,242.0,4390,20.5,31.3
5829,2022,Asia,Gasoline,Front-wheel drive,3,2120,6,215.0,3990,18.8,37.1
5830,2007,Asia,Gasoline,Rear-wheel drive,3,2570,7,286.0,4660,21.5,27.3
5831,2012,Europe,Hybrid,All-wheel drive,3,1850,5,212.0,3980,20.3,36.5
5832,1983,USA,Hybrid,Rear-wheel drive,2,2420,6,,4470,19.8,31.4
5833,2005,Europe,Gasoline,Front-wheel drive,3,2450,7,257.0,4000,17.6,31.4
5834,1998,USA,Gasoline,All-wheel drive,5,2530,7,305.0,4750,18.4,24.8
5835,2023,Asia,Gasoline,All-wheel drive,2,2210,6,229.0,4330,18.9,36.2
5836,2001,Europe,Gasoline,Front-wheel drive,4,2320,6,230.0,4230,17.1,31.2
5837,2009,USA,Diesel,Front-wheel drive,3,2420,6,303.0,4510,22.2,30.0
5838,2016,USA,Gasoline,Front-wheel drive,4,2430,6,272.0,4330,20.0,32.6
5839,2008,Europe,Gasoline,Front-wheel drive,4,2530,7,258.0,4400,19.4,28.9
5840,1984,Europe,Gasoline,Front-wheel drive,3,2180,6,,4150,20.5,29.2
5841,2008,Europe,Gasoline,Front-wheel drive,5,2120,6,231.0,3840,16.4,28.0
5842,2001,USA,Gasoline,Front-wheel drive,5,2340,6,256.0,4620,19.4,27.1
5843,1977,USA,Gasoline,All-wheel drive,4,2260,6,266.0,4760,19.2,24.3
5844,1979,USA,Gasoline,All-wheel drive,4,2140,6,242.0,4400,20.6,29.0
5845,1977,USA,Gasoline,Rear-wheel drive,4,2160,6,255.0,4400,21.5,25.0
5846,2012,USA,Diesel,All-wheel drive,5,2590,7,321.0,4810,19.9,25.1
5847,1999,Europe,Diesel,All-wheel drive,3,2250,5,243.0,4480,,29.7
5848,2019,Europe,Diesel,Front-wheel drive,4,2250,6,251.0,4240,18.0,35.3
5849,2000,USA,Hybrid,Front-wheel drive,4,2660,7,280.0,4800,18.2,31.1
5850,1980,Europe,Diesel,Rear-wheel drive,2,2650,7,,4360,18.6,26.5
5851,2010,Asia,Gasoline,Front-wheel drive,4,2150,6,241.0,4110,20.2,31.0
5852,1982,Asia,Diesel,Front-wheel drive,4,2430,7,280.0,4400,18.1,30.8
5853,1982,USA,Gasoline,Front-wheel drive,4,2530,7,284.0,4370,19.9,26.7
5854,1975,Asia,Gasoline,Front-wheel drive,3,2060,6,220.0,3920,21.4,30.4
5855,2011,USA,Diesel,Front-wheel drive,3,1860,6,217.0,3790,15.8,35.4
5856,2015,Asia,Gasoline,Front-wheel drive,4,2390,7,240.0,4480,19.6,29.9
5857,2019,USA,Hybrid,All-wheel drive,3,2190,6,248.0,4460,19.1,32.5
5858,2020,Asia,Diesel,All-wheel drive,3,2510,6,294.0,4590,16.9,31.7
5859,2000,Europe,Hybrid,Front-wheel drive,4,2330,6,245.0,4300,19.8,35.2
5860,1997,Europe,Gasoline,All-wheel drive,4,2670,7,276.0,4610,18.7,27.5
5861,1987,USA,Gasoline,Rear-wheel drive,4,2490,6,259.0,4300,18.8,27.3
5862,1986,Europe,Gasoline,Front-wheel drive,2,2330,6,,4240,19.4,29.2
5863,1984,USA,Diesel,Front-wheel drive,2,1850,5,,3850,18.8,33.3
5864,1992,USA,Gasoline,Front-wheel drive,2,2160,6,243.0,4060,19.6,28.5
5865,1977,Asia,Gasoline,All-wheel drive,4,2260,6,276.0,4600,21.3,24.2
5866,1999,Europe,Diesel,Rear-wheel drive,4,2220,6,276.0,4520,18.7,29.8
5867,2016,Europe,Hybrid,All-wheel drive,4,2060,6,254.0,4000,17.4,36.7
5868,1988,Asia,Gasoline,Front-wheel drive,3,1930,5,220.0,3890,18.5,28.7
5869,1995,Europe,Gasoline,Rear-wheel drive,5,2090,5,221.0,4330,,30.2
5870,1980,Asia,Gasoline,Rear-wheel drive,4,2200,6,,4620,19.3,24.7
5871,1975,Asia,Gasoline,Rear-wheel drive,3,2180,6,230.0,3880,18.5,27.6
5872,2005,Europe,Gasoline,Front-wheel drive,3,1900,6,213.0,3950,18.2,33.6
5873,1985,Asia,Diesel,Front-wheel drive,2,2190,6,271.0,4260,19.1,29.9
5874,1977,USA,Diesel,All-wheel drive,2,2590,6,286.0,4550,17.2,28.8
5875,2008,Europe,Gasoline,Front-wheel drive,2,2200,6,249.0,3960,18.1,30.4
5876,2024,Europe,Gasoline,Front-wheel drive,3,1890,5,221.0,3860,17.3,35.1
5877,2009,Asia,Hybrid,Front-wheel drive,3,2250,6,256.0,4070,18.1,35.1
5878,2014,Europe,Gasoline,All-wheel drive,4,2470,6,289.0,4740,18.9,28.5
5879,1980,Asia,Hybrid,Rear-wheel drive,4,2450,7,,4590,19.7,31.1
5880,2017,Europe,Hybrid,All-wheel drive,3,2040,6,212.0,4200,,36.7
5881,2002,USA,Hybrid,Rear-wheel drive,5,2110,6,237.0,4160,17.9,34.1
5882,1994,USA,Gasoline,Front-wheel drive,5,2220,6,267.0,4320,18.9,27.9
5883,1983,Asia,Gasoline,All-wheel drive,5,2250,6,233.0,4610,19.2,27.0
5884,1994,USA,Gasoline,Front-wheel drive,4,2460,6,274.0,4080,18.5,28.5
5885,2005,Asia,Diesel,Front-wheel drive,3,2380,6,254.0,4190,18.9,32.8
5886,2022,Asia,Diesel,Front-wheel drive,4,2250,6,270.0,4130,18.5,35.8
5887,2001,USA,Gasoline,All-wheel drive,5,2230,6,267.0,4600,16.8,25.1
5888,2002,USA,Gasoline,Front-wheel drive,3,2440,6,274.0,4080,17.9,26.1
5889,2020,USA,Gasoline,Front-wheel drive,4,2650,7,307.0,4600,21.3,28.8
5890,1990,Europe,Gasoline,Front-wheel drive,5,2040,5,227.0,3960,20.0,29.8
5891,1989,USA,Gasoline,All-wheel drive,3,2590,7,263.0,4630,18.8,28.7
5892,2007,Europe,Gasoline,Front-wheel drive,3,2200,5,220.0,3930,18.8,35.9
5893,1999,Asia,Gasoline,Front-wheel drive,4,2130,5,228.0,3750,20.2,33.1
5894,1976,Asia,Gasoline,All-wheel drive,3,2290,6,243.0,4360,19.8,28.5
5895,2019,USA,Gasoline,Rear-wheel drive,2,2200,6,259.0,4210,14.9,27.7
5896,1999,USA,Gasoline,Front-wheel drive,3,2530,7,269.0,4260,16.0,28.4
5897,1987,Asia,Hybrid,Front-wheel drive,2,2000,6,223.0,3560,20.3,36.1
5898,2014,USA,Gasoline,Front-wheel drive,3,2130,6,250.0,3970,16.4,32.9
5899,2019,Europe,Gasoline,All-wheel drive,3,2420,6,223.0,4390,22.2,32.3
5900,1999,USA,Gasoline,Front-wheel drive,4,1740,5,209.0,3950,18.1,30.3
5901,1981,Europe,Diesel,Front-wheel drive,4,1970,5,197.0,3930,19.7,32.6
5902,1984,USA,Diesel,Front-wheel drive,3,1920,5,225.0,3840,18.6,31.6
5903,1981,USA,Gasoline,All-wheel drive,5,2610,7,,4960,20.9,22.6
5904,1999,Asia,Diesel,Rear-wheel drive,4,2260,6,271.0,4480,18.7,29.0
5905,1988,Europe,Gasoline,Rear-wheel drive,2,2630,6,292.0,4490,14.8,25.7
5906,2016,Europe,Gasoline,Rear-wheel drive,3,2450,6,270.0,4800,21.3,27.4
5907,2014,USA,Hybrid,Front-wheel drive,3,2130,6,246.0,4060,17.0,36.1
5908,2003,USA,Gasoline,Front-wheel drive,2,2550,6,256.0,4270,21.8,27.9
5909,1998,USA,Gasoline,All-wheel drive,2,2270,6,244.0,4590,18.8,27.4
5910,2009,USA,Diesel,Rear-wheel drive,4,2470,7,293.0,4570,18.2,31.1
5911,1976,USA,Diesel,Front-wheel drive,4,2120,6,281.0,4060,17.6,29.2
5912,2002,Asia,Diesel,Front-wheel drive,3,1970,5,231.0,3800,17.1,35.0
5913,1991,Asia,Hybrid,All-wheel drive,5,2080,6,226.0,4170,19.9,34.1
5914,1999,USA,Diesel,Front-wheel drive,4,2310,6,263.0,4200,19.8,31.7
5915,1991,USA,Gasoline,Front-wheel drive,4,2250,6,242.0,4170,20.4,29.0
5916,1986,Asia,Gasoline,Front-wheel drive,2,1990,5,217.0,3530,19.2,32.4
5917,2006,Europe,Gasoline,Front-wheel drive,3,2020,6,223.0,4060,17.4,30.9
5918,1982,USA,Gasoline,Front-wheel drive,5,2310,6,,4270,20.4,24.5
5919,2012,Asia,Gasoline,All-wheel drive,2,2440,6,268.0,4370,19.1,32.4
5920,2018,USA,Gasoline,Front-wheel drive,5,2550,7,277.0,4580,19.3,28.7
5921,2008,Europe,Gasoline,Front-wheel drive,2,2290,6,237.0,4370,20.9,30.3
5922,2006,USA,Diesel,Front-wheel drive,2,2370,6,279.0,4290,17.7,31.7
5923,1975,USA,Gasoline,Rear-wheel drive,4,2010,6,219.0,3950,16.3,27.9
5924,2022,Asia,Gasoline,Rear-wheel drive,4,2220,6,225.0,4660,18.4,28.2
5925,2005,USA,Gasoline,Front-wheel drive,4,2230,5,240.0,4160,18.8,27.9
5926,2000,Europe,Gasoline,Front-wheel drive,4,2280,6,268.0,4170,17.6,30.9
5927,2009,Asia,Gasoline,Front-wheel drive,5,2060,6,223.0,4080,18.1,34.9
5928,1976,Asia,Gasoline,Front-wheel drive,2,2420,7,288.0,4420,18.8,24.4
5929,1977,Europe,Gasoline,All-wheel drive,3,2290,7,235.0,4590,20.0,28.5
5930,1987,Europe,Gasoline,Front-wheel drive,3,2200,6,232.0,4010,17.4,30.3
5931,2019,USA,Gasoline,All-wheel drive,4,2370,6,282.0,4700,20.6,30.2
5932,1999,Europe,Gasoline,Front-wheel drive,4,2120,6,237.0,4240,21.0,32.5
5933,2024,Asia,Gasoline,Rear-wheel drive,2,2350,6,244.0,4100,16.8,30.3
5934,2016,USA,Diesel,Front-wheel drive,4,2170,6,256.0,4150,18.2,31.9
5935,2020,Europe,Gasoline,Front-wheel drive,5,2120,6,228.0,3930,19.4,34.5
5936,2008,Europe,Gasoline,All-wheel drive,5,2250,6,241.0,4720,18.0,28.9
5937,2018,USA,Diesel,Front-wheel drive,3,2430,7,293.0,4260,19.2,32.7
5938,2001,Asia,Gasoline,Rear-wheel drive,2,2310,6,256.0,4230,18.3,26.7
5939,2015,Europe,Gasoline,Front-wheel drive,3,2040,6,235.0,3990,18.0,31.8
5940,2023,Europe,Gasoline,Rear-wheel drive,3,2590,6,257.0,4710,17.8,30.3
5941,2006,Europe,Hybrid,Rear-wheel drive,3,2190,6,226.0,4170,18.7,34.3
5942,2010,Europe,Gasoline,Front-wheel drive,3,2550,6,276.0,4180,19.2,30.0
5943,2012,USA,Gasoline,Front-wheel drive,3,2200,5,229.0,4080,19.7,29.6
5944,2005,Europe,Gasoline,Front-wheel drive,3,2370,6,268.0,4060,19.2,30.1
5945,2008,USA,Gasoline,All-wheel drive,4,1980,5,233.0,4630,20.2,30.2
5946,2022,Europe,Gasoline,Front-wheel drive,4,2130,5,235.0,4050,19.7,34.1
5947,1993,Asia,Gasoline,All-wheel drive,3,2140,6,234.0,4550,19.5,28.1
5948,2006,USA,Hybrid,All-wheel drive,4,2280,6,262.0,4490,20.0,31.7
5949,2016,Europe,Diesel,Front-wheel drive,4,1880,5,226.0,3970,17.6,34.8
5950,2002,Asia,Gasoline,Front-wheel drive,5,2200,6,251.0,4400,19.7,31.0
5951,2012,USA,Diesel,Front-wheel drive,4,2150,6,253.0,4100,18.1,33.0
5952,1979,Europe,Gasoline,Front-wheel drive,4,2660,7,275.0,4480,19.2,25.0
5953,1977,Asia,Diesel,All-wheel drive,3,2100,5,224.0,4180,20.0,29.8
5954,1995,USA,Gasoline,Rear-wheel drive,5,2190,6,231.0,4810,18.3,28.5
5955,1991,Asia,Gasoline,Front-wheel drive,2,2120,6,247.0,3820,16.9,30.6
5956,2010,USA,Gasoline,Rear-wheel drive,4,2390,7,258.0,4830,18.1,29.1
5957,2016,Asia,Hybrid,Front-wheel drive,3,2220,6,256.0,3930,19.5,36.5
5958,1992,USA,Diesel,Front-wheel drive,3,1680,5,230.0,3950,18.1,31.5
5959,1987,USA,Diesel,Front-wheel drive,5,2060,6,229.0,4360,18.9,28.9
5960,1994,USA,Gasoline,Front-wheel drive,3,2260,6,237.0,4250,17.5,28.2
5961,1978,USA,Gasoline,Front-wheel drive,4,2070,5,234.0,4190,21.1,27.7
5962,2009,Asia,Gasoline,Rear-wheel drive,4,2070,5,238.0,3830,17.6,29.5
5963,2001,Europe,Gasoline,Front-wheel drive,3,2080,6,229.0,4140,20.4,32.3
5964,2004,USA,Gasoline,Front-wheel drive,5,1860,5,249.0,4090,18.4,29.4
5965,1999,USA,Hybrid,Front-wheel drive,5,2170,6,241.0,4360,16.8,33.7
5966,1993,Asia,Gasoline,Front-wheel drive,4,1880,5,205.0,3840,19.3,32.6
5967,2018,USA,Gasoline,Rear-wheel drive,4,2090,6,239.0,4130,18.9,33.1
5968,2014,Asia,Gasoline,All-wheel drive,3,2420,7,256.0,4440,18.9,29.2
5969,1989,USA,Gasoline,Front-wheel drive,2,2160,6,230.0,4030,18.4,26.4
5970,2000,USA,Gasoline,Rear-wheel drive,4,2450,6,277.0,4710,18.2,27.0
5971,1999,Europe,Gasoline,Front-wheel drive,4,2380,5,255.0,4460,19.4,25.8
5972,1976,Europe,Gasoline,Front-wheel drive,5,2160,6,234.0,4180,18.8,26.8
5973,1993,Asia,Gasoline,All-wheel drive,2,2130,6,246.0,4260,19.5,27.9
5974,2015,USA,Gasoline,Front-wheel drive,5,2350,6,250.0,4420,18.2,28.8
5975,2021,Asia,Gasoline,Front-wheel drive,4,2400,7,270.0,4240,16.5,32.6
5976,2000,USA,Gasoline,All-wheel drive,5,2440,7,275.0,4800,20.9,26.5
5977,2001,Asia,Diesel,Front-wheel drive,5,1900,5,231.0,3810,18.5,32.4
5978,2020,Europe,Gasoline,Front-wheel drive,3,2170,6,233.0,3850,17.0,33.8
5979,1994,Asia,Gasoline,Front-wheel drive,2,2100,6,236.0,3970,19.5,32.5
5980,2010,Europe,Gasoline,Front-wheel drive,4,2170,5,223.0,4110,,30.9
5981,2013,Asia,Diesel,Front-wheel drive,3,2130,6,270.0,4080,17.6,34.7
5982,2001,Asia,Gasoline,Front-wheel drive,4,2010,6,220.0,4180,20.1,29.5
5983,2020,Europe,Gasoline,Front-wheel drive,2,2350,6,247.0,4180,16.3,33.8
5984,1992,Asia,Gasoline,Front-wheel drive,3,2190,6,220.0,4090,19.2,31.9
5985,1993,USA,Gasoline,All-wheel drive,3,2200,6,234.0,4390,20.4,28.6
5986,1999,USA,Gasoline,Front-wheel drive,3,2260,6,,4280,18.3,30.1
5987,1987,Europe,Gasoline,Front-wheel drive,2,2390,7,264.0,4050,18.9,27.2
5988,1985,USA,Gasoline,Front-wheel drive,4,2390,6,278.0,4250,18.8,26.7
5989,2009,Asia,Gasoline,Front-wheel drive,5,1970,5,207.0,3920,18.1,31.4
5990,1996,Europe,Gasoline,Front-wheel drive,5,2090,6,228.0,3900,18.9,32.9
5991,1977,Europe,Gasoline,Front-wheel drive,4,2170,6,,3900,18.4,28.6
5992,1993,USA,Gasoline,Rear-wheel drive,3,2630,6,294.0,4760,16.7,23.5
5993,2023,USA,Gasoline,Rear-wheel drive,2,2380,6,273.0,4510,16.8,27.8
5994,1980,Europe,Gasoline,Front-wheel drive,3,1980,5,207.0,3980,19.4,26.4
5995,1981,USA,Gasoline,Rear-wheel drive,3,1970,6,,4190,20.0,23.6
5996,2020,USA,Gasoline,All-wheel drive,3,2180,6,266.0,4400,17.6,29.8
5997,1995,USA,Gasoline,Front-wheel drive,4,2100,6,251.0,4000,19.8,27.7
5998,2016,USA,Gasoline,All-wheel drive,4,2240,6,265.0,4540,19.7,27.5
5999,1986,Asia,Gasoline,Front-wheel drive,2,2380,6,275.0,4030,20.6,29.9
6000,2022,Europe,Hybrid,Rear-wheel drive,3,1920,5,212.0,3880,17.8,38.6
6001,1975,Europe,Hybrid,All-wheel drive,5,2100,6,245.0,4330,18.6,30.6
6002,2018,Asia,Gasoline,Rear-wheel drive,2,2350,7,265.0,4350,17.0,31.8
6003,2010,Asia,Gasoline,All-wheel drive,5,2270,7,249.0,4620,18.3,28.1
6004,2015,USA,Gasoline,Front-wheel drive,4,2220,7,264.0,4310,20.2,31.3
6005,1977,Asia,Gasoline,All-wheel drive,3,2440,6,,4580,19.7,26.5
6006,1979,Asia,Gasoline,Front-wheel drive,2,2180,6,237.0,4020,18.5,24.9
6007,2020,USA,Gasoline,Front-wheel drive,2,2430,7,268.0,4400,19.5,31.2
6008,1982,Europe,Gasoline,Rear-wheel drive,3,2480,6,277.0,4480,21.2,26.4
6009,2003,USA,Gasoline,All-wheel drive,4,2480,7,272.0,4890,17.1,27.9
6010,2021,Europe,Hybrid,All-wheel drive,5,2220,6,244.0,4380,19.7,36.2
6011,1978,Europe,Gasoline,Rear-wheel drive,5,2610,7,304.0,4690,20.3,22.8
6012,2018,USA,Gasoline,Front-wheel drive,3,1970,5,215.0,4160,18.7,33.3
6013,1996,Europe,Gasoline,Front-wheel drive,5,2420,6,267.0,4350,20.5,27.4
6014,1982,USA,Gasoline,Front-wheel drive,4,2120,6,253.0,4110,20.5,30.7
6015,2014,Asia,Gasoline,Front-wheel drive,5,2250,6,237.0,4380,18.1,34.8
6016,2015,USA,Hybrid,All-wheel drive,5,2220,6,239.0,4400,18.8,32.0
6017,2024,Europe,Gasoline,Front-wheel drive,5,2350,6,262.0,4510,19.0,32.1
6018,1985,Europe,Gasoline,Rear-wheel drive,3,2100,6,248.0,4280,19.4,30.2
6019,1983,USA,Hybrid,Rear-wheel drive,3,2450,7,,4470,19.7,30.5
6020,2000,Asia,Hybrid,Front-wheel drive,5,2100,6,240.0,4110,18.0,36.1
6021,1980,USA,Gasoline,Front-wheel drive,3,2250,6,264.0,4440,17.3,25.3
6022,2020,USA,Gasoline,Front-wheel drive,4,2250,6,255.0,4270,17.3,31.5
6023,1982,Asia,Gasoline,Front-wheel drive,5,1830,5,214.0,3680,19.5,30.8
6024,2001,USA,Gasoline,Front-wheel drive,2,2240,6,270.0,4170,17.9,31.8
6025,1989,Europe,Gasoline,Rear-wheel drive,4,2060,6,238.0,4260,18.7,30.5
6026,1996,Europe,Hybrid,Rear-wheel drive,3,2290,6,263.0,4650,,31.3
6027,2008,Asia,Gasoline,Front-wheel drive,4,2320,6,251.0,4400,18.3,30.2
6028,1986,USA,Gasoline,Front-wheel drive,3,2500,7,277.0,4500,17.9,27.7
6029,1979,Asia,Gasoline,Front-wheel drive,3,2390,7,239.0,4220,18.5,27.9
6030,2020,Europe,Hybrid,Front-wheel drive,3,2260,6,,4260,19.3,35.4
6031,2004,Asia,Diesel,Front-wheel drive,2,2110,6,247.0,4010,18.4,33.7
6032,2017,Europe,Diesel,Rear-wheel drive,3,2120,6,245.0,4490,19.4,31.3
6033,1993,USA,Diesel,Front-wheel drive,3,2390,6,277.0,4180,19.2,29.8
6034,2001,USA,Hybrid,Front-wheel drive,3,2320,6,270.0,4010,17.3,33.4
6035,2002,Asia,Gasoline,Front-wheel drive,3,2060,6,233.0,3970,17.4,28.0
6036,2009,USA,Gasoline,Front-wheel drive,4,2160,6,268.0,4170,18.6,27.6
6037,1981,USA,Diesel,Front-wheel drive,2,2190,6,243.0,4260,18.5,28.5
6038,1977,USA,Gasoline,Rear-wheel drive,4,2500,7,272.0,4640,18.9,24.2
6039,2005,Asia,Gasoline,Front-wheel drive,3,2370,7,249.0,4000,15.8,30.3
6040,1980,Europe,Gasoline,Front-wheel drive,3,2190,6,241.0,3870,,25.5
6041,2020,Asia,Hybrid,Front-wheel drive,3,1850,5,181.0,3590,17.9,38.6
6042,2010,USA,Gasoline,Front-wheel drive,4,2160,6,242.0,4260,20.5,29.3
6043,2007,USA,Gasoline,Front-wheel drive,5,2440,6,267.0,4530,18.2,24.6
6044,2012,USA,Gasoline,Rear-wheel drive,2,2290,6,271.0,4320,16.9,27.7
6045,1996,USA,Gasoline,Rear-wheel drive,2,2130,6,248.0,4330,20.9,28.4
6046,2017,Europe,Hybrid,Front-wheel drive,4,2330,6,271.0,4320,18.4,35.5
6047,1988,USA,Gasoline,Front-wheel drive,5,2260,6,252.0,4090,17.8,28.2
6048,2002,USA,Gasoline,All-wheel drive,2,2710,7,309.0,4620,17.9,22.6
6049,1998,Asia,Diesel,All-wheel drive,4,1940,4,241.0,3800,16.9,32.0
6050,2022,Europe,Diesel,All-wheel drive,3,2440,6,265.0,4690,19.7,33.0
6051,1999,Asia,Gasoline,All-wheel drive,4,2030,5,213.0,4150,20.2,29.2
6052,1996,USA,Hybrid,Rear-wheel drive,2,2150,6,247.0,4320,20.2,29.8
6053,2007,USA,Gasoline,Front-wheel drive,3,2060,5,229.0,4160,18.2,31.7
6054,1976,Europe,Diesel,Front-wheel drive,4,1870,6,201.0,3670,17.6,30.9
6055,2005,Asia,Gasoline,Front-wheel drive,2,2010,5,213.0,3590,18.3,35.1
6056,1983,USA,Gasoline,Front-wheel drive,4,2060,5,206.0,4040,18.6,29.0
6057,2018,Asia,Gasoline,Rear-wheel drive,4,2280,6,241.0,4320,18.8,27.6
6058,2017,Asia,Gasoline,Front-wheel drive,3,2110,5,238.0,3670,16.6,34.8
6059,1994,Europe,Gasoline,Front-wheel drive,2,2450,6,249.0,4170,19.8,30.4
6060,1998,USA,Gasoline,Front-wheel drive,5,2340,6,250.0,4330,20.5,26.9
6061,1992,Asia,Gasoline,Front-wheel drive,3,2050,5,215.0,4030,16.4,32.6
6062,1986,USA,Hybrid,Front-wheel drive,5,2190,6,259.0,4160,18.1,31.3
6063,2003,Europe,Gasoline,Front-wheel drive,3,2150,5,234.0,4150,18.8,30.4
6064,1992,Asia,Gasoline,Front-wheel drive,3,2340,6,248.0,4390,20.5,28.2
6065,1989,Europe,Diesel,Rear-wheel drive,3,2110,6,234.0,4020,,28.3
6066,1998,USA,Hybrid,Front-wheel drive,4,2110,6,256.0,4300,19.3,33.9
6067,1979,Asia,Gasoline,All-wheel drive,3,2350,6,248.0,4310,19.0,27.1
6068,2019,USA,Gasoline,Rear-wheel drive,5,2080,6,262.0,4310,20.2,29.8
6069,2015,Asia,Gasoline,All-wheel drive,3,2080,6,226.0,4200,19.3,33.4
6070,2023,USA,Diesel,Front-wheel drive,2,2050,5,235.0,3880,18.6,33.9
6071,2002,Asia,Gasoline,Front-wheel drive,4,1800,5,225.0,3690,17.4,30.8
6072,1988,Europe,Gasoline,Front-wheel drive,5,2170,6,237.0,4120,19.5,26.5
6073,1991,Asia,Gasoline,All-wheel drive,3,2310,7,253.0,4730,19.8,27.4
6074,2011,USA,Gasoline,Front-wheel drive,4,1970,5,243.0,3840,20.6,32.4
6075,2016,USA,Gasoline,Rear-wheel drive,4,2690,7,276.0,4790,20.1,29.3
6076,1985,Asia,Hybrid,Front-wheel drive,2,2260,6,275.0,4230,18.2,33.4
6077,1982,USA,Hybrid,Front-wheel drive,3,2070,5,,3890,19.7,34.8
6078,1995,Europe,Gasoline,Front-wheel drive,5,2180,5,221.0,4060,,28.8
6079,2000,Asia,Diesel,All-wheel drive,3,2560,7,300.0,4160,19.2,29.5
6080,1991,Asia,Gasoline,Front-wheel drive,3,2060,5,207.0,3940,19.1,30.5
6081,2008,USA,Diesel,Front-wheel drive,3,1800,5,250.0,3700,17.5,33.6
6082,2016,USA,Gasoline,All-wheel drive,4,2210,6,244.0,4300,19.2,28.2
6083,2009,Europe,Diesel,Front-wheel drive,3,2520,7,296.0,4290,19.5,33.9
6084,2009,Europe,Hybrid,All-wheel drive,4,2450,6,258.0,4800,19.7,32.4
6085,2004,Europe,Diesel,Front-wheel drive,2,2130,6,247.0,3910,18.8,34.3
6086,2018,USA,Gasoline,Rear-wheel drive,2,2360,6,265.0,4320,19.9,27.8
6087,1976,Asia,Hybrid,Front-wheel drive,5,2330,6,241.0,4230,20.6,34.1
6088,1984,Asia,Hybrid,Front-wheel drive,4,2210,5,,4290,20.4,32.5
6089,1999,USA,Gasoline,Front-wheel drive,2,2570,7,292.0,4710,19.7,28.9
6090,2015,Asia,Hybrid,Rear-wheel drive,2,2300,6,251.0,3950,16.4,34.3
6091,2011,Asia,Gasoline,Rear-wheel drive,5,2150,6,221.0,4410,19.4,30.1
6092,2005,USA,Gasoline,All-wheel drive,3,2300,6,261.0,4430,18.4,28.0
6093,1982,Europe,Gasoline,Front-wheel drive,3,2220,5,,4230,18.8,32.5
6094,1989,Asia,Diesel,Front-wheel drive,3,2390,6,287.0,4030,18.0,29.5
6095,1981,Asia,Gasoline,Front-wheel drive,3,2480,7,266.0,4640,19.2,28.4
6096,1992,USA,Gasoline,Front-wheel drive,5,2350,6,267.0,4260,19.9,28.7
6097,2011,USA,Gasoline,Front-wheel drive,5,2370,6,272.0,4120,19.3,29.4
6098,2016,Europe,Gasoline,Front-wheel drive,3,2350,6,254.0,3960,,32.2
6099,2004,Europe,Gasoline,Rear-wheel drive,5,2070,6,229.0,3960,19.1,30.2
6100,1980,Asia,Diesel,Front-wheel drive,4,2210,6,,4430,19.7,28.2
6101,2018,Europe,Hybrid,Front-wheel drive,4,2700,7,302.0,4740,20.2,33.8
6102,2021,USA,Diesel,All-wheel drive,4,1890,6,267.0,4290,18.0,34.1
6103,1982,Europe,Gasoline,Rear-wheel drive,4,2230,6,248.0,4420,,28.2
6104,2024,Asia,Diesel,All-wheel drive,5,2410,6,252.0,4440,17.4,29.5
6105,1993,USA,Gasoline,All-wheel drive,4,2400,7,279.0,4560,18.5,25.6
6106,2004,Europe,Gasoline,Front-wheel drive,2,2290,6,258.0,3880,19.0,34.1
6107,1989,Europe,Diesel,Front-wheel drive,3,2330,6,272.0,4540,20.0,31.1
6108,1976,USA,Gasoline,Front-wheel drive,5,2580,6,,4210,18.6,22.1
6109,1985,Asia,Gasoline,Front-wheel drive,4,2360,6,255.0,4600,21.6,28.0
6110,2001,Europe,Diesel,Front-wheel drive,3,2500,6,287.0,4290,16.7,29.7
6111,1981,USA,Gasoline,All-wheel drive,4,2350,6,,4730,19.5,26.8
6112,2020,USA,Gasoline,Front-wheel drive,3,2350,6,242.0,4090,19.6,32.0
6113,1994,Asia,Diesel,Front-wheel drive,3,2260,6,232.0,3840,17.8,32.8
6114,1985,USA,Diesel,Rear-wheel drive,3,2370,6,265.0,4310,18.9,29.0
6115,2002,Europe,Gasoline,Rear-wheel drive,4,2550,7,269.0,4620,18.8,27.2
6116,1978,USA,Gasoline,Front-wheel drive,4,2440,6,260.0,4320,20.3,24.7
6117,2004,Europe,Gasoline,Front-wheel drive,5,2460,6,264.0,4440,18.5,28.9
6118,2015,USA,Gasoline,Front-wheel drive,3,2210,6,262.0,4110,19.0,27.6
6119,1989,USA,Gasoline,Rear-wheel drive,3,2390,6,275.0,4630,20.6,24.3
6120,2002,USA,Diesel,Front-wheel drive,5,2270,6,269.0,4640,20.8,28.5
6121,1980,Europe,Gasoline,All-wheel drive,5,2640,7,280.0,4890,21.1,27.3
6122,2014,USA,Diesel,Front-wheel drive,5,2520,7,275.0,4550,19.5,34.6
6123,1991,USA,Hybrid,Front-wheel drive,2,2210,6,250.0,4270,18.1,30.8
6124,2005,Asia,Diesel,Front-wheel drive,3,2300,5,247.0,4420,18.9,34.2
6125,2000,USA,Gasoline,Front-wheel drive,4,2340,6,262.0,4240,17.9,26.7
6126,1995,Europe,Gasoline,All-wheel drive,4,2430,7,254.0,4530,20.1,29.1
6127,1995,USA,Gasoline,Rear-wheel drive,3,2300,6,246.0,4340,18.0,24.4
6128,2011,Europe,Gasoline,All-wheel drive,5,2300,6,244.0,4530,18.0,29.3
6129,2021,Asia,Hybrid,All-wheel drive,4,2080,6,224.0,4320,17.6,35.2
6130,1987,USA,Diesel,Front-wheel drive,3,2250,6,263.0,4030,17.2,31.0
6131,2007,USA,Gasoline,All-wheel drive,3,2390,7,275.0,4410,20.7,29.8
6132,2013,Europe,Gasoline,All-wheel drive,3,2390,7,258.0,4700,18.1,30.1
6133,1998,USA,Gasoline,Front-wheel drive,2,2150,6,228.0,4210,18.6,30.8
6134,2020,USA,Gasoline,Front-wheel drive,4,2160,6,251.0,4180,18.2,30.0
6135,2023,USA,Gasoline,All-wheel drive,2,2280,7,264.0,4630,19.7,27.7
6136,2010,Asia,Gasoline,Front-wheel drive,5,2470,7,257.0,4450,20.6,30.6
6137,2006,USA,Diesel,Front-wheel drive,4,2070,5,243.0,4030,18.9,33.0
6138,1993,Asia,Gasoline,Rear-wheel drive,3,2310,6,245.0,4510,21.0,29.5
6139,1982,Asia,Gasoline,Front-wheel drive,4,2370,7,,4330,19.3,31.6
6140,1989,USA,Gasoline,Front-wheel drive,5,2030,6,244.0,4240,20.7,27.2
6141,2009,USA,Gasoline,Front-wheel drive,2,2320,6,260.0,4280,18.4,30.9
6142,2005,Europe,Gasoline,Front-wheel drive,3,2290,6,273.0,4350,19.4,30.7
6143,1986,Europe,Gasoline,Front-wheel drive,4,2090,5,247.0,3800,19.0,27.4
6144,2015,USA,Gasoline,Rear-wheel drive,4,2470,6,284.0,4540,15.9,29.2
6145,1986,Asia,Hybrid,All-wheel drive,3,2430,7,264.0,4630,18.9,31.4
6146,1991,USA,Diesel,Front-wheel drive,4,2450,7,299.0,4360,17.7,28.4
6147,1979,USA,Diesel,Front-wheel drive,4,2330,6,281.0,4040,18.7,27.5
6148,1975,Europe,Gasoline,Front-wheel drive,3,2270,6,,4190,20.1,30.0
6149,2009,Asia,Gasoline,Front-wheel drive,3,1960,5,197.0,3990,19.4,30.3
6150,2016,Europe,Gasoline,Front-wheel drive,4,2490,6,261.0,4180,17.8,31.2
6151,1985,Asia,Gasoline,Front-wheel drive,3,2140,6,230.0,4140,21.0,27.5
6152,1986,USA,Gasoline,Rear-wheel drive,3,2200,6,268.0,4590,20.8,27.7
6153,2023,Asia,Gasoline,Front-wheel drive,3,2570,6,280.0,4360,17.5,31.1
6154,2004,USA,Gasoline,Rear-wheel drive,3,2410,6,269.0,4310,18.7,25.6
6155,2021,USA,Gasoline,All-wheel drive,3,2170,6,258.0,4430,15.5,30.6
6156,1986,USA,Gasoline,Rear-wheel drive,4,2370,6,265.0,4700,21.1,27.0
6157,2002,USA,Diesel,Front-wheel drive,4,2000,5,242.0,3970,18.8,30.0
6158,1999,Asia,Hybrid,All-wheel drive,2,2230,5,242.0,4050,16.8,34.1
6159,1988,Asia,Gasoline,Front-wheel drive,5,2280,6,253.0,4140,18.6,32.1
6160,2002,Europe,Diesel,Front-wheel drive,5,2080,6,229.0,4070,19.4,35.4
6161,1995,Europe,Gasoline,Rear-wheel drive,4,2220,6,210.0,4330,19.5,28.7
6162,1988,Asia,Gasoline,Rear-wheel drive,4,2230,5,240.0,4180,19.5,30.0
6163,1991,Asia,Gasoline,All-wheel drive,3,2430,7,261.0,4650,19.3,24.3
6164,1994,USA,Gasoline,All-wheel drive,5,2270,6,249.0,4700,21.0,29.9
6165,1987,Asia,Gasoline,Front-wheel drive,4,2340,7,249.0,4450,22.1,26.3
6166,2006,Asia,Gasoline,Rear-wheel drive,2,2310,6,259.0,4390,20.2,29.5
6167,2000,Europe,Hybrid,Front-wheel drive,4,2380,6,262.0,4390,15.0,30.3
6168,2007,USA,Gasoline,Front-wheel drive,2,2380,6,251.0,4540,20.5,28.2
6169,2022,Europe,Gasoline,Rear-wheel drive,4,2420,6,263.0,4740,19.3,31.6
6170,1991,Europe,Diesel,Rear-wheel drive,5,2470,6,285.0,4880,20.2,26.7
6171,1987,Asia,Gasoline,Front-wheel drive,4,2490,7,258.0,4530,19.0,27.4
6172,2014,USA,Diesel,Front-wheel drive,3,1990,6,249.0,3730,18.1,35.4
6173,2020,Europe,Gasoline,All-wheel drive,4,1820,5,195.0,3870,17.3,32.3
6174,1976,USA,Diesel,Front-wheel drive,4,2200,6,258.0,4130,17.7,28.2
6175,1990,Asia,Diesel,Rear-wheel drive,4,2580,6,280.0,4490,18.7,28.0
6176,1994,Asia,Gasoline,All-wheel drive,4,2200,6,242.0,4220,20.2,28.5
6177,2010,USA,Diesel,Front-wheel drive,5,2410,6,261.0,4270,16.8,32.2
6178,1998,Asia,Diesel,Front-wheel drive,2,2280,6,260.0,3950,16.6,30.8
6179,2013,USA,Gasoline,Front-wheel drive,3,2450,6,280.0,4270,22.1,29.7
6180,1981,Asia,Gasoline,All-wheel drive,3,2560,6,261.0,4720,20.4,24.5
6181,1982,USA,Gasoline,Front-wheel drive,4,2250,6,,4360,19.0,25.1
6182,2002,Asia,Hybrid,All-wheel drive,3,2560,7,279.0,4880,21.6,32.4
6183,1995,USA,Gasoline,Front-wheel drive,4,2270,6,267.0,4250,20.7,29.1
6184,2023,USA,Gasoline,All-wheel drive,2,2080,5,237.0,4080,20.2,30.8
6185,2011,USA,Gasoline,Front-wheel drive,4,2390,7,266.0,4420,18.1,28.6
6186,1983,Europe,Gasoline,Rear-wheel drive,4,2290,6,261.0,4390,19.5,26.9
6187,2010,Asia,Gasoline,Rear-wheel drive,4,2390,6,263.0,4290,19.1,30.6
6188,2005,USA,Gasoline,Rear-wheel drive,5,2280,6,256.0,4550,19.5,28.2
6189,2019,Asia,Gasoline,Front-wheel drive,5,2060,6,246.0,3860,18.6,32.7
6190,1980,Europe,Hybrid,All-wheel drive,3,2020,6,,4190,18.7,32.7
6191,1988,USA,Gasoline,Front-wheel drive,3,2420,6,276.0,4280,16.5,27.6
6192,1983,USA,Gasoline,Front-wheel drive,3,2020,6,,3910,19.1,27.2
6193,2004,Asia,Diesel,Front-wheel drive,4,2490,6,264.0,4640,21.5,31.0
6194,1998,USA,Gasoline,Front-wheel drive,3,2060,6,238.0,3840,20.2,31.0
6195,2005,Asia,Gasoline,Rear-wheel drive,5,2360,6,223.0,4760,21.9,27.8
6196,2014,USA,Gasoline,Rear-wheel drive,5,2180,6,266.0,4480,17.6,29.3
6197,2016,Asia,Hybrid,Front-wheel drive,3,2070,6,228.0,3660,16.1,39.0
6198,1994,USA,Gasoline,Rear-wheel drive,3,1800,5,225.0,3980,19.6,29.1
6199,2014,Asia,Diesel,All-wheel drive,5,2220,6,268.0,4360,17.8,32.2
6200,1996,Europe,Gasoline,Front-wheel drive,4,2260,6,250.0,4170,21.8,33.3
6201,1982,Europe,Diesel,Front-wheel drive,4,2150,6,250.0,3990,18.7,31.7
6202,1997,Asia,Diesel,All-wheel drive,4,2270,6,260.0,4410,17.1,29.6
6203,2021,Asia,Gasoline,Front-wheel drive,3,2360,6,236.0,4230,19.9,30.3
6204,2007,Europe,Gasoline,Front-wheel drive,3,2030,5,232.0,3740,18.0,31.9
6205,1990,Europe,Gasoline,Rear-wheel drive,3,2360,7,265.0,4270,18.5,27.2
6206,1977,Asia,Diesel,All-wheel drive,4,2200,6,235.0,4530,23.3,28.5
6207,1980,Europe,Gasoline,Front-wheel drive,5,1890,6,224.0,4000,17.5,29.3
6208,1979,Asia,Gasoline,Front-wheel drive,4,2180,6,,4030,19.6,30.8
6209,2004,USA,Diesel,Front-wheel drive,4,2190,6,280.0,4240,18.0,30.9
6210,1978,Asia,Diesel,All-wheel drive,4,2370,6,,4520,18.3,33.1
6211,2003,Asia,Diesel,Rear-wheel drive,3,2280,6,262.0,4150,19.3,31.7
6212,1993,USA,Hybrid,Front-wheel drive,4,2590,6,288.0,4740,17.6,33.1
6213,2016,USA,Gasoline,All-wheel drive,3,2480,6,280.0,4410,19.0,31.2
6214,1994,USA,Gasoline,Rear-wheel drive,5,2210,6,238.0,4450,21.5,27.6
6215,1988,Europe,Gasoline,Rear-wheel drive,4,2160,6,238.0,4030,15.7,28.7
6216,2005,USA,Gasoline,Front-wheel drive,5,2190,6,244.0,4270,18.1,30.8
6217,2008,USA,Diesel,Front-wheel drive,4,2340,6,276.0,4380,19.1,31.8
6218,2021,Asia,Gasoline,All-wheel drive,4,1860,5,181.0,4070,21.2,31.9
6219,2007,Europe,Gasoline,All-wheel drive,3,1950,6,199.0,4270,18.3,30.8
6220,1996,USA,Gasoline,All-wheel drive,3,2260,6,279.0,4290,17.8,25.6
6221,1976,Asia,Gasoline,Front-wheel drive,4,2400,6,255.0,4380,19.2,29.0
6222,1998,Europe,Gasoline,All-wheel drive,2,2530,7,281.0,4730,22.5,28.1
6223,1989,Asia,Gasoline,Front-wheel drive,5,2290,6,243.0,4280,19.6,27.6
6224,2018,USA,Gasoline,Front-wheel drive,3,1950,6,245.0,3820,18.6,31.7
6225,2019,Asia,Hybrid,Front-wheel drive,5,2190,6,243.0,4300,17.5,36.3
6226,2016,USA,Gasoline,Rear-wheel drive,3,2400,6,257.0,4350,19.2,28.0
6227,1983,USA,Gasoline,Rear-wheel drive,5,2230,6,263.0,4650,20.1,25.4
6228,1998,Asia,Hybrid,Rear-wheel drive,4,2170,6,239.0,4160,18.9,32.6
6229,2005,USA,Gasoline,All-wheel drive,5,2270,7,271.0,4480,19.7,29.6
6230,2012,Europe,Gasoline,Front-wheel drive,4,2190,6,227.0,4240,17.9,30.0
6231,2005,Asia,Diesel,All-wheel drive,4,2440,6,279.0,4610,19.2,32.0
6232,2019,USA,Diesel,Front-wheel drive,3,2410,6,288.0,4270,16.9,30.6
6233,1989,USA,Hybrid,Front-wheel drive,3,2380,6,291.0,4290,16.5,30.6
6234,1984,Asia,Gasoline,All-wheel drive,3,2350,6,247.0,4420,18.5,28.5
6235,2018,Europe,Gasoline,Front-wheel drive,3,2310,6,238.0,4250,19.3,31.5
6236,1999,USA,Gasoline,Front-wheel drive,2,2340,6,271.0,4150,19.3,28.0
6237,2006,USA,Diesel,Rear-wheel drive,2,2440,6,,4260,17.5,28.7
6238,2024,USA,Hybrid,Rear-wheel drive,4,2230,5,245.0,4310,18.3,34.2
6239,1982,Asia,Gasoline,Front-wheel drive,2,2550,6,274.0,4450,20.5,27.0
6240,2002,USA,Diesel,Front-wheel drive,3,2600,6,294.0,4480,18.5,27.8
6241,1992,USA,Gasoline,Front-wheel drive,3,2340,6,283.0,4300,17.9,27.6
6242,1996,Europe,Hybrid,All-wheel drive,3,2100,6,227.0,4560,18.1,32.0
6243,2004,USA,Gasoline,Rear-wheel drive,5,2110,6,237.0,4310,19.5,27.6
6244,1975,USA,Gasoline,Front-wheel drive,3,2800,7,294.0,4740,19.6,23.1
6245,2004,Europe,Gasoline,Rear-wheel drive,2,2350,6,256.0,4510,18.1,28.4
6246,1988,Asia,Diesel,Front-wheel drive,4,2290,7,277.0,4380,18.5,30.3
6247,2002,Asia,Gasoline,Rear-wheel drive,4,2240,6,261.0,4370,18.9,29.9
6248,1993,USA,Hybrid,Front-wheel drive,3,2270,6,,4060,18.0,30.7
6249,2022,Europe,Diesel,Front-wheel drive,4,2380,6,263.0,4250,17.0,37.8
6250,1982,Asia,Gasoline,Front-wheel drive,4,2180,6,228.0,4080,17.5,31.1
6251,1988,USA,Gasoline,Front-wheel drive,4,2410,6,272.0,4370,18.7,25.5
6252,2015,USA,Diesel,Front-wheel drive,3,1900,5,239.0,3790,20.3,32.5
6253,1999,Europe,Gasoline,Rear-wheel drive,4,2300,6,239.0,4490,20.6,29.7
6254,1990,Asia,Gasoline,All-wheel drive,2,2520,7,274.0,4580,17.1,28.5
6255,1998,USA,Gasoline,Front-wheel drive,5,2490,6,312.0,4490,17.5,28.7
6256,1986,Asia,Gasoline,Front-wheel drive,2,2450,6,266.0,4160,18.6,29.9
6257,2014,Asia,Diesel,All-wheel drive,4,2230,6,240.0,4470,20.5,30.3
6258,2010,Asia,Hybrid,Front-wheel drive,5,2150,6,261.0,4090,19.4,34.8
6259,2013,USA,Gasoline,Rear-wheel drive,4,2590,7,308.0,4300,17.7,28.8
6260,2003,Europe,Gasoline,All-wheel drive,4,2290,6,249.0,4250,,26.9
6261,2006,USA,Diesel,Front-wheel drive,5,2470,6,274.0,4310,19.7,32.4
6262,2004,USA,Gasoline,Front-wheel drive,3,2320,6,240.0,3950,17.2,30.2
6263,1993,Asia,Gasoline,All-wheel drive,2,2360,6,252.0,4460,21.0,28.6
6264,2022,USA,Gasoline,Front-wheel drive,3,2160,6,226.0,4370,17.6,33.9
6265,2010,Asia,Gasoline,Front-wheel drive,4,2300,6,254.0,4220,19.8,30.5
6266,2021,Europe,Diesel,Front-wheel drive,3,2270,6,256.0,4050,16.7,33.9
6267,2016,Europe,Gasoline,Rear-wheel drive,4,2120,6,235.0,4330,18.8,31.9
6268,2021,Asia,Gasoline,Front-wheel drive,3,2230,6,232.0,4200,18.6,32.9
6269,1997,Asia,Gasoline,All-wheel drive,2,2330,6,263.0,4540,19.9,29.2
6270,2001,Europe,Diesel,Front-wheel drive,5,1920,5,233.0,3730,18.7,36.0
6271,1989,USA,Gasoline,Front-wheel drive,4,2330,6,269.0,4430,19.8,26.6
6272,1999,USA,Hybrid,Rear-wheel drive,3,2180,6,236.0,4270,19.0,32.2
6273,2017,USA,Hybrid,Front-wheel drive,4,2080,6,264.0,3910,19.7,34.1
6274,1987,Asia,Diesel,Front-wheel drive,5,2240,6,264.0,4280,18.7,30.9
6275,1985,Asia,Gasoline,Front-wheel drive,3,2400,7,262.0,4520,18.1,27.0
6276,2002,USA,Gasoline,All-wheel drive,4,2700,7,314.0,5180,17.6,23.2
6277,2018,USA,Diesel,Front-wheel drive,3,1990,5,260.0,3800,16.5,33.0
6278,1997,USA,Gasoline,All-wheel drive,4,2400,7,271.0,4540,17.9,25.0
6279,1983,USA,Gasoline,Front-wheel drive,3,2100,5,228.0,4140,20.3,26.6
6280,1981,Asia,Gasoline,Rear-wheel drive,4,2070,6,,3840,19.3,29.9
6281,2010,Asia,Gasoline,Rear-wheel drive,2,2500,6,271.0,4580,17.9,29.4
6282,2024,USA,Gasoline,Front-wheel drive,2,1980,6,245.0,4030,18.4,30.8
6283,2014,Asia,Gasoline,Rear-wheel drive,3,2140,6,242.0,4060,19.1,30.9
6284,2014,Asia,Gasoline,Front-wheel drive,4,2140,6,235.0,4020,20.1,31.2
6285,2017,USA,Diesel,Front-wheel drive,4,2410,7,291.0,4480,18.3,29.5
6286,1976,USA,Hybrid,Front-wheel drive,3,2080,6,227.0,4390,21.4,30.9
6287,1997,Asia,Gasoline,All-wheel drive,4,2300,6,254.0,4500,20.1,28.5
6288,1981,Europe,Gasoline,Front-wheel drive,3,2190,6,228.0,4060,20.0,29.8
6289,2024,Asia,Gasoline,All-wheel drive,2,2530,6,258.0,4680,19.0,29.2
6290,2001,Asia,Gasoline,Front-wheel drive,4,2220,6,244.0,3760,19.2,30.0
6291,2023,Asia,Diesel,Rear-wheel drive,2,2270,6,276.0,4420,17.9,33.0
6292,2019,Asia,Gasoline,Front-wheel drive,3,2060,6,228.0,3670,16.1,32.6
6293,1998,Asia,Hybrid,Front-wheel drive,2,2230,7,248.0,3900,19.0,34.5
6294,2019,Asia,Gasoline,Front-wheel drive,4,2290,7,247.0,4320,18.8,33.9
6295,1989,USA,Gasoline,All-wheel drive,4,2010,6,245.0,4300,18.4,24.5
6296,2024,Asia,Gasoline,Front-wheel drive,4,2410,6,260.0,4370,18.3,33.0
6297,1997,USA,Gasoline,All-wheel drive,3,2490,6,284.0,4430,19.4,29.5
6298,2011,USA,Gasoline,Rear-wheel drive,3,2760,7,291.0,4810,19.3,30.7
6299,1980,USA,Diesel,Front-wheel drive,5,2280,6,269.0,4720,20.1,29.5
6300,2014,USA,Gasoline,Rear-wheel drive,2,1910,6,,4150,20.0,33.0
6301,1993,USA,Gasoline,All-wheel drive,5,2390,7,279.0,4670,19.9,24.2
6302,1978,Europe,Gasoline,All-wheel drive,3,2200,6,236.0,4330,18.2,27.2
6303,2017,Asia,Gasoline,Rear-wheel drive,5,2080,6,258.0,4470,18.3,32.5
6304,2021,Asia,Diesel,Front-wheel drive,3,2060,6,225.0,4010,18.8,35.1
6305,1982,USA,Gasoline,All-wheel drive,4,2520,7,289.0,4970,19.7,22.6
6306,1997,Europe,Diesel,Front-wheel drive,3,2490,7,284.0,4440,,32.1
6307,1987,USA,Diesel,Rear-wheel drive,4,2210,6,260.0,4380,18.9,30.2
6308,2019,USA,Gasoline,Front-wheel drive,3,2270,6,259.0,4270,20.8,33.0
6309,2007,USA,Diesel,Rear-wheel drive,5,2400,6,278.0,4570,18.6,32.2
6310,2016,Europe,Gasoline,Rear-wheel drive,4,2250,6,253.0,4330,18.6,29.6
6311,2007,USA,Gasoline,Front-wheel drive,4,2310,7,295.0,4610,17.0,30.9
6312,1994,USA,Gasoline,Front-wheel drive,3,2320,6,259.0,4310,20.9,25.1
6313,2014,Europe,Gasoline,Front-wheel drive,3,2400,6,,4330,19.5,33.2
6314,1977,Europe,Gasoline,Front-wheel drive,4,2310,6,239.0,4210,18.8,26.9
6315,2013,Asia,Gasoline,Front-wheel drive,3,2520,6,252.0,4220,18.9,28.3
6316,2000,Europe,Diesel,Front-wheel drive,4,2240,6,255.0,4020,20.3,30.3
6317,2004,Asia,Diesel,Rear-wheel drive,4,2360,6,268.0,4300,17.9,35.0
6318,2022,Asia,Gasoline,Rear-wheel drive,2,2370,6,243.0,4730,19.1,27.8
6319,1977,Europe,Gasoline,Front-wheel drive,2,1970,5,209.0,3700,18.0,32.1
6320,1992,Asia,Gasoline,Rear-wheel drive,3,2540,7,258.0,4570,18.0,27.8
6321,2013,Europe,Diesel,Front-wheel drive,4,2310,6,265.0,4130,18.4,29.0
6322,1997,Europe,Diesel,Front-wheel drive,5,1980,6,245.0,4100,,36.9
6323,1984,USA,Gasoline,Front-wheel drive,3,2460,6,265.0,4380,18.0,26.1
6324,2008,Asia,Gasoline,Front-wheel drive,4,2110,5,220.0,3810,17.2,30.8
6325,1999,Asia,Diesel,Rear-wheel drive,3,2040,5,231.0,3960,19.9,31.5
6326,1987,Europe,Diesel,Front-wheel drive,5,2640,7,286.0,4580,19.2,30.6
6327,1993,USA,Gasoline,All-wheel drive,2,2360,6,250.0,4390,21.0,24.0
6328,2011,Asia,Gasoline,Front-wheel drive,4,2250,6,222.0,4160,19.7,30.2
6329,2010,USA,Gasoline,Rear-wheel drive,3,2390,7,287.0,4590,19.0,28.2
6330,2010,Europe,Gasoline,All-wheel drive,2,2360,6,234.0,4370,17.4,27.1
6331,1996,Asia,Gasoline,Front-wheel drive,2,2150,6,243.0,3960,18.2,30.8
6332,1989,USA,Gasoline,Rear-wheel drive,3,2420,7,,4650,16.6,26.8
6333,1983,USA,Gasoline,Front-wheel drive,3,2360,6,,4390,18.2,27.7
6334,1993,Asia,Gasoline,Front-wheel drive,4,1920,5,223.0,3980,18.9,29.1
6335,2004,Asia,Gasoline,All-wheel drive,3,2130,6,250.0,4230,19.1,30.3
6336,1991,Asia,Gasoline,All-wheel drive,2,2270,7,242.0,4640,18.9,28.4
6337,2013,Europe,Gasoline,All-wheel drive,3,2120,6,225.0,4220,18.2,30.1
6338,2020,USA,Gasoline,All-wheel drive,3,2770,7,313.0,4940,17.7,27.2
6339,1997,Asia,Gasoline,Rear-wheel drive,2,2310,6,238.0,4430,18.0,29.3
6340,2012,Asia,Diesel,Front-wheel drive,3,2210,6,251.0,4540,17.9,32.0
6341,1990,USA,Gasoline,Front-wheel drive,5,2190,6,242.0,4360,19.4,28.7
6342,1991,USA,Hybrid,Front-wheel drive,2,2390,7,278.0,4480,22.3,28.2
6343,2007,Europe,Gasoline,Rear-wheel drive,4,2320,7,252.0,4290,19.9,30.6
6344,1975,USA,Gasoline,All-wheel drive,4,2380,6,,4440,20.1,25.2
6345,1976,Asia,Diesel,Front-wheel drive,4,2260,6,253.0,4080,18.1,28.6
6346,2011,USA,Gasoline,All-wheel drive,4,2500,7,295.0,4570,20.0,26.5
6347,1998,Asia,Hybrid,All-wheel drive,2,2150,6,252.0,4280,21.2,33.0
6348,1981,USA,Gasoline,Front-wheel drive,2,2410,7,,4190,17.6,29.1
6349,1982,Europe,Gasoline,Front-wheel drive,4,2270,6,,3840,18.1,34.1
6350,2024,USA,Hybrid,Front-wheel drive,4,2120,5,246.0,4150,18.2,38.2
6351,2000,Europe,Gasoline,Front-wheel drive,4,2220,6,225.0,4200,20.1,32.2
6352,2002,USA,Gasoline,Front-wheel drive,2,2350,6,261.0,4260,21.8,30.0
6353,2019,Asia,Gasoline,Front-wheel drive,3,2480,7,300.0,4330,16.9,32.0
6354,2022,Asia,Diesel,Front-wheel drive,4,1990,6,225.0,3870,17.2,41.2
6355,2006,Asia,Gasoline,Front-wheel drive,4,2370,6,249.0,4210,20.0,28.3
6356,2001,Europe,Gasoline,Rear-wheel drive,4,2160,6,257.0,4060,17.6,31.9
6357,1985,USA,Gasoline,Rear-wheel drive,3,2480,6,266.0,4520,17.7,24.7
6358,1978,Asia,Gasoline,Front-wheel drive,4,2300,6,242.0,4460,20.4,27.1
6359,2020,USA,Gasoline,Front-wheel drive,4,2520,7,303.0,4750,16.7,32.2
6360,2023,Europe,Gasoline,Front-wheel drive,5,2340,6,272.0,4300,19.0,30.4
6361,2013,Asia,Gasoline,Front-wheel drive,3,2000,6,213.0,3940,19.9,32.8
6362,2009,Asia,Gasoline,Front-wheel drive,5,2330,6,222.0,4330,17.3,33.6
6363,1998,Europe,Gasoline,Front-wheel drive,4,2400,6,272.0,4150,17.1,30.4
6364,1990,Asia,Diesel,Front-wheel drive,4,2100,6,259.0,4100,20.5,34.4
6365,2020,USA,Gasoline,Front-wheel drive,5,2210,6,265.0,4450,18.6,28.5
6366,1996,Europe,Diesel,Front-wheel drive,2,1770,5,202.0,3550,20.8,32.2
6367,1993,Europe,Gasoline,Front-wheel drive,4,2030,5,,4060,20.6,28.2
6368,2012,USA,Gasoline,Front-wheel drive,2,2130,6,233.0,3910,19.7,31.4
6369,2022,Europe,Gasoline,Front-wheel drive,4,2220,6,269.0,3880,14.9,33.0
6370,2006,USA,Gasoline,Front-wheel drive,2,2280,6,252.0,4190,20.5,25.7
6371,1984,Asia,Gasoline,All-wheel drive,5,2020,6,221.0,4180,18.2,29.3
6372,2020,Asia,Gasoline,Front-wheel drive,4,2110,6,210.0,4370,19.3,30.4
6373,1985,Europe,Diesel,Rear-wheel drive,4,2200,6,265.0,4280,20.4,28.0
6374,2015,USA,Gasoline,Front-wheel drive,2,2280,6,262.0,4050,16.7,31.3
6375,1997,USA,Diesel,Front-wheel drive,4,2360,6,262.0,4630,18.8,29.5
6376,2011,Europe,Gasoline,Rear-wheel drive,4,2520,7,275.0,4670,17.5,30.7
6377,1976,Europe,Gasoline,Rear-wheel drive,4,1970,5,211.0,3900,20.0,31.2
6378,1996,Asia,Diesel,Front-wheel drive,4,2080,6,224.0,3910,16.8,32.9
6379,1991,USA,Diesel,Front-wheel drive,4,2070,5,257.0,4150,19.3,30.8
6380,1977,USA,Gasoline,Front-wheel drive,3,2170,6,,4290,20.1,28.5
6381,1982,Asia,Diesel,Front-wheel drive,4,2490,6,280.0,4760,20.1,30.0
6382,2016,Asia,Gasoline,All-wheel drive,5,2050,5,226.0,4430,20.1,32.5
6383,2014,Europe,Gasoline,Front-wheel drive,3,2160,5,223.0,3780,,33.7
6384,2023,USA,Gasoline,Rear-wheel drive,3,2090,6,256.0,4490,20.2,32.3
6385,1995,Asia,Gasoline,Rear-wheel drive,4,2240,6,249.0,4750,21.1,27.5
6386,1997,Asia,Hybrid,Rear-wheel drive,3,2450,6,252.0,4350,18.2,28.6
6387,1988,USA,Gasoline,Front-wheel drive,4,2190,6,267.0,4180,17.1,28.7
6388,2021,USA,Hybrid,Front-wheel drive,5,2020,6,256.0,4460,19.3,36.0
6389,2003,Europe,Gasoline,Rear-wheel drive,3,2100,6,224.0,4230,,30.5
6390,1978,USA,Gasoline,Rear-wheel drive,4,2480,6,,4640,19.9,21.9
6391,1999,USA,Gasoline,Front-wheel drive,2,2400,7,269.0,4320,19.9,30.6
6392,2023,Asia,Gasoline,Front-wheel drive,4,2190,6,232.0,4060,18.8,34.4
6393,2015,USA,Gasoline,Front-wheel drive,4,1670,5,201.0,3610,20.3,35.9
6394,1995,Asia,Gasoline,Front-wheel drive,3,2220,6,245.0,4120,20.6,29.6
6395,2007,USA,Gasoline,All-wheel drive,3,2070,6,224.0,4320,17.8,27.3
6396,2005,Asia,Gasoline,Front-wheel drive,2,2310,6,245.0,4110,19.0,29.1
6397,2021,Asia,Gasoline,Front-wheel drive,3,2340,7,257.0,4340,17.9,33.0
6398,2011,Europe,Diesel,Front-wheel drive,2,2060,5,242.0,4100,19.8,31.1
6399,1979,Asia,Hybrid,Front-wheel drive,3,2400,6,,4250,17.5,32.6
6400,1975,USA,Gasoline,Front-wheel drive,4,2430,6,280.0,4440,19.0,24.7
6401,1996,Europe,Gasoline,Rear-wheel drive,3,2400,7,255.0,4670,18.2,29.5
6402,1991,Asia,Gasoline,All-wheel drive,3,2220,6,241.0,4210,18.1,29.9
6403,1988,USA,Gasoline,Rear-wheel drive,3,2090,6,243.0,4240,18.3,25.8
6404,1976,Europe,Gasoline,Rear-wheel drive,4,2250,6,233.0,4260,19.1,28.2
6405,2016,USA,Gasoline,Front-wheel drive,4,2360,7,278.0,4730,18.3,29.7
6406,2023,Europe,Gasoline,Front-wheel drive,3,2090,6,217.0,3910,18.3,33.1
6407,1982,USA,Diesel,Front-wheel drive,4,2000,6,,4010,18.1,30.6
6408,1983,USA,Diesel,Rear-wheel drive,5,2430,7,308.0,4750,18.6,28.6
6409,1991,Europe,Gasoline,Front-wheel drive,3,2560,7,270.0,4490,18.4,28.2
6410,2022,USA,Gasoline,Rear-wheel drive,5,2270,6,274.0,4580,16.9,32.8
6411,1976,Asia,Diesel,Front-wheel drive,5,2510,6,279.0,4130,19.0,28.1
6412,1983,Europe,Gasoline,All-wheel drive,2,1960,5,,4040,20.4,28.3
6413,1990,Europe,Gasoline,Rear-wheel drive,3,2160,6,230.0,4160,,27.5
6414,1977,Asia,Gasoline,Front-wheel drive,2,1980,5,,3780,17.8,32.5
6415,1990,Asia,Gasoline,Front-wheel drive,3,2560,6,251.0,4380,21.0,31.4
6416,1991,Europe,Gasoline,All-wheel drive,3,2470,7,284.0,4350,19.5,24.5
6417,1980,Europe,Gasoline,Front-wheel drive,4,1890,5,206.0,3830,18.4,28.9
6418,1988,USA,Gasoline,Front-wheel drive,3,2400,6,274.0,4340,18.2,26.9
6419,2017,Europe,Gasoline,Front-wheel drive,3,2160,6,240.0,4260,19.8,32.4
6420,1990,Asia,Diesel,Front-wheel drive,4,2070,5,243.0,3860,17.2,33.7
6421,1989,Asia,Gasoline,Front-wheel drive,2,2360,7,261.0,4250,17.3,29.1
6422,2001,Europe,Gasoline,All-wheel drive,5,2130,6,242.0,4540,21.3,30.2
6423,2010,USA,Gasoline,Front-wheel drive,4,2390,6,252.0,4310,18.0,28.1
6424,2002,Asia,Gasoline,Front-wheel drive,2,2250,6,253.0,3840,17.5,32.2
6425,1981,Asia,Hybrid,Front-wheel drive,3,2180,6,236.0,4290,18.2,32.4
6426,1981,Asia,Gasoline,Front-wheel drive,3,2120,6,,4070,19.3,29.7
6427,1997,USA,Gasoline,All-wheel drive,4,2260,6,265.0,4280,18.1,26.5
6428,1995,USA,Diesel,All-wheel drive,4,2380,7,281.0,4580,17.7,28.3
6429,1992,Asia,Gasoline,Front-wheel drive,5,2350,6,275.0,4230,18.1,29.1
6430,1979,USA,Gasoline,Rear-wheel drive,4,2240,6,256.0,4570,20.8,23.9
6431,2018,Asia,Gasoline,Rear-wheel drive,4,2650,7,253.0,4470,18.4,28.8
6432,2006,USA,Gasoline,Front-wheel drive,4,2260,6,251.0,4220,19.4,28.4
6433,1977,Asia,Gasoline,Front-wheel drive,3,1940,5,216.0,4010,18.1,31.2
6434,2011,Asia,Gasoline,Rear-wheel drive,2,2110,5,215.0,3930,16.9,32.0
6435,2002,Europe,Gasoline,Front-wheel drive,3,2250,6,226.0,4100,20.3,30.1
6436,2009,USA,Gasoline,All-wheel drive,2,2260,6,286.0,4740,18.0,29.2
6437,1999,USA,Gasoline,All-wheel drive,3,1970,5,222.0,4280,19.1,27.1
6438,2012,Europe,Diesel,Rear-wheel drive,4,2120,6,233.0,4420,22.5,34.6
6439,2001,USA,Hybrid,Front-wheel drive,2,2380,6,276.0,4410,19.9,32.5
6440,1991,Europe,Diesel,Front-wheel drive,4,2170,6,253.0,4140,19.0,31.0
6441,1976,Europe,Gasoline,Front-wheel drive,3,2210,6,237.0,4230,20.6,28.3
6442,1976,Asia,Gasoline,Rear-wheel drive,5,2140,6,235.0,4460,20.8,28.9
6443,1975,Asia,Diesel,All-wheel drive,4,2530,7,289.0,4800,16.8,29.4
6444,2017,USA,Hybrid,Rear-wheel drive,5,2400,6,269.0,4400,17.7,33.5
6445,1987,USA,Gasoline,Front-wheel drive,5,2360,6,253.0,4190,18.5,29.7
6446,2024,USA,Hybrid,Rear-wheel drive,4,2580,7,288.0,4600,18.2,33.1
6447,2023,USA,Gasoline,Front-wheel drive,4,1990,6,230.0,4010,16.8,32.6
6448,1984,USA,Hybrid,Front-wheel drive,4,2280,6,258.0,4280,21.4,36.0
6449,1994,Asia,Gasoline,Rear-wheel drive,5,2400,7,267.0,4520,19.0,25.3
6450,1983,Europe,Gasoline,Front-wheel drive,3,2200,6,251.0,3860,,28.6
6451,2006,USA,Gasoline,Front-wheel drive,4,2490,7,274.0,4480,19.4,30.6
6452,1999,Europe,Diesel,Front-wheel drive,4,2420,7,282.0,4070,19.9,33.2
6453,1990,Asia,Gasoline,Front-wheel drive,5,1960,6,244.0,3830,18.0,31.8
6454,2015,Asia,Diesel,Front-wheel drive,4,2450,7,261.0,4230,19.1,33.1
6455,1989,Europe,Gasoline,Front-wheel drive,2,2430,6,266.0,4190,18.4,27.8
6456,2009,Asia,Gasoline,All-wheel drive,4,2840,7,305.0,4890,20.9,27.4
6457,1985,Europe,Gasoline,Front-wheel drive,4,2050,6,238.0,4070,16.3,30.6
6458,2018,USA,Gasoline,Front-wheel drive,4,2300,6,274.0,4270,19.2,30.3
6459,2003,Asia,Gasoline,All-wheel drive,3,1990,6,235.0,4190,18.8,31.0
6460,2016,USA,Gasoline,Rear-wheel drive,3,2540,6,295.0,4790,16.3,29.5
6461,2004,Asia,Gasoline,Front-wheel drive,5,2410,6,249.0,4270,17.0,28.3
6462,1976,Europe,Gasoline,Front-wheel drive,3,2070,5,,3870,19.1,28.1
6463,2004,USA,Gasoline,Front-wheel drive,3,2320,6,264.0,4470,19.9,28.7
6464,2005,Europe,Diesel,Front-wheel drive,3,2010,6,251.0,3710,15.1,36.1
6465,1987,USA,Hybrid,All-wheel drive,2,2450,6,266.0,4690,20.1,30.2
6466,1999,Asia,Gasoline,Rear-wheel drive,3,2550,6,276.0,4560,18.5,27.1
6467,1994,USA,Gasoline,Front-wheel drive,5,2380,6,276.0,4250,18.0,27.7
6468,1995,USA,Diesel,Front-wheel drive,4,2070,6,264.0,3810,18.4,31.5
6469,1984,Asia,Gasoline,Front-wheel drive,4,2020,5,224.0,3670,14.9,31.5
6470,2012,USA,Diesel,All-wheel drive,3,2460,6,288.0,4580,18.8,29.7
6471,2017,Europe,Gasoline,Front-wheel drive,4,2400,7,267.0,4400,18.4,30.9
6472,1986,Europe,Gasoline,All-wheel drive,3,2060,5,215.0,4380,22.3,25.9
6473,1982,Asia,Hybrid,Rear-wheel drive,4,1820,5,218.0,3730,19.5,34.1
6474,1981,Europe,Gasoline,Rear-wheel drive,2,2330,6,249.0,4040,18.5,28.6
6475,1980,USA,Gasoline,Front-wheel drive,4,2220,6,230.0,4170,19.2,25.0
6476,1984,Asia,Gasoline,Front-wheel drive,5,2050,6,227.0,4020,19.1,28.6
6477,2011,USA,Gasoline,Rear-wheel drive,3,2540,7,301.0,4770,17.4,28.7
6478,2023,Europe,Diesel,Front-wheel drive,5,2120,6,246.0,4250,17.1,33.7
6479,1992,USA,Diesel,Front-wheel drive,4,2170,6,273.0,4160,16.4,28.4
6480,2021,USA,Gasoline,Front-wheel drive,5,2290,6,256.0,4330,18.6,28.6
6481,2013,Asia,Gasoline,Front-wheel drive,3,2250,6,235.0,4080,18.7,32.9
6482,1990,Europe,Diesel,All-wheel drive,5,2310,6,296.0,4660,19.9,28.8
6483,1980,Europe,Gasoline,Rear-wheel drive,3,2530,6,,4680,19.6,26.0
6484,2005,USA,Gasoline,Front-wheel drive,3,2270,6,251.0,4400,17.1,27.7
6485,1997,Europe,Diesel,Front-wheel drive,3,2700,7,309.0,4750,17.3,28.3
6486,2022,Asia,Hybrid,Front-wheel drive,5,2310,6,250.0,3910,18.2,35.7
6487,1981,Europe,Diesel,All-wheel drive,3,2550,6,262.0,4750,18.0,24.6
6488,1979,Europe,Diesel,Rear-wheel drive,4,1960,6,244.0,4110,17.6,29.7
6489,1999,Europe,Diesel,All-wheel drive,5,2240,6,261.0,4440,17.1,29.6
6490,2010,Asia,Diesel,Front-wheel drive,4,2170,6,251.0,3970,19.8,34.1
6491,2019,Europe,Gasoline,Rear-wheel drive,2,1900,5,209.0,4110,19.1,33.4
6492,2000,USA,Hybrid,All-wheel drive,3,2360,6,278.0,4640,16.0,31.3
6493,1983,Asia,Gasoline,All-wheel drive,3,1960,5,,4190,21.4,27.9
6494,2021,Asia,Diesel,All-wheel drive,4,2240,6,280.0,4450,20.7,32.3
6495,2012,Europe,Gasoline,Front-wheel drive,2,2160,6,266.0,4040,18.5,31.5
6496,1987,Europe,Gasoline,Front-wheel drive,2,2150,6,223.0,4120,19.1,29.2
6497,2010,Europe,Gasoline,All-wheel drive,4,2110,6,251.0,4220,,30.1
6498,1978,Europe,Gasoline,Front-wheel drive,3,2210,5,,4030,18.8,28.3
6499,1991,USA,Diesel,Front-wheel drive,3,2320,6,268.0,4260,19.9,31.4
6500,1980,Asia,Diesel,Front-wheel drive,3,2420,7,,4220,17.2,28.3
6501,2012,Europe,Gasoline,Front-wheel drive,3,2320,6,251.0,4170,20.1,32.9
6502,2009,Europe,Gasoline,Front-wheel drive,4,1910,5,209.0,3860,18.5,32.8
6503,2008,Europe,Gasoline,Front-wheel drive,5,2410,7,262.0,4290,17.1,29.4
6504,1989,Asia,Gasoline,Front-wheel drive,3,2260,6,258.0,3950,20.4,30.5
6505,1979,Asia,Diesel,All-wheel drive,4,2240,6,246.0,4370,20.5,30.1
6506,2008,Europe,Gasoline,Front-wheel drive,4,2070,6,196.0,4020,21.2,31.0
6507,2006,Europe,Gasoline,Front-wheel drive,2,2480,7,264.0,4290,,26.1
6508,2022,Europe,Gasoline,Front-wheel drive,4,2090,6,257.0,4060,20.2,32.2
6509,1979,USA,Gasoline,Front-wheel drive,3,1860,5,,3850,20.2,31.2
6510,1979,Europe,Diesel,Front-wheel drive,5,2030,6,,4020,18.9,33.2
6511,1993,USA,Hybrid,All-wheel drive,5,2040,6,236.0,4400,18.0,31.8
6512,2019,Europe,Gasoline,Rear-wheel drive,4,2230,5,236.0,3940,17.8,34.3
6513,1998,Asia,Gasoline,Front-wheel drive,3,2080,6,240.0,4070,18.6,30.7
6514,1991,Europe,Gasoline,Front-wheel drive,3,2500,6,286.0,4250,19.2,28.8
6515,2018,Asia,Hybrid,All-wheel drive,2,2240,6,248.0,4110,16.8,35.8
6516,2022,Europe,Gasoline,Front-wheel drive,3,2430,6,291.0,4300,17.0,32.8
6517,2005,Asia,Gasoline,All-wheel drive,2,2430,6,256.0,4330,20.2,31.1
6518,1999,Asia,Diesel,Front-wheel drive,4,2220,6,263.0,4360,20.4,32.3
6519,1999,USA,Gasoline,Front-wheel drive,4,2550,7,271.0,4500,19.4,25.2
6520,2009,Europe,Diesel,Rear-wheel drive,2,2250,6,242.0,3890,,31.9
6521,2017,USA,Diesel,All-wheel drive,3,2430,6,282.0,4840,19.2,29.3
6522,2014,USA,Gasoline,Rear-wheel drive,4,2170,6,253.0,4280,17.8,28.9
6523,2005,Asia,Gasoline,All-wheel drive,3,2110,6,240.0,4130,19.7,29.1
6524,2011,Europe,Gasoline,All-wheel drive,3,2630,7,291.0,4710,20.3,27.4
6525,1982,Asia,Diesel,Front-wheel drive,4,2140,5,241.0,4270,19.7,32.4
6526,2012,USA,Diesel,Front-wheel drive,4,2440,6,253.0,4490,17.7,35.1
6527,1982,USA,Gasoline,All-wheel drive,3,2480,7,278.0,4610,22.7,26.3
6528,2021,Europe,Hybrid,All-wheel drive,5,2490,6,282.0,4690,21.1,35.5
6529,2014,USA,Gasoline,Front-wheel drive,4,2420,7,264.0,4480,18.2,30.8
6530,1994,USA,Gasoline,Rear-wheel drive,4,2270,6,245.0,4430,19.1,29.0
6531,1997,USA,Gasoline,Front-wheel drive,3,2230,6,284.0,4200,17.5,30.5
6532,2013,Europe,Gasoline,Rear-wheel drive,4,2110,6,243.0,4110,20.0,32.6
6533,1977,USA,Gasoline,All-wheel drive,5,2120,6,,4520,21.5,22.5
6534,1978,Europe,Gasoline,Rear-wheel drive,4,2460,6,,4400,,26.9
6535,2005,Asia,Gasoline,Front-wheel drive,3,2340,6,268.0,4340,20.2,27.9
6536,2001,USA,Gasoline,Front-wheel drive,3,2320,6,276.0,4290,18.7,29.5
6537,1995,Europe,Gasoline,Rear-wheel drive,2,2360,7,265.0,4370,20.3,30.4
6538,2020,USA,Gasoline,Front-wheel drive,4,2360,6,268.0,4490,17.3,31.3
6539,2016,Europe,Gasoline,Rear-wheel drive,5,2420,7,271.0,4440,,30.4
6540,2023,USA,Diesel,Front-wheel drive,2,2130,5,239.0,3850,18.1,36.0
6541,1980,Asia,Diesel,Rear-wheel drive,3,2100,5,221.0,4130,21.1,31.0
6542,1990,USA,Gasoline,Front-wheel drive,4,2330,6,263.0,4510,18.4,26.2
6543,1984,Europe,Gasoline,Front-wheel drive,2,2400,7,,4290,20.2,29.0
6544,2005,Asia,Hybrid,Front-wheel drive,3,2160,6,247.0,3790,14.7,34.3
6545,1996,Asia,Gasoline,Rear-wheel drive,3,2050,6,233.0,4260,20.5,31.7
6546,1977,USA,Diesel,Front-wheel drive,3,2130,6,,4210,19.4,29.8
6547,1990,USA,Gasoline,Front-wheel drive,3,2310,6,268.0,4420,19.5,29.4
6548,1978,Europe,Diesel,Rear-wheel drive,2,2250,6,237.0,4290,20.0,30.3
6549,1986,USA,Gasoline,Front-wheel drive,2,2170,6,240.0,4250,18.4,29.2
6550,2007,Europe,Gasoline,Front-wheel drive,3,2200,6,222.0,4100,20.0,32.4
6551,1993,Asia,Hybrid,Front-wheel drive,5,2300,6,256.0,4290,18.1,33.9
6552,2011,Asia,Hybrid,All-wheel drive,2,2480,6,244.0,4430,19.2,35.3
6553,2007,USA,Diesel,Front-wheel drive,3,2180,6,258.0,4170,18.4,34.3
6554,1985,Asia,Gasoline,Rear-wheel drive,4,1840,5,220.0,3890,19.4,29.3
6555,2009,Asia,Gasoline,Front-wheel drive,3,2360,7,263.0,4370,17.3,30.8
6556,2014,USA,Gasoline,Rear-wheel drive,4,2090,6,238.0,3980,18.7,32.6
6557,1985,USA,Gasoline,All-wheel drive,4,2460,6,253.0,4600,21.0,24.7
6558,2018,Asia,Gasoline,Front-wheel drive,5,2350,6,241.0,4420,16.5,32.6
6559,2016,Europe,Diesel,Rear-wheel drive,3,2410,6,279.0,4340,18.6,32.2
6560,2023,Asia,Gasoline,Front-wheel drive,2,1960,5,223.0,3980,17.7,34.3
6561,2006,USA,Gasoline,Front-wheel drive,4,1910,5,229.0,4040,18.8,30.7
6562,1976,USA,Gasoline,Front-wheel drive,3,2290,6,256.0,4190,19.8,27.7
6563,1982,USA,Gasoline,Front-wheel drive,4,2580,7,,4490,17.6,25.9
6564,1996,Europe,Gasoline,Front-wheel drive,4,2050,6,243.0,3890,19.2,32.6
6565,2015,USA,Gasoline,Front-wheel drive,5,2310,6,250.0,4310,18.2,28.8
6566,1988,USA,Gasoline,Front-wheel drive,3,2440,7,280.0,4450,18.4,28.3
6567,1999,USA,Diesel,Front-wheel drive,4,2440,6,301.0,4500,20.0,29.1
6568,2016,Europe,Gasoline,Rear-wheel drive,3,2490,6,259.0,4370,19.0,29.4
6569,2016,USA,Hybrid,Front-wheel drive,4,2150,6,238.0,4350,16.0,33.2
6570,1995,Europe,Diesel,All-wheel drive,3,2020,5,219.0,4030,19.3,32.5
6571,2019,Europe,Gasoline,All-wheel drive,4,2330,6,256.0,4440,18.1,31.1
6572,1979,Asia,Gasoline,Front-wheel drive,5,2230,6,,4330,18.5,26.5
6573,1976,USA,Gasoline,All-wheel drive,4,2360,6,283.0,4490,22.2,22.9
6574,1988,Asia,Gasoline,All-wheel drive,5,2270,6,235.0,4410,18.0,28.5
6575,1997,USA,Gasoline,Rear-wheel drive,3,2090,6,235.0,4090,17.6,31.3
6576,1982,Europe,Gasoline,Rear-wheel drive,4,2090,6,244.0,4280,17.9,28.0
6577,2010,Asia,Gasoline,Rear-wheel drive,3,2380,6,265.0,4000,16.9,33.0
6578,2013,USA,Diesel,All-wheel drive,4,2260,6,284.0,4500,18.9,31.1
6579,1991,Asia,Gasoline,All-wheel drive,3,2000,5,218.0,4110,19.2,31.2
6580,1982,USA,Gasoline,Rear-wheel drive,3,2250,6,,4130,18.4,27.1
6581,1997,Europe,Gasoline,All-wheel drive,2,2080,6,236.0,4290,19.4,28.9
6582,1990,USA,Gasoline,Rear-wheel drive,2,2400,6,270.0,4570,19.0,27.3
6583,2001,Asia,Gasoline,Front-wheel drive,5,2010,6,243.0,3970,15.0,29.4
6584,1994,USA,Gasoline,Front-wheel drive,4,2200,5,226.0,4050,21.1,31.3
6585,1981,Asia,Gasoline,Front-wheel drive,4,2360,6,257.0,4220,19.7,30.1
6586,2010,USA,Diesel,Front-wheel drive,3,2500,6,286.0,4690,19.9,30.6
6587,1994,Europe,Gasoline,Front-wheel drive,5,2100,5,234.0,4090,19.5,31.9
6588,1994,Europe,Gasoline,Rear-wheel drive,3,1930,5,212.0,3980,18.5,29.8
6589,2022,USA,Gasoline,All-wheel drive,3,1950,6,226.0,4060,21.5,30.2
6590,1999,USA,Gasoline,Front-wheel drive,5,2010,6,244.0,4160,20.0,28.7
6591,2011,USA,Diesel,Front-wheel drive,3,2360,6,258.0,4490,18.6,31.1
6592,1992,Europe,Gasoline,Rear-wheel drive,3,2450,6,278.0,4530,18.6,27.5
6593,2011,Asia,Hybrid,Front-wheel drive,4,2080,6,197.0,4090,21.5,37.6
6594,1983,USA,Gasoline,Front-wheel drive,4,2080,6,262.0,4190,21.1,28.9
6595,1999,Europe,Diesel,Front-wheel drive,4,2360,6,264.0,4010,19.0,29.5
6596,1979,Europe,Gasoline,Rear-wheel drive,4,2060,6,,4280,19.5,27.1
6597,1991,Asia,Diesel,Front-wheel drive,2,2480,6,256.0,4350,17.6,27.5
6598,2016,Asia,Diesel,All-wheel drive,4,2170,6,226.0,4240,20.9,32.3
6599,2015,Asia,Gasoline,All-wheel drive,5,2110,6,214.0,4270,20.2,30.4
6600,2001,Europe,Gasoline,Front-wheel drive,3,2400,6,254.0,4260,19.7,30.5
6601,2014,Europe,Gasoline,All-wheel drive,3,2360,6,241.0,4440,,32.8
6602,2011,Asia,Gasoline,Front-wheel drive,4,2130,6,235.0,4040,18.5,31.0
6603,2002,USA,Gasoline,All-wheel drive,2,2090,6,249.0,4180,18.7,31.3
6604,1979,USA,Gasoline,Front-wheel drive,4,2670,7,297.0,4610,17.6,23.5
6605,2023,Europe,Diesel,Rear-wheel drive,3,2210,6,250.0,4440,18.4,31.7
6606,1999,Europe,Gasoline,All-wheel drive,3,2340,6,255.0,4490,20.9,26.0
6607,1995,Europe,Gasoline,Front-wheel drive,3,1920,6,212.0,3640,17.5,32.4
6608,1997,Asia,Hybrid,Rear-wheel drive,3,2270,6,232.0,3970,17.7,35.4
6609,1989,USA,Gasoline,Front-wheel drive,3,2280,6,250.0,4280,20.3,29.4
6610,2015,Europe,Gasoline,Front-wheel drive,4,2270,7,255.0,4210,19.9,30.8
6611,2007,Europe,Diesel,All-wheel drive,3,2270,6,274.0,4710,18.3,31.4
6612,1979,USA,Diesel,Rear-wheel drive,2,2550,7,,4500,18.7,27.0
6613,2017,USA,Hybrid,Rear-wheel drive,3,2370,6,263.0,4380,20.9,36.1
6614,1988,Europe,Gasoline,All-wheel drive,3,2290,6,227.0,4170,,29.6
6615,2002,USA,Hybrid,All-wheel drive,4,2080,6,252.0,4410,20.7,29.2
6616,1999,Asia,Gasoline,Front-wheel drive,5,2220,6,236.0,4490,20.7,30.6
6617,2017,Europe,Diesel,Rear-wheel drive,3,2250,6,258.0,4270,20.9,33.3
6618,2015,USA,Gasoline,All-wheel drive,4,2100,6,248.0,4270,19.3,27.4
6619,2001,Europe,Gasoline,Front-wheel drive,4,2490,6,231.0,4280,19.1,26.2
6620,2022,USA,Gasoline,All-wheel drive,2,2480,6,290.0,4690,18.9,27.3
6621,1995,USA,Gasoline,Front-wheel drive,2,2460,7,284.0,4530,18.2,31.2
6622,1990,USA,Gasoline,Front-wheel drive,5,2520,7,285.0,4490,17.7,28.8
6623,2020,Europe,Gasoline,Front-wheel drive,3,2140,6,228.0,4010,18.8,31.8
6624,1997,USA,Diesel,Front-wheel drive,2,1920,5,226.0,3790,18.0,31.9
6625,2004,Asia,Gasoline,Rear-wheel drive,4,2620,7,279.0,4690,18.9,26.5
6626,2008,Europe,Gasoline,Front-wheel drive,3,1840,5,190.0,3820,21.1,31.4
6627,1993,USA,Gasoline,All-wheel drive,4,2420,7,266.0,4930,21.4,24.2
6628,1988,Asia,Gasoline,Front-wheel drive,3,2410,6,270.0,4360,19.5,28.5
6629,1984,Asia,Hybrid,Rear-wheel drive,5,2360,6,244.0,4470,20.9,34.3
6630,1992,Europe,Diesel,Rear-wheel drive,3,2400,6,269.0,4440,,26.0
6631,2003,Europe,Gasoline,Rear-wheel drive,4,1920,6,225.0,3940,18.7,32.1
6632,1986,Asia,Gasoline,All-wheel drive,4,2070,6,248.0,4380,19.1,26.1
6633,2021,Europe,Gasoline,Front-wheel drive,4,2650,7,268.0,4630,19.8,32.7
6634,2014,Asia,Gasoline,Front-wheel drive,2,2320,6,242.0,4050,17.0,33.6
6635,2005,Europe,Gasoline,Rear-wheel drive,4,2240,6,241.0,4050,17.5,31.2
6636,1994,Europe,Gasoline,Front-wheel drive,2,2390,6,270.0,3750,,30.1
6637,1994,Europe,Diesel,Rear-wheel drive,3,2040,6,221.0,4390,19.9,33.0
6638,1990,USA,Gasoline,All-wheel drive,5,2160,6,244.0,4270,17.8,25.7
6639,1996,USA,Gasoline,Front-wheel drive,5,2530,7,285.0,4260,19.2,23.8
6640,1989,USA,Gasoline,Front-wheel drive,5,2580,7,306.0,4490,19.1,26.9
6641,1981,USA,Gasoline,Front-wheel drive,3,2460,6,,4450,18.8,27.4
6642,2001,Europe,Gasoline,Front-wheel drive,3,2310,6,266.0,4580,19.8,29.6
6643,2007,Europe,Gasoline,Front-wheel drive,3,2490,7,258.0,4220,19.4,29.3
6644,2021,Europe,Gasoline,Front-wheel drive,4,2480,7,262.0,4620,19.2,30.9
6645,2004,USA,Gasoline,Front-wheel drive,4,2270,6,247.0,4320,17.2,30.7
6646,1997,Asia,Diesel,Front-wheel drive,3,2100,6,249.0,3970,17.4,32.2
6647,2000,USA,Diesel,Rear-wheel drive,5,2490,6,273.0,4720,19.1,27.9
6648,2010,USA,Gasoline,Front-wheel drive,5,2190,6,250.0,4370,19.9,30.6
6649,2007,USA,Diesel,Rear-wheel drive,4,2270,6,271.0,4310,19.8,31.4
6650,2007,Europe,Gasoline,Rear-wheel drive,4,1990,6,220.0,3900,18.7,34.8
6651,1996,Asia,Gasoline,All-wheel drive,3,2180,6,253.0,4510,17.9,29.0
6652,1984,USA,Diesel,All-wheel drive,4,2550,6,,4870,18.1,26.1
6653,2022,Asia,Diesel,Front-wheel drive,4,2220,6,243.0,3960,18.9,36.8
6654,2021,USA,Gasoline,All-wheel drive,5,2310,6,288.0,4820,18.3,30.2
6655,2003,Europe,Diesel,Front-wheel drive,2,2350,6,266.0,4250,16.9,29.3
6656,1983,Asia,Gasoline,Front-wheel drive,4,1940,6,192.0,4220,17.1,30.6
6657,2003,Asia,Diesel,All-wheel drive,3,2460,6,282.0,4790,19.2,28.7
6658,1982,Asia,Hybrid,Rear-wheel drive,4,2280,6,241.0,4250,21.4,30.7
6659,2017,Asia,Gasoline,Front-wheel drive,4,2450,6,262.0,4270,18.3,32.1
6660,1995,Asia,Gasoline,Front-wheel drive,5,2180,6,240.0,4200,17.4,29.4
6661,1993,USA,Gasoline,Rear-wheel drive,5,2180,6,236.0,4330,20.2,28.1
6662,2000,USA,Gasoline,Front-wheel drive,4,2350,6,274.0,4460,19.8,29.4
6663,1999,Asia,Diesel,Rear-wheel drive,3,2310,6,258.0,4250,17.9,30.1
6664,2006,USA,Hybrid,All-wheel drive,4,2240,6,259.0,4550,18.5,31.3
6665,1987,Europe,Gasoline,All-wheel drive,4,2200,6,222.0,4700,21.9,28.8
6666,1979,USA,Gasoline,Front-wheel drive,3,2330,7,274.0,4460,19.0,25.7
6667,2014,USA,Gasoline,Rear-wheel drive,3,2270,6,245.0,4400,18.8,28.7
6668,2015,Asia,Gasoline,Front-wheel drive,5,2540,7,297.0,4520,17.7,32.2
6669,2010,USA,Gasoline,All-wheel drive,4,2190,6,238.0,4550,18.3,29.7
6670,1987,Europe,Diesel,All-wheel drive,4,2370,6,254.0,4550,19.4,29.1
6671,2018,USA,Diesel,All-wheel drive,4,2620,7,330.0,4700,18.4,29.0
6672,1979,Asia,Diesel,Front-wheel drive,5,2050,5,204.0,3780,19.0,32.2
6673,1976,Asia,Diesel,Front-wheel drive,3,2400,6,270.0,4040,16.9,30.5
6674,2010,Asia,Diesel,Front-wheel drive,3,2120,6,246.0,4070,20.5,34.0
6675,2019,Europe,Gasoline,Rear-wheel drive,2,2620,6,281.0,4760,19.1,27.1
6676,2014,Asia,Diesel,Front-wheel drive,5,2320,6,258.0,4540,17.3,33.5
6677,1984,Asia,Hybrid,All-wheel drive,3,2380,6,266.0,4520,21.4,31.8
6678,2001,USA,Hybrid,Front-wheel drive,3,2370,6,248.0,3970,19.2,33.1
6679,1998,Asia,Hybrid,All-wheel drive,3,2350,6,246.0,4640,18.7,34.3
6680,1999,USA,Diesel,Front-wheel drive,3,2210,6,288.0,4120,18.1,31.7
6681,1977,USA,Gasoline,Front-wheel drive,5,2210,6,,4290,17.9,27.8
6682,1997,Europe,Gasoline,Front-wheel drive,3,2210,5,228.0,4080,20.4,29.7
6683,1998,USA,Hybrid,Front-wheel drive,2,2120,6,237.0,4110,18.9,34.3
6684,2002,Europe,Gasoline,All-wheel drive,3,2460,6,279.0,4500,18.3,26.1
6685,2006,Asia,Diesel,Front-wheel drive,3,1920,6,238.0,3760,17.4,32.9
6686,2020,Europe,Gasoline,Front-wheel drive,4,2210,6,262.0,4180,17.6,33.1
6687,1990,Europe,Gasoline,Front-wheel drive,4,2220,7,244.0,4300,17.9,30.7
6688,2020,Asia,Gasoline,Rear-wheel drive,2,2330,6,,4320,19.6,27.5
6689,1993,Asia,Diesel,Rear-wheel drive,3,2320,6,250.0,4080,19.0,32.6
6690,2001,USA,Gasoline,Front-wheel drive,2,2180,5,230.0,3880,20.1,30.4
6691,2002,Europe,Diesel,Front-wheel drive,4,2160,6,261.0,3990,18.8,34.6
6692,2001,Europe,Diesel,Front-wheel drive,2,2090,6,241.0,4100,19.8,31.3
6693,2023,Asia,Gasoline,Front-wheel drive,3,2030,5,242.0,3830,17.9,32.3
6694,1976,USA,Diesel,All-wheel drive,3,2610,7,,5070,18.4,24.2
6695,2023,USA,Gasoline,Front-wheel drive,4,2420,6,281.0,4130,14.6,32.0
6696,1994,Europe,Gasoline,All-wheel drive,3,2430,6,280.0,4780,21.0,27.9
6697,1979,Asia,Diesel,Rear-wheel drive,4,2170,6,,4450,20.7,28.8
6698,1981,Europe,Diesel,Front-wheel drive,5,2130,5,243.0,4360,19.8,29.7
6699,2017,USA,Gasoline,Rear-wheel drive,4,2540,7,282.0,4880,21.3,28.0
6700,2012,Europe,Gasoline,Front-wheel drive,2,2300,6,247.0,4130,17.5,31.9
6701,2010,USA,Gasoline,Rear-wheel drive,3,2550,6,266.0,4560,19.0,28.0
6702,1980,USA,Diesel,Rear-wheel drive,5,2250,6,267.0,4690,20.7,27.6
6703,2002,Europe,Gasoline,Rear-wheel drive,2,2200,6,235.0,4040,18.6,29.0
6704,1989,Asia,Gasoline,Rear-wheel drive,2,2210,6,251.0,4210,18.8,26.8
6705,2021,USA,Gasoline,Front-wheel drive,3,2450,6,278.0,4240,18.5,28.7
6706,2022,Asia,Diesel,All-wheel drive,4,2150,6,240.0,4350,19.1,33.5
6707,1982,USA,Gasoline,Rear-wheel drive,4,2130,6,,4320,19.5,27.6
6708,2002,Asia,Gasoline,Front-wheel drive,3,2060,5,236.0,3870,20.3,30.0
6709,1988,USA,Gasoline,All-wheel drive,4,2470,6,294.0,4770,19.8,27.1
6710,2009,USA,Hybrid,Front-wheel drive,4,2030,5,256.0,4080,19.8,34.3
6711,1983,Asia,Hybrid,Front-wheel drive,4,2030,6,215.0,3860,17.3,35.4
6712,2017,USA,Gasoline,All-wheel drive,5,2330,6,268.0,4400,18.9,28.5
6713,2015,Europe,Gasoline,Front-wheel drive,2,2370,7,251.0,4380,17.8,28.9
6714,1996,USA,Diesel,Front-wheel drive,3,2380,7,291.0,4230,19.3,31.9
6715,2019,Asia,Diesel,Front-wheel drive,3,2150,6,287.0,4000,16.7,33.8
6716,1999,USA,Hybrid,Front-wheel drive,4,2100,6,253.0,4000,19.4,31.4
6717,2007,USA,Gasoline,Front-wheel drive,3,2470,7,291.0,4380,18.1,29.7
6718,1996,Europe,Diesel,Rear-wheel drive,2,2530,6,270.0,4480,21.2,30.5
6719,2008,USA,Gasoline,Front-wheel drive,4,1870,5,225.0,3990,20.2,30.3
6720,1992,USA,Diesel,All-wheel drive,5,2050,5,233.0,4400,19.2,31.0
6721,2001,Europe,Gasoline,Front-wheel drive,3,2410,6,248.0,4300,17.4,27.9
6722,2009,Europe,Gasoline,Rear-wheel drive,4,2710,7,281.0,4590,17.5,26.5
6723,1988,Asia,Diesel,Front-wheel drive,4,2120,6,281.0,4000,16.5,32.2
6724,2012,Asia,Gasoline,Front-wheel drive,3,2220,6,250.0,3990,18.2,35.7
6725,1983,Europe,Gasoline,Front-wheel drive,3,2440,7,273.0,4270,20.6,29.5
6726,2000,Europe,Gasoline,Rear-wheel drive,3,2370,6,265.0,4510,18.2,27.9
6727,1990,USA,Gasoline,Front-wheel drive,5,2510,7,269.0,4530,20.6,25.1
6728,1987,USA,Diesel,Rear-wheel drive,4,2430,6,304.0,4820,21.1,27.6
6729,1994,Asia,Gasoline,Front-wheel drive,3,2290,6,246.0,4190,17.2,29.6
6730,1999,Asia,Gasoline,Rear-wheel drive,3,2530,7,273.0,4570,22.1,30.7
6731,1985,Asia,Diesel,All-wheel drive,4,2110,6,233.0,4270,18.8,29.3
6732,2000,Asia,Gasoline,Rear-wheel drive,2,2170,6,239.0,4060,19.7,30.1
6733,2023,USA,Gasoline,Rear-wheel drive,5,2260,6,247.0,4660,19.6,26.8
6734,2008,Europe,Diesel,Rear-wheel drive,2,2470,6,280.0,4240,17.5,32.4
6735,1977,Asia,Gasoline,All-wheel drive,2,2070,5,,3790,16.5,28.3
6736,1998,Europe,Gasoline,Rear-wheel drive,4,1830,5,208.0,4110,17.2,31.5
6737,2019,USA,Gasoline,Front-wheel drive,3,2570,6,301.0,4740,19.2,29.0
6738,2011,USA,Gasoline,Front-wheel drive,5,2280,6,256.0,4370,18.9,31.0
6739,2007,USA,Gasoline,Front-wheel drive,3,2280,6,259.0,4050,17.6,30.9
6740,2012,USA,Hybrid,Front-wheel drive,3,2510,7,278.0,4590,19.8,32.5
6741,1991,USA,Gasoline,Rear-wheel drive,3,2170,6,255.0,4380,19.6,26.2
6742,2017,Asia,Gasoline,Front-wheel drive,4,2250,6,244.0,4310,19.9,32.0
6743,2007,Europe,Gasoline,Front-wheel drive,2,2150,6,248.0,4130,18.3,29.8
6744,2022,Asia,Hybrid,Front-wheel drive,3,2350,6,245.0,3960,16.2,35.7
6745,2019,USA,Gasoline,Front-wheel drive,3,2330,6,243.0,4100,19.4,30.9
6746,2020,USA,Diesel,Front-wheel drive,5,2130,6,262.0,4180,19.3,33.4
6747,2009,Europe,Diesel,Front-wheel drive,5,2410,6,290.0,4630,18.1,34.1
6748,2023,Europe,Gasoline,All-wheel drive,5,2390,6,274.0,4680,,26.3
6749,1975,Asia,Gasoline,Front-wheel drive,3,1970,6,223.0,3930,18.6,29.7
6750,2022,USA,Gasoline,Front-wheel drive,3,2480,6,272.0,4410,18.4,29.0
6751,2023,USA,Gasoline,All-wheel drive,2,2360,6,270.0,4680,17.9,32.5
6752,2000,Europe,Diesel,All-wheel drive,3,2260,6,243.0,4250,17.6,30.1
6753,2002,Europe,Gasoline,Front-wheel drive,4,2160,6,232.0,4240,18.0,31.6
6754,1993,Europe,Gasoline,Rear-wheel drive,3,2000,6,208.0,3960,,33.0
6755,2018,USA,Gasoline,Front-wheel drive,5,2290,6,261.0,4240,19.4,33.9
6756,1986,USA,Gasoline,All-wheel drive,2,2340,6,264.0,4520,20.9,25.8
6757,1994,Europe,Diesel,Front-wheel drive,4,2220,6,252.0,4150,19.8,31.2
6758,1987,Europe,Diesel,Front-wheel drive,3,2440,6,256.0,4220,16.4,31.2
6759,2006,Asia,Gasoline,Rear-wheel drive,4,2270,6,247.0,4550,19.7,28.0
6760,1992,Asia,Gasoline,All-wheel drive,4,2500,6,244.0,4410,20.8,29.0
6761,2003,Europe,Gasoline,Front-wheel drive,3,2170,6,228.0,3850,18.5,35.8
6762,1986,USA,Gasoline,Front-wheel drive,2,2440,6,284.0,4450,18.9,25.2
6763,1990,Europe,Gasoline,Rear-wheel drive,2,2380,6,254.0,4680,17.8,27.1
6764,2012,USA,Gasoline,All-wheel drive,3,2290,6,261.0,4550,19.8,29.0
6765,1999,Asia,Hybrid,All-wheel drive,4,2010,5,195.0,4320,21.1,33.9
6766,1978,USA,Diesel,Front-wheel drive,3,2390,6,287.0,4490,20.3,27.5
6767,2019,Asia,Gasoline,Front-wheel drive,5,2260,7,276.0,4210,18.6,31.2
6768,2000,USA,Gasoline,Front-wheel drive,3,2520,7,279.0,4690,20.4,29.3
6769,2013,Europe,Diesel,All-wheel drive,2,2280,6,232.0,4080,18.0,34.5
6770,1975,Asia,Diesel,Front-wheel drive,3,2060,6,235.0,3860,17.2,30.6
6771,2009,Europe,Hybrid,All-wheel drive,2,2290,6,254.0,3960,18.3,33.0
6772,1989,Asia,Hybrid,Front-wheel drive,3,2240,6,249.0,4130,17.9,35.6
6773,1992,USA,Diesel,All-wheel drive,3,2390,6,272.0,4610,20.1,28.1
6774,2014,USA,Gasoline,Front-wheel drive,4,2340,6,233.0,4320,18.0,32.1
6775,1980,Asia,Gasoline,Front-wheel drive,3,2350,6,255.0,4180,19.4,25.8
6776,1991,USA,Gasoline,Front-wheel drive,3,2590,6,260.0,4610,17.5,25.4
6777,1986,USA,Gasoline,Front-wheel drive,4,2110,6,243.0,3990,19.5,26.8
6778,2009,USA,Gasoline,Front-wheel drive,5,2080,6,248.0,3980,17.5,32.9
6779,1994,Europe,Hybrid,Rear-wheel drive,5,2190,6,252.0,4200,18.4,33.8
6780,2004,USA,Hybrid,Front-wheel drive,3,2520,7,282.0,4790,19.4,32.2
6781,1992,USA,Hybrid,Rear-wheel drive,4,2280,6,269.0,4510,18.5,28.2
6782,1982,USA,Diesel,Front-wheel drive,3,2240,6,265.0,4170,17.4,31.0
6783,2020,USA,Gasoline,Front-wheel drive,2,2090,6,251.0,3810,16.9,30.3
6784,2022,USA,Gasoline,Rear-wheel drive,5,2420,6,266.0,4540,17.6,27.2
6785,1981,Asia,Gasoline,Front-wheel drive,2,2560,7,283.0,4350,19.5,25.3
6786,1995,Europe,Gasoline,All-wheel drive,3,2270,6,232.0,4230,17.7,27.9
6787,2004,USA,Gasoline,Front-wheel drive,4,2130,6,250.0,4010,20.3,29.4
6788,2021,Europe,Gasoline,Front-wheel drive,2,2240,6,258.0,3720,16.0,33.6
6789,1995,Asia,Gasoline,Front-wheel drive,3,2200,6,245.0,4190,17.9,31.3
6790,2014,Europe,Diesel,Front-wheel drive,4,2590,6,298.0,4380,17.6,31.4
6791,2024,Asia,Hybrid,Front-wheel drive,5,2480,6,281.0,4300,15.4,37.3
6792,2002,USA,Gasoline,Front-wheel drive,5,2410,6,267.0,4410,17.0,30.2
6793,2004,USA,Gasoline,All-wheel drive,3,2450,7,269.0,4580,17.3,26.2
6794,2018,USA,Hybrid,Front-wheel drive,3,2220,6,255.0,4390,17.5,34.3
6795,2021,USA,Gasoline,Front-wheel drive,4,2180,6,245.0,4100,18.6,34.0
6796,2021,USA,Gasoline,Front-wheel drive,5,2470,7,288.0,4770,18.0,27.7
6797,2024,Europe,Diesel,All-wheel drive,4,2470,6,259.0,4380,18.8,33.5
6798,1987,USA,Diesel,Front-wheel drive,3,2270,6,275.0,4250,17.8,27.0
6799,2015,USA,Gasoline,Front-wheel drive,5,2420,6,298.0,4130,17.9,28.9
6800,2022,Europe,Gasoline,All-wheel drive,5,2220,6,257.0,4680,17.2,31.6
6801,2023,USA,Gasoline,All-wheel drive,4,2020,5,222.0,4250,19.7,31.8
6802,1997,USA,Diesel,Rear-wheel drive,4,2340,6,283.0,4700,19.9,25.0
6803,1990,USA,Gasoline,Rear-wheel drive,2,2490,7,278.0,4440,19.7,28.4
6804,1994,USA,Gasoline,Front-wheel drive,4,2210,6,265.0,4050,20.7,29.5
6805,2023,USA,Gasoline,Front-wheel drive,5,2380,6,275.0,4380,19.6,30.8
6806,2004,Asia,Hybrid,Front-wheel drive,5,2130,6,244.0,4100,18.0,33.1
6807,1997,Asia,Gasoline,Front-wheel drive,4,2390,6,277.0,4470,18.7,29.1
6808,1995,Asia,Gasoline,Rear-wheel drive,5,2150,6,237.0,4360,20.2,28.3
6809,2005,Asia,Gasoline,All-wheel drive,5,1980,6,236.0,4360,21.3,28.0
6810,1985,USA,Gasoline,Rear-wheel drive,3,2360,6,236.0,4470,18.3,25.0
6811,2008,Europe,Gasoline,Rear-wheel drive,4,2110,6,221.0,4090,21.2,30.2
6812,1992,Europe,Gasoline,All-wheel drive,5,1820,5,216.0,4090,18.5,30.8
6813,2007,Europe,Hybrid,All-wheel drive,5,2400,6,244.0,4530,17.9,33.7
6814,2004,Europe,Gasoline,Front-wheel drive,4,2260,6,,4050,19.7,31.1
6815,2018,USA,Hybrid,All-wheel drive,4,2530,7,265.0,4740,17.8,32.9
6816,2020,Europe,Gasoline,Front-wheel drive,4,2300,6,256.0,4010,16.3,34.5
6817,2023,USA,Gasoline,All-wheel drive,5,2270,6,264.0,4600,17.3,28.1
6818,2003,Asia,Diesel,Front-wheel drive,4,2090,5,220.0,4200,19.7,33.8
6819,1978,USA,Diesel,Front-wheel drive,4,2060,6,,4200,18.6,27.4
6820,2013,Asia,Gasoline,All-wheel drive,4,2400,6,250.0,4590,19.2,29.4
6821,1977,USA,Gasoline,Front-wheel drive,3,2650,7,,4740,18.5,25.3
6822,1999,USA,Hybrid,All-wheel drive,3,2350,6,254.0,4730,17.2,29.9
6823,1984,USA,Diesel,Front-wheel drive,4,2330,6,,4230,19.9,28.1
6824,1996,USA,Gasoline,Rear-wheel drive,2,2070,6,252.0,4530,18.9,28.1
6825,1977,Europe,Gasoline,Front-wheel drive,4,2250,6,256.0,3920,19.2,28.5
6826,1988,USA,Gasoline,Front-wheel drive,4,2050,6,231.0,4020,18.2,28.9
6827,1996,USA,Gasoline,Rear-wheel drive,3,2430,6,264.0,4380,21.5,25.4
6828,1986,Asia,Hybrid,Front-wheel drive,5,2320,6,255.0,4180,19.2,32.0
6829,2013,USA,Gasoline,Front-wheel drive,4,2360,6,303.0,4330,17.7,30.8
6830,1991,Asia,Gasoline,Front-wheel drive,5,2230,5,234.0,4140,18.9,28.7
6831,2023,Asia,Diesel,Rear-wheel drive,3,2080,6,238.0,4160,20.2,31.8
6832,2002,USA,Gasoline,Front-wheel drive,4,2230,6,264.0,4480,18.3,27.4
6833,2023,USA,Gasoline,Rear-wheel drive,4,2360,7,272.0,4400,18.8,28.5
6834,2012,Europe,Gasoline,Front-wheel drive,3,2470,6,268.0,4260,20.5,30.3
6835,1990,USA,Gasoline,Front-wheel drive,4,2150,6,237.0,4190,18.9,32.4
6836,1992,Europe,Diesel,Rear-wheel drive,3,2200,6,244.0,4430,17.3,30.5
6837,1985,Asia,Gasoline,Rear-wheel drive,3,2200,6,254.0,4210,19.5,28.9
6838,1998,Asia,Gasoline,Rear-wheel drive,4,2080,5,226.0,4330,17.9,30.6
6839,2012,Asia,Diesel,Front-wheel drive,3,1950,5,245.0,3710,18.4,35.6
6840,1981,Asia,Gasoline,All-wheel drive,4,2160,6,227.0,4520,21.0,29.4
6841,1990,Europe,Gasoline,Front-wheel drive,4,2220,6,234.0,4260,19.7,29.8
6842,1995,Europe,Gasoline,Front-wheel drive,3,2440,6,274.0,4140,18.9,27.7
6843,1984,Europe,Gasoline,Front-wheel drive,2,2460,6,,4020,19.6,28.2
6844,1980,USA,Diesel,Front-wheel drive,4,2280,6,273.0,4660,19.7,29.3
6845,1979,USA,Gasoline,Rear-wheel drive,4,2320,6,257.0,4630,18.6,26.2
6846,1986,USA,Gasoline,Front-wheel drive,4,2340,7,285.0,4530,19.9,26.9
6847,2013,Europe,Diesel,Front-wheel drive,5,2220,7,270.0,4240,18.9,33.2
6848,1980,Europe,Gasoline,Front-wheel drive,3,2290,6,221.0,4220,19.6,26.3
6849,1997,Asia,Gasoline,Front-wheel drive,4,2380,7,275.0,4490,17.8,28.9
6850,2010,Asia,Hybrid,Front-wheel drive,2,2290,6,263.0,4120,17.7,35.9
6851,1988,Asia,Hybrid,Rear-wheel drive,5,2330,6,235.0,4130,20.7,30.4
6852,2011,Europe,Gasoline,All-wheel drive,3,2170,6,256.0,4440,18.2,29.4
6853,2003,USA,Diesel,Front-wheel drive,2,2280,6,294.0,4300,17.9,34.6
6854,2001,Europe,Diesel,Front-wheel drive,4,1980,5,227.0,3700,,33.3
6855,1999,Asia,Gasoline,Rear-wheel drive,5,2430,6,252.0,4540,19.6,27.6
6856,2009,Asia,Gasoline,Front-wheel drive,3,2770,7,296.0,4620,17.7,32.7
6857,1992,USA,Gasoline,Front-wheel drive,3,2310,7,260.0,4620,19.0,25.7
6858,2015,Asia,Diesel,Rear-wheel drive,5,2170,6,250.0,4090,20.6,33.9
6859,1975,Europe,Gasoline,All-wheel drive,5,2240,6,247.0,4270,18.8,29.9
6860,2016,USA,Gasoline,Rear-wheel drive,2,1960,5,220.0,4070,17.9,32.5
6861,2015,Asia,Gasoline,Front-wheel drive,2,2900,7,303.0,4700,19.9,31.8
6862,2005,USA,Diesel,Rear-wheel drive,4,1970,5,238.0,4090,18.1,28.1
6863,1996,Europe,Gasoline,Rear-wheel drive,2,2680,7,282.0,4640,17.7,25.3
6864,2018,Europe,Gasoline,Front-wheel drive,2,2120,6,,3800,17.0,32.7
6865,2015,Europe,Gasoline,Front-wheel drive,4,2220,6,248.0,4320,18.7,28.5
6866,2014,Europe,Gasoline,Rear-wheel drive,4,1930,6,224.0,4040,17.0,31.9
6867,1978,USA,Gasoline,All-wheel drive,5,2300,6,,4540,19.9,25.0
6868,2013,USA,Gasoline,Rear-wheel drive,2,2520,7,291.0,4520,18.9,27.3
6869,2010,Asia,Gasoline,Front-wheel drive,3,1870,5,212.0,3770,19.7,34.1
6870,1998,Asia,Gasoline,All-wheel drive,2,2820,7,306.0,4550,18.1,25.8
6871,1996,Europe,Gasoline,Rear-wheel drive,2,2180,6,246.0,4020,16.8,30.2
6872,2012,Asia,Gasoline,Front-wheel drive,2,2370,6,242.0,3990,19.1,32.4
6873,2011,Asia,Gasoline,All-wheel drive,3,2250,6,263.0,4640,20.3,29.8
6874,1982,Europe,Diesel,All-wheel drive,4,2370,6,273.0,4470,17.2,24.7
6875,1976,Asia,Diesel,Front-wheel drive,4,2230,6,,4190,17.2,29.8
6876,2023,Asia,Gasoline,Rear-wheel drive,3,2440,6,235.0,4730,20.9,29.0
6877,2015,Asia,Gasoline,Rear-wheel drive,3,2510,7,268.0,4760,20.8,27.6
6878,1981,Asia,Gasoline,All-wheel drive,3,2220,6,,4500,19.4,27.8
6879,1990,USA,Gasoline,Rear-wheel drive,4,2330,6,271.0,4430,18.0,24.6
6880,1976,Europe,Gasoline,Rear-wheel drive,4,2070,5,214.0,4030,19.6,23.8
6881,1986,Asia,Gasoline,Rear-wheel drive,4,1690,5,182.0,3880,17.8,32.1
6882,1978,USA,Gasoline,All-wheel drive,4,2370,6,269.0,4540,19.4,27.1
6883,2018,Europe,Gasoline,Front-wheel drive,5,2300,6,234.0,4270,19.4,30.8
6884,1980,Asia,Gasoline,All-wheel drive,4,2370,6,,4360,21.0,25.3
6885,1988,Asia,Gasoline,Rear-wheel drive,4,2520,7,242.0,4420,18.9,28.2
6886,1998,Asia,Gasoline,Rear-wheel drive,4,2580,6,267.0,4720,21.5,29.9
6887,1986,USA,Diesel,Front-wheel drive,4,2140,6,278.0,4350,19.9,31.4
6888,1980,USA,Gasoline,All-wheel drive,2,2500,6,275.0,4550,20.0,23.9
6889,2016,Asia,Gasoline,Front-wheel drive,3,2100,6,,3930,20.1,32.0
6890,1990,USA,Gasoline,All-wheel drive,3,2320,7,272.0,4680,19.5,27.8
6891,2003,USA,Gasoline,All-wheel drive,4,2440,6,262.0,4700,19.8,31.0
6892,2011,Asia,Gasoline,Front-wheel drive,3,2330,7,250.0,4470,18.1,34.7
6893,2021,Europe,Gasoline,Front-wheel drive,3,2260,6,234.0,4090,19.7,34.7
6894,2000,Europe,Gasoline,Front-wheel drive,4,2360,6,256.0,4370,,27.7
6895,2009,USA,Hybrid,Front-wheel drive,2,2130,6,255.0,4000,18.2,35.5
6896,1978,Asia,Gasoline,Rear-wheel drive,3,2300,6,231.0,4390,18.5,28.2
6897,2007,USA,Gasoline,Rear-wheel drive,4,2340,7,281.0,4380,20.3,27.2
6898,2020,USA,Gasoline,Rear-wheel drive,3,2050,6,238.0,4360,18.7,28.9
6899,1975,Asia,Gasoline,All-wheel drive,3,2400,6,251.0,4380,19.5,24.0
6900,2020,USA,Diesel,All-wheel drive,3,1880,6,256.0,4260,17.6,33.9
6901,1999,Asia,Gasoline,Rear-wheel drive,3,2250,6,242.0,4300,19.6,28.6
6902,1989,Asia,Gasoline,Front-wheel drive,4,2210,6,242.0,4160,19.4,29.8
6903,1992,Asia,Hybrid,Front-wheel drive,3,2240,6,252.0,4080,17.4,32.6
6904,2018,Europe,Diesel,Front-wheel drive,5,2230,6,241.0,3990,19.9,34.9
6905,2022,USA,Gasoline,Rear-wheel drive,3,2290,7,279.0,4460,17.8,29.7
6906,2001,Asia,Gasoline,Front-wheel drive,3,2190,6,248.0,4280,16.6,31.1
6907,2021,Europe,Gasoline,All-wheel drive,4,2170,6,260.0,4460,17.6,30.8
6908,1975,USA,Gasoline,Rear-wheel drive,4,2200,6,,4290,18.1,27.5
6909,1976,Europe,Gasoline,Front-wheel drive,5,2330,6,257.0,4580,20.1,28.2
6910,2022,Asia,Diesel,Rear-wheel drive,4,2340,6,239.0,4370,17.8,34.0
6911,2009,Asia,Hybrid,Front-wheel drive,3,1890,5,234.0,3940,18.7,36.9
6912,1977,Europe,Gasoline,Front-wheel drive,4,2170,6,237.0,4120,19.2,30.8
6913,2002,Europe,Hybrid,Front-wheel drive,2,1910,6,222.0,3960,16.9,35.0
6914,1979,Asia,Gasoline,All-wheel drive,2,2060,6,220.0,4300,18.7,24.9
6915,2023,USA,Diesel,Rear-wheel drive,3,2400,6,287.0,4330,18.1,32.8
6916,1985,USA,Gasoline,Front-wheel drive,5,2240,6,261.0,4340,20.9,27.0
6917,2015,USA,Gasoline,Rear-wheel drive,5,2470,7,302.0,4910,17.6,31.1
6918,1979,USA,Gasoline,Rear-wheel drive,2,2450,6,280.0,4430,19.1,26.0
6919,2004,Asia,Gasoline,All-wheel drive,4,2470,7,268.0,4840,19.5,28.2
6920,2016,Asia,Gasoline,Rear-wheel drive,3,2560,7,264.0,4310,18.8,30.4
6921,2018,Asia,Gasoline,Front-wheel drive,3,2210,6,252.0,4220,17.6,31.6
6922,2024,USA,Hybrid,Front-wheel drive,3,2250,6,259.0,4060,18.3,37.1
6923,1978,Europe,Gasoline,Rear-wheel drive,5,2220,6,247.0,4200,17.8,27.3
6924,2023,USA,Diesel,Front-wheel drive,2,2190,6,283.0,3950,17.7,33.5
6925,2010,USA,Gasoline,Front-wheel drive,3,2480,6,278.0,4540,17.6,31.9
6926,1993,USA,Gasoline,Front-wheel drive,4,1980,6,230.0,4060,19.1,31.7
6927,2000,Europe,Gasoline,Front-wheel drive,2,2260,6,240.0,4020,18.0,29.1
6928,2013,USA,Gasoline,Front-wheel drive,4,2300,7,272.0,4410,18.8,28.2
6929,1994,Asia,Gasoline,Front-wheel drive,4,2710,7,279.0,4420,17.8,28.5
6930,1992,USA,Gasoline,Front-wheel drive,4,2120,5,229.0,4240,19.2,29.6
6931,1999,Europe,Gasoline,All-wheel drive,4,2150,6,240.0,4430,17.2,30.9
6932,1990,USA,Gasoline,Rear-wheel drive,3,2270,6,267.0,4610,19.2,26.1
6933,2019,Europe,Diesel,Front-wheel drive,5,2430,7,271.0,4370,19.4,31.8
6934,1992,Asia,Gasoline,Front-wheel drive,4,2390,6,247.0,4530,20.0,29.9
6935,2014,Europe,Gasoline,Front-wheel drive,2,2230,6,248.0,4250,19.5,33.0
6936,1983,USA,Diesel,Front-wheel drive,3,2180,6,,4130,17.9,29.0
6937,1990,Asia,Gasoline,Rear-wheel drive,2,2210,5,245.0,4360,20.9,28.8
6938,1977,USA,Gasoline,Front-wheel drive,2,2480,6,269.0,4220,17.3,26.1
6939,2006,Asia,Gasoline,Front-wheel drive,3,2060,5,239.0,4060,17.2,32.2
6940,1984,Asia,Gasoline,Rear-wheel drive,3,2340,6,250.0,4200,19.7,30.6
6941,1975,USA,Gasoline,Front-wheel drive,2,2140,6,231.0,4100,18.2,26.9
6942,2018,USA,Gasoline,All-wheel drive,4,2250,6,233.0,4460,19.3,26.8
6943,1984,USA,Gasoline,Front-wheel drive,4,2120,5,,3820,18.0,27.6
6944,1987,USA,Hybrid,Front-wheel drive,4,2080,5,243.0,4230,18.7,32.9
6945,1985,USA,Gasoline,Front-wheel drive,3,2370,7,272.0,4200,17.6,27.2
6946,1981,USA,Diesel,Rear-wheel drive,2,2180,6,282.0,4430,20.5,29.7
6947,2024,Asia,Diesel,All-wheel drive,3,2410,6,272.0,4470,19.1,34.7
6948,2023,USA,Gasoline,Front-wheel drive,3,2250,6,251.0,4100,19.1,31.1
6949,1983,Europe,Gasoline,All-wheel drive,2,2130,6,240.0,4130,20.4,29.2
6950,1991,Europe,Gasoline,Rear-wheel drive,3,2410,6,252.0,4490,19.6,23.4
6951,2017,Europe,Diesel,Rear-wheel drive,3,2340,6,258.0,4400,19.8,32.0
6952,1988,Europe,Hybrid,All-wheel drive,3,2100,5,235.0,4310,,30.2
6953,2015,USA,Gasoline,Front-wheel drive,5,2320,7,286.0,4570,17.1,32.3
6954,2001,Europe,Gasoline,Front-wheel drive,4,2010,6,223.0,4190,17.9,33.4
6955,1979,USA,Gasoline,Front-wheel drive,3,2330,6,253.0,4220,19.6,26.5
6956,2010,USA,Diesel,Front-wheel drive,5,2050,5,250.0,4240,18.3,30.6
6957,1983,USA,Gasoline,Rear-wheel drive,3,2350,6,289.0,4420,21.7,26.1
6958,1998,Asia,Hybrid,Rear-wheel drive,4,2210,6,264.0,4350,14.4,31.4
6959,1988,USA,Gasoline,Front-wheel drive,3,2420,7,276.0,4080,16.1,25.8
6960,2012,USA,Gasoline,Front-wheel drive,3,2220,6,267.0,3980,17.7,31.5
6961,2003,USA,Hybrid,Rear-wheel drive,3,2190,6,254.0,4450,18.9,33.5
6962,1993,USA,Gasoline,All-wheel drive,4,2350,6,289.0,4590,17.8,28.1
6963,2018,Europe,Gasoline,Front-wheel drive,4,1840,5,210.0,3860,19.4,33.8
6964,2009,USA,Gasoline,Front-wheel drive,5,2310,6,273.0,4320,18.7,27.9
6965,2001,Europe,Gasoline,Rear-wheel drive,3,2420,6,250.0,4550,20.9,30.1
6966,2000,USA,Gasoline,Rear-wheel drive,3,2220,5,258.0,4070,17.3,28.7
6967,1985,Asia,Gasoline,All-wheel drive,2,2340,6,237.0,4570,18.7,27.4
6968,2000,Asia,Gasoline,Front-wheel drive,4,2090,5,246.0,4150,17.3,31.1
6969,1985,USA,Gasoline,Front-wheel drive,5,2330,6,271.0,4600,17.9,27.7
6970,1981,Asia,Hybrid,All-wheel drive,4,2340,6,240.0,4530,19.5,30.6
6971,1975,Europe,Gasoline,Front-wheel drive,3,2400,7,242.0,4280,18.6,26.7
6972,1991,Asia,Gasoline,All-wheel drive,2,2070,5,233.0,4040,17.8,29.0
6973,2024,Europe,Gasoline,Front-wheel drive,2,2520,7,284.0,4280,16.5,30.0
6974,2001,USA,Diesel,Front-wheel drive,3,2180,6,282.0,4220,16.2,30.3
6975,1993,Europe,Gasoline,Front-wheel drive,2,2280,6,258.0,4040,15.6,30.8
6976,2024,Asia,Hybrid,Front-wheel drive,5,1910,6,229.0,3750,16.1,38.7
6977,2000,Europe,Gasoline,Front-wheel drive,3,2050,6,237.0,4220,18.7,30.3
6978,2024,Europe,Gasoline,Front-wheel drive,5,2360,6,252.0,4190,18.7,30.6
6979,1999,USA,Gasoline,Front-wheel drive,4,2490,6,282.0,4350,18.5,28.0
6980,2015,USA,Gasoline,Front-wheel drive,5,2410,6,259.0,4110,17.1,28.5
6981,2005,USA,Gasoline,Front-wheel drive,2,2200,6,250.0,4040,17.9,28.1
6982,2002,Asia,Gasoline,Rear-wheel drive,2,2230,6,241.0,4150,16.9,30.5
6983,1984,Europe,Diesel,Front-wheel drive,3,2060,6,,3930,18.1,31.2
6984,2013,Europe,Gasoline,Rear-wheel drive,5,2390,6,246.0,4560,,31.7
6985,1985,Europe,Diesel,All-wheel drive,5,2200,6,239.0,4260,19.8,31.7
6986,2014,USA,Diesel,Rear-wheel drive,2,2460,6,290.0,4740,17.8,29.1
6987,1997,Europe,Gasoline,All-wheel drive,5,2200,6,216.0,4580,18.6,30.9
6988,1982,Asia,Gasoline,Rear-wheel drive,4,2320,6,269.0,4590,20.9,28.2
6989,1994,USA,Diesel,Rear-wheel drive,5,2220,6,276.0,4500,20.9,26.2
6990,2012,Asia,Gasoline,Front-wheel drive,3,2150,6,249.0,4270,20.9,32.1
6991,1979,USA,Hybrid,Front-wheel drive,2,2660,7,323.0,4620,16.9,29.4
6992,2023,USA,Gasoline,Front-wheel drive,3,2100,6,247.0,4080,14.9,32.5
6993,2004,Asia,Gasoline,Front-wheel drive,2,2390,6,266.0,4050,19.4,31.8
6994,2023,Asia,Gasoline,Rear-wheel drive,3,2090,5,230.0,3820,16.7,34.3
6995,1998,Europe,Gasoline,Front-wheel drive,4,2380,6,259.0,4170,17.7,30.9
6996,2019,Asia,Diesel,Front-wheel drive,4,2300,6,242.0,4160,18.2,35.2
6997,1981,Asia,Gasoline,Front-wheel drive,3,2080,5,223.0,4000,18.6,28.1
6998,1978,USA,Hybrid,Front-wheel drive,5,2320,6,252.0,4550,17.5,31.5
6999,2018,USA,Gasoline,Front-wheel drive,5,1990,6,236.0,4320,20.6,33.8
7000,2024,Asia,Gasoline,All-wheel drive,5,2200,6,238.0,4300,16.9,32.0
7001,1983,USA,Gasoline,Front-wheel drive,3,2090,6,229.0,3990,18.1,28.1
7002,1986,USA,Gasoline,Rear-wheel drive,4,2750,7,300.0,4930,17.2,23.6
7003,1980,Europe,Gasoline,Rear-wheel drive,3,2380,6,,4630,23.2,26.4
7004,1983,Europe,Gasoline,Front-wheel drive,4,2160,6,,4110,17.8,29.4
7005,2014,USA,Gasoline,All-wheel drive,4,2270,6,268.0,4530,18.1,27.3
7006,1986,Europe,Gasoline,Rear-wheel drive,3,2290,6,257.0,4310,17.6,25.4
7007,1986,USA,Gasoline,Front-wheel drive,5,2310,7,281.0,4590,19.3,26.4
7008,2020,Asia,Gasoline,Front-wheel drive,3,2170,6,237.0,4360,18.9,32.1
7009,2013,Europe,Hybrid,Front-wheel drive,5,2360,6,251.0,4090,17.7,35.5
7010,1985,Europe,Gasoline,Front-wheel drive,5,2350,6,264.0,4460,18.6,29.8
7011,1999,Asia,Gasoline,Front-wheel drive,4,2050,6,240.0,3970,20.0,32.5
7012,2005,USA,Gasoline,Front-wheel drive,4,2280,6,258.0,4350,19.0,32.4
7013,1998,Europe,Gasoline,Front-wheel drive,4,2370,6,239.0,4270,20.6,30.7
7014,1983,Europe,Diesel,Rear-wheel drive,5,2190,6,,4090,,30.6
7015,2023,Europe,Gasoline,All-wheel drive,3,2120,5,222.0,4220,19.1,32.2
7016,1998,USA,Gasoline,Front-wheel drive,3,2130,6,258.0,4270,20.2,30.4
7017,2000,Asia,Hybrid,All-wheel drive,4,2140,6,245.0,4210,17.3,34.3
7018,2023,Asia,Gasoline,Rear-wheel drive,2,1940,6,216.0,3910,18.9,33.3
7019,2011,Asia,Gasoline,All-wheel drive,3,2370,6,268.0,4560,19.0,29.7
7020,2022,Asia,Gasoline,Front-wheel drive,2,1970,5,207.0,3800,18.8,33.8
7021,2021,USA,Gasoline,Front-wheel drive,5,2260,6,249.0,4490,21.4,30.0
7022,1991,USA,Gasoline,All-wheel drive,4,2580,7,282.0,4780,18.0,25.2
7023,1988,USA,Gasoline,All-wheel drive,2,2790,7,287.0,4660,18.3,26.0
7024,2017,Europe,Gasoline,Front-wheel drive,4,2330,6,255.0,4110,17.9,35.6
7025,1979,Europe,Gasoline,All-wheel drive,3,2570,7,269.0,4700,18.2,22.7
7026,1990,Asia,Gasoline,Front-wheel drive,4,2470,6,258.0,4440,19.0,26.1
7027,2024,Europe,Gasoline,Rear-wheel drive,4,2280,6,239.0,4410,20.7,30.6
7028,2001,USA,Gasoline,All-wheel drive,2,2680,7,288.0,4650,19.8,26.3
7029,1989,Europe,Gasoline,Front-wheel drive,4,2370,6,273.0,4270,17.8,29.6
7030,1992,Europe,Gasoline,Front-wheel drive,4,2420,6,275.0,4430,18.8,28.7
7031,1982,USA,Diesel,Front-wheel drive,4,2240,6,293.0,4390,19.6,31.5
7032,1990,Asia,Gasoline,Front-wheel drive,4,2470,7,261.0,4430,20.1,25.8
7033,1994,Asia,Diesel,Front-wheel drive,3,2190,6,232.0,4320,21.2,30.3
7034,2019,Asia,Diesel,Front-wheel drive,4,2080,6,270.0,4010,20.5,35.0
7035,1994,Europe,Gasoline,Front-wheel drive,4,1930,5,223.0,3830,18.3,29.3
7036,1989,USA,Hybrid,All-wheel drive,3,2070,5,201.0,4280,18.2,28.8
7037,1991,USA,Gasoline,Rear-wheel drive,3,2400,6,275.0,4210,16.6,26.0
7038,1981,USA,Gasoline,Front-wheel drive,2,2130,6,260.0,4270,17.8,27.2
7039,2012,Europe,Hybrid,All-wheel drive,4,1930,5,207.0,3950,21.7,38.4
7040,2018,Asia,Gasoline,Front-wheel drive,5,2230,6,233.0,4190,19.9,31.2
7041,2003,Europe,Gasoline,Rear-wheel drive,5,2290,6,261.0,4500,19.0,28.8
7042,1998,Asia,Gasoline,All-wheel drive,2,2250,6,239.0,4280,18.9,31.6
7043,2001,Asia,Hybrid,Front-wheel drive,4,2030,6,250.0,3860,17.9,35.8
7044,2021,USA,Diesel,All-wheel drive,3,2470,6,300.0,4780,17.6,27.4
7045,2015,Asia,Gasoline,Front-wheel drive,4,2100,6,264.0,4190,17.4,34.9
7046,2018,USA,Gasoline,Front-wheel drive,5,2230,6,240.0,4320,18.2,29.3
7047,1975,Europe,Diesel,Front-wheel drive,4,2220,6,269.0,4450,19.1,26.9
7048,2012,USA,Gasoline,Front-wheel drive,5,2150,5,235.0,4280,20.3,32.2
7049,2008,USA,Gasoline,Rear-wheel drive,5,2400,6,281.0,4810,19.0,30.8
7050,1991,Europe,Gasoline,Front-wheel drive,4,2300,6,250.0,4180,19.6,28.4
7051,1995,Asia,Hybrid,Front-wheel drive,3,2270,6,252.0,4220,19.0,35.3
7052,1998,Europe,Gasoline,Front-wheel drive,4,2490,6,274.0,4270,19.3,28.7
7053,1987,USA,Gasoline,Front-wheel drive,2,1990,6,238.0,4070,17.9,31.3
7054,2009,Europe,Diesel,Front-wheel drive,2,2040,6,227.0,3740,16.5,32.2
7055,2010,Europe,Hybrid,All-wheel drive,3,2210,6,261.0,4480,18.3,32.6
7056,2020,Asia,Gasoline,Rear-wheel drive,3,2690,7,291.0,4820,20.3,30.0
7057,1997,USA,Diesel,Front-wheel drive,4,2080,5,,4020,17.4,30.8
7058,1982,USA,Hybrid,Front-wheel drive,3,2150,7,256.0,4150,19.4,31.4
7059,1983,Europe,Diesel,Front-wheel drive,2,2250,6,276.0,4290,19.7,30.7
7060,2015,USA,Hybrid,Front-wheel drive,4,2370,6,279.0,4010,17.1,34.4
7061,2014,Asia,Gasoline,Front-wheel drive,3,2140,6,221.0,3910,16.8,31.6
7062,1991,USA,Gasoline,Front-wheel drive,2,2700,7,312.0,4710,19.7,24.8
7063,2011,Asia,Gasoline,Front-wheel drive,2,2240,6,240.0,3910,16.1,31.4
7064,2020,Asia,Gasoline,Front-wheel drive,4,2210,5,240.0,4280,19.4,32.0
7065,2013,Asia,Gasoline,All-wheel drive,3,2290,6,243.0,4650,19.0,29.5
7066,2004,USA,Gasoline,All-wheel drive,5,2140,6,267.0,4570,20.3,27.2
7067,1983,Asia,Gasoline,Front-wheel drive,5,2300,6,238.0,4110,19.7,28.6
7068,2005,Europe,Gasoline,Front-wheel drive,3,2230,6,225.0,4050,18.6,32.3
7069,2015,Asia,Diesel,Front-wheel drive,2,2240,6,,4180,16.7,34.5
7070,2000,Asia,Gasoline,Front-wheel drive,3,2610,7,264.0,4430,17.9,28.0
7071,1999,Asia,Gasoline,All-wheel drive,5,2300,6,236.0,4490,19.9,27.0
7072,1981,Asia,Gasoline,Front-wheel drive,4,2300,6,,4090,16.3,30.0
7073,1984,USA,Diesel,Front-wheel drive,2,2240,6,243.0,4180,19.1,31.1
7074,2005,USA,Diesel,Front-wheel drive,4,2450,6,285.0,4360,19.0,27.5
7075,2005,Europe,Gasoline,Front-wheel drive,5,2310,6,255.0,4290,18.6,32.4
7076,2009,USA,Gasoline,Front-wheel drive,4,2280,6,253.0,4400,19.7,29.5
7077,1990,USA,Hybrid,Rear-wheel drive,2,2240,6,255.0,4370,19.2,30.4
7078,1991,Asia,Gasoline,All-wheel drive,3,2520,7,279.0,4630,20.9,27.4
7079,2000,Europe,Gasoline,Front-wheel drive,3,2050,6,213.0,3990,19.9,32.8
7080,1990,USA,Gasoline,All-wheel drive,4,2110,6,230.0,4670,19.6,28.4
7081,1977,USA,Diesel,Front-wheel drive,4,2380,6,,4470,17.4,29.9
7082,2000,Asia,Diesel,Front-wheel drive,2,2160,6,221.0,4090,18.3,30.9
7083,1995,Asia,Diesel,Front-wheel drive,5,2340,6,262.0,4300,18.1,30.5
7084,2014,Asia,Gasoline,All-wheel drive,5,2360,6,244.0,4300,18.3,29.9
7085,2000,USA,Diesel,All-wheel drive,3,2080,6,259.0,4140,18.6,31.0
7086,1978,Asia,Gasoline,Front-wheel drive,3,2060,5,228.0,4000,19.9,31.0
7087,1985,USA,Gasoline,All-wheel drive,2,2400,7,,4700,18.7,25.7
7088,2001,Asia,Gasoline,Front-wheel drive,5,2290,7,263.0,4430,20.2,29.1
7089,1990,Asia,Gasoline,Front-wheel drive,4,2400,6,278.0,4490,18.5,28.4
7090,1983,USA,Gasoline,Front-wheel drive,5,2650,7,305.0,5130,18.8,19.8
7091,2021,USA,Gasoline,Front-wheel drive,2,2400,6,273.0,4290,16.6,30.1
7092,2011,Europe,Diesel,Front-wheel drive,3,2430,6,261.0,4130,19.2,33.4
7093,1975,USA,Gasoline,Front-wheel drive,2,2520,7,287.0,4470,16.9,27.6
7094,1995,USA,Gasoline,Front-wheel drive,3,2100,5,218.0,3920,18.1,32.2
7095,1980,Asia,Gasoline,Front-wheel drive,4,2260,6,269.0,4240,19.4,26.6
7096,1989,USA,Gasoline,All-wheel drive,2,2440,7,291.0,4610,20.7,25.9
7097,1997,USA,Gasoline,All-wheel drive,2,2520,7,301.0,4660,18.3,25.9
7098,2016,USA,Hybrid,Front-wheel drive,2,2240,6,248.0,4190,18.4,35.0
7099,1975,USA,Gasoline,Rear-wheel drive,3,2520,6,282.0,4870,21.0,22.4
7100,2021,Europe,Diesel,Front-wheel drive,4,2000,5,249.0,3820,15.4,34.1
7101,1986,Asia,Gasoline,All-wheel drive,5,2160,6,238.0,4140,21.3,30.0
7102,2008,USA,Gasoline,Rear-wheel drive,3,2350,7,289.0,4600,18.9,25.5
7103,1996,Europe,Gasoline,Front-wheel drive,2,2200,6,233.0,4060,18.3,31.7
7104,2021,USA,Diesel,Rear-wheel drive,2,2210,6,263.0,4540,20.0,31.1
7105,1993,USA,Gasoline,Front-wheel drive,5,2310,6,255.0,4340,17.6,31.4
7106,1997,USA,Diesel,All-wheel drive,5,2190,6,253.0,4370,19.8,25.5
7107,2020,Asia,Diesel,Rear-wheel drive,3,2270,6,245.0,4310,19.8,31.5
7108,2008,Europe,Hybrid,Front-wheel drive,4,1900,5,197.0,4100,20.3,37.9
7109,1979,Europe,Gasoline,Front-wheel drive,3,2250,6,267.0,4030,19.0,28.9
7110,1989,Europe,Diesel,Rear-wheel drive,4,2220,6,236.0,4160,21.4,33.1
7111,2012,USA,Hybrid,All-wheel drive,3,2330,7,273.0,4540,19.0,34.9
7112,1992,Europe,Hybrid,Front-wheel drive,5,2430,7,263.0,4770,19.9,34.0
7113,1992,Asia,Gasoline,Front-wheel drive,4,2340,5,243.0,4040,18.6,31.1
7114,1978,USA,Hybrid,All-wheel drive,2,2570,6,285.0,4280,19.6,29.6
7115,2020,Europe,Gasoline,Rear-wheel drive,3,2200,6,234.0,3980,19.2,31.3
7116,1995,USA,Diesel,Front-wheel drive,5,2480,6,278.0,4320,17.1,30.6
7117,1998,Europe,Gasoline,All-wheel drive,2,2280,6,243.0,4320,19.3,28.5
7118,2009,USA,Diesel,All-wheel drive,4,2260,6,268.0,4520,17.8,28.9
7119,1987,Asia,Diesel,Front-wheel drive,3,2210,6,255.0,4300,19.0,31.5
7120,1978,USA,Diesel,Front-wheel drive,5,2020,6,254.0,3880,17.8,28.4
7121,1976,USA,Diesel,Front-wheel drive,4,2170,5,274.0,4060,18.1,30.6
7122,2009,USA,Gasoline,Rear-wheel drive,3,2140,6,263.0,4130,18.1,29.5
7123,1986,Asia,Gasoline,Rear-wheel drive,4,2390,6,251.0,4250,20.3,29.5
7124,1983,Asia,Gasoline,Front-wheel drive,3,2210,6,,4110,18.7,28.5
7125,2011,USA,Gasoline,Front-wheel drive,4,1960,6,215.0,4250,20.2,31.5
7126,2017,Asia,Gasoline,Rear-wheel drive,4,2310,6,267.0,4480,18.6,30.1
7127,2011,Asia,Diesel,Front-wheel drive,3,2160,6,258.0,3920,19.2,36.1
7128,2018,Europe,Diesel,Front-wheel drive,3,2050,5,216.0,4010,20.2,36.5
7129,1985,Asia,Diesel,Front-wheel drive,4,2170,6,264.0,4250,19.5,30.3
7130,2024,Asia,Gasoline,Front-wheel drive,4,2140,6,218.0,4120,15.6,35.0
7131,2012,USA,Diesel,Front-wheel drive,3,1830,5,210.0,4130,19.6,33.9
7132,1988,Europe,Gasoline,All-wheel drive,5,2230,6,254.0,4530,21.6,27.4
7133,1991,USA,Diesel,Front-wheel drive,4,2030,6,238.0,4060,18.7,31.0
7134,1985,USA,Hybrid,Front-wheel drive,4,2430,6,277.0,4320,17.9,33.2
7135,1984,USA,Gasoline,Front-wheel drive,3,2590,7,323.0,4750,19.2,28.1
7136,1988,Asia,Hybrid,Rear-wheel drive,3,2510,6,261.0,4500,19.2,30.3
7137,1993,Asia,Gasoline,Rear-wheel drive,3,2050,6,228.0,4230,19.5,32.1
7138,1981,USA,Gasoline,Front-wheel drive,3,2140,6,,4470,20.2,25.8
7139,1992,USA,Gasoline,Rear-wheel drive,4,2590,6,276.0,4840,18.2,22.4
7140,2001,Asia,Gasoline,Front-wheel drive,3,1890,5,201.0,3810,20.2,31.2
7141,1987,Asia,Gasoline,Front-wheel drive,2,2320,6,255.0,4130,21.4,30.1
7142,2021,Europe,Gasoline,Front-wheel drive,5,2200,6,236.0,4190,,32.8
7143,2023,USA,Gasoline,Rear-wheel drive,5,2270,7,273.0,4710,18.3,29.6
7144,2002,USA,Hybrid,Front-wheel drive,2,2260,6,248.0,4140,18.0,34.8
7145,1996,USA,Hybrid,All-wheel drive,2,1990,6,254.0,4250,17.5,31.7
7146,2000,USA,Gasoline,Front-wheel drive,2,2150,6,271.0,4200,17.6,30.3
7147,2015,Europe,Hybrid,All-wheel drive,3,2260,6,261.0,4630,19.9,33.1
7148,1982,Asia,Gasoline,Front-wheel drive,3,2350,6,,4080,18.2,31.3
7149,2009,USA,Hybrid,Front-wheel drive,3,2390,7,278.0,4390,18.1,31.4
7150,2004,Europe,Gasoline,All-wheel drive,3,2200,6,254.0,4420,18.9,29.6
7151,1998,Europe,Diesel,Front-wheel drive,5,2130,6,250.0,4020,18.9,33.6
7152,1999,USA,Diesel,All-wheel drive,3,2280,6,269.0,4550,18.6,29.1
7153,1991,USA,Gasoline,Front-wheel drive,3,2380,6,265.0,4220,19.5,29.2
7154,1994,USA,Gasoline,Front-wheel drive,4,2430,7,281.0,4500,20.4,27.9
7155,1986,Asia,Gasoline,Front-wheel drive,2,2180,6,250.0,4210,18.7,28.3
7156,1985,Europe,Diesel,Front-wheel drive,4,2180,6,267.0,3980,17.7,31.5
7157,1986,Asia,Gasoline,Front-wheel drive,3,2210,6,259.0,3860,17.9,31.8
7158,2004,USA,Gasoline,All-wheel drive,4,2300,6,255.0,4560,19.4,26.2
7159,1980,Europe,Hybrid,Front-wheel drive,2,2320,6,272.0,4000,18.8,31.7
7160,1989,USA,Gasoline,Front-wheel drive,3,2350,6,259.0,4280,17.7,25.3
7161,1986,USA,Gasoline,All-wheel drive,3,2200,6,253.0,4580,19.1,23.8
7162,1997,USA,Gasoline,Rear-wheel drive,3,2300,6,267.0,4510,19.4,27.8
7163,2005,Asia,Gasoline,Front-wheel drive,5,1910,5,206.0,4100,18.6,30.3
7164,1988,USA,Gasoline,All-wheel drive,5,1910,5,234.0,4030,18.2,25.5
7165,1980,USA,Gasoline,Rear-wheel drive,4,2440,6,262.0,4550,20.9,25.5
7166,1998,USA,Gasoline,Front-wheel drive,5,2160,6,250.0,4220,18.7,28.5
7167,2009,Europe,Hybrid,Front-wheel drive,4,2140,6,265.0,4080,18.2,38.4
7168,2014,Asia,Gasoline,Front-wheel drive,3,2240,6,210.0,4190,20.5,32.3
7169,1989,USA,Gasoline,All-wheel drive,4,2120,6,277.0,4200,19.3,26.7
7170,1990,Asia,Gasoline,Front-wheel drive,4,2220,6,233.0,4170,22.1,28.2
7171,2006,Europe,Diesel,Front-wheel drive,3,2390,6,261.0,4440,18.5,34.0
7172,1983,USA,Gasoline,Front-wheel drive,4,2230,6,272.0,4140,17.4,26.7
7173,2005,USA,Gasoline,Front-wheel drive,4,2390,6,270.0,4380,18.4,28.5
7174,1981,Europe,Gasoline,Front-wheel drive,3,2460,6,275.0,4390,18.9,30.2
7175,2013,USA,Diesel,All-wheel drive,3,2290,6,279.0,4510,19.2,27.9
7176,1983,USA,Gasoline,Rear-wheel drive,4,2340,6,,4320,18.9,29.5
7177,1986,Asia,Gasoline,Front-wheel drive,2,2270,6,229.0,4010,18.7,34.7
7178,2001,Europe,Gasoline,Front-wheel drive,4,2120,6,238.0,4130,18.8,30.6
7179,2001,Europe,Gasoline,Front-wheel drive,4,2330,7,257.0,4540,20.4,26.8
7180,2021,Asia,Gasoline,Front-wheel drive,5,2430,7,267.0,4310,15.9,31.7
7181,2000,USA,Gasoline,Front-wheel drive,5,2430,7,306.0,4590,18.5,29.0
7182,1995,Europe,Gasoline,All-wheel drive,3,2240,6,256.0,4040,17.7,28.7
7183,2024,USA,Gasoline,Rear-wheel drive,5,1960,5,233.0,4400,19.6,31.3
7184,1977,USA,Gasoline,Front-wheel drive,4,2320,6,241.0,4230,19.1,25.3
7185,1992,Europe,Diesel,Front-wheel drive,4,2350,6,260.0,4010,18.6,32.7
7186,2004,Europe,Gasoline,Front-wheel drive,4,2370,6,255.0,4120,16.7,32.6
7187,2010,Asia,Diesel,All-wheel drive,5,2500,6,284.0,4490,20.4,33.1
7188,1988,Europe,Hybrid,All-wheel drive,4,2010,6,238.0,4120,22.5,30.9
7189,1988,USA,Diesel,Front-wheel drive,3,2510,7,292.0,4620,19.3,24.8
7190,2000,Europe,Gasoline,Front-wheel drive,5,2160,6,228.0,4190,18.9,31.6
7191,1988,USA,Hybrid,Front-wheel drive,3,2280,6,260.0,4240,16.7,32.2
7192,2004,Europe,Gasoline,Rear-wheel drive,3,1980,6,229.0,3920,,34.3
7193,1991,USA,Gasoline,Front-wheel drive,4,2350,6,251.0,4540,18.1,29.2
7194,1991,Europe,Diesel,Rear-wheel drive,3,2410,6,272.0,4440,20.2,29.5
7195,1983,Europe,Gasoline,Front-wheel drive,3,2160,6,234.0,3980,18.1,29.9
7196,2000,Asia,Diesel,Rear-wheel drive,4,2100,5,236.0,4010,17.4,32.7
7197,1986,Europe,Diesel,Front-wheel drive,4,2220,6,257.0,4250,19.8,30.0
7198,2021,Asia,Gasoline,Front-wheel drive,4,2110,6,,3920,18.5,32.5
7199,1980,Asia,Gasoline,All-wheel drive,5,2340,6,274.0,4580,20.5,27.8
7200,1988,Europe,Gasoline,Front-wheel drive,5,2470,6,269.0,4480,19.1,28.4
7201,2018,Europe,Gasoline,Front-wheel drive,3,1980,6,230.0,3840,19.2,33.3
7202,2023,USA,Diesel,Front-wheel drive,3,2250,6,279.0,4230,18.4,37.3
7203,1987,Asia,Diesel,Rear-wheel drive,4,2350,7,276.0,4640,21.6,29.0
7204,2000,USA,Diesel,Front-wheel drive,4,2450,6,267.0,4470,16.4,28.1
7205,2017,Asia,Hybrid,Rear-wheel drive,4,2670,7,287.0,4830,19.1,34.0
7206,2004,Asia,Gasoline,Front-wheel drive,4,2360,6,253.0,4100,17.0,32.6
7207,1991,USA,Gasoline,All-wheel drive,5,2000,5,243.0,4550,22.1,27.2
7208,1983,USA,Gasoline,Front-wheel drive,4,2460,7,,4350,18.5,28.7
7209,2007,Europe,Hybrid,Front-wheel drive,4,1890,6,213.0,4080,18.6,36.8
7210,1989,Europe,Gasoline,Front-wheel drive,2,2280,6,273.0,4280,19.9,26.2
7211,2016,Europe,Gasoline,All-wheel drive,5,2360,6,254.0,4520,17.7,28.6
7212,1983,Asia,Diesel,Front-wheel drive,4,2340,6,254.0,4320,21.5,30.2
7213,2012,Asia,Gasoline,All-wheel drive,2,2280,6,231.0,4280,19.6,31.1
7214,1993,USA,Hybrid,Front-wheel drive,3,2160,5,239.0,4190,17.9,35.3
7215,1986,USA,Diesel,All-wheel drive,3,2060,6,239.0,4180,17.9,30.2
7216,2013,USA,Gasoline,Front-wheel drive,3,2250,6,254.0,4390,18.4,32.4
7217,2007,USA,Gasoline,Front-wheel drive,4,2250,6,256.0,4440,19.0,31.1
7218,1978,Asia,Gasoline,Front-wheel drive,2,2350,6,261.0,4470,17.8,27.2
7219,1983,USA,Gasoline,Rear-wheel drive,3,2310,6,,4280,19.5,26.8
7220,1998,Europe,Gasoline,Front-wheel drive,5,2310,6,240.0,4250,19.0,34.2
7221,2022,USA,Diesel,Front-wheel drive,4,2150,5,268.0,4180,17.8,33.2
7222,1979,USA,Gasoline,All-wheel drive,5,2040,6,,4380,21.3,28.1
7223,1983,Asia,Gasoline,Rear-wheel drive,4,2390,6,247.0,4490,18.4,25.6
7224,1987,Europe,Gasoline,Front-wheel drive,2,2140,6,242.0,3920,19.9,26.9
7225,1985,Asia,Gasoline,Front-wheel drive,4,2390,7,261.0,4490,21.2,27.9
7226,1983,USA,Gasoline,All-wheel drive,5,2190,6,257.0,4330,17.7,27.9
7227,1990,Asia,Gasoline,Rear-wheel drive,4,2260,6,233.0,4410,21.1,29.0
7228,1999,Europe,Gasoline,All-wheel drive,5,2520,6,258.0,4720,19.1,25.6
7229,1981,USA,Gasoline,Front-wheel drive,3,2600,6,,4320,17.3,27.0
7230,1982,USA,Diesel,Front-wheel drive,3,2270,6,277.0,4340,17.9,28.1
7231,1982,USA,Gasoline,Front-wheel drive,4,2300,6,,4320,16.6,28.0
7232,1985,USA,Gasoline,Front-wheel drive,3,2440,7,272.0,4540,20.2,25.2
7233,2008,Europe,Hybrid,All-wheel drive,4,2400,6,257.0,4760,19.3,33.3
7234,2008,Europe,Gasoline,Front-wheel drive,5,2210,7,266.0,4450,,31.8
7235,1990,USA,Diesel,Rear-wheel drive,4,2450,6,294.0,4460,18.3,27.1
7236,1986,USA,Gasoline,Rear-wheel drive,4,2290,6,264.0,4470,20.3,27.9
7237,2014,Europe,Gasoline,Rear-wheel drive,4,2290,6,258.0,4520,19.7,31.2
7238,2006,USA,Gasoline,Front-wheel drive,4,2430,6,268.0,4310,17.4,30.6
7239,2018,USA,Gasoline,Front-wheel drive,4,2000,6,267.0,4140,17.6,30.8
7240,2013,Asia,Gasoline,Rear-wheel drive,3,2360,7,268.0,4340,18.8,30.7
7241,2010,USA,Hybrid,Rear-wheel drive,2,2110,6,255.0,4150,18.4,30.9
7242,1988,Asia,Gasoline,Front-wheel drive,2,2500,6,235.0,4230,20.8,29.0
7243,2000,Asia,Gasoline,Front-wheel drive,5,2590,7,274.0,4560,19.3,30.2
7244,2015,USA,Gasoline,Rear-wheel drive,3,2180,6,243.0,4390,19.4,30.3
7245,2023,USA,Gasoline,Front-wheel drive,4,2030,6,258.0,4110,20.7,32.2
7246,1984,Asia,Diesel,All-wheel drive,2,1960,6,240.0,3960,19.8,32.9
7247,2020,Asia,Hybrid,Front-wheel drive,3,2240,6,256.0,4220,18.0,37.3
7248,1977,USA,Gasoline,Rear-wheel drive,4,2410,6,,4440,18.0,23.8
7249,2010,USA,Gasoline,All-wheel drive,5,2590,7,303.0,5060,19.2,29.3
7250,1992,Europe,Gasoline,Front-wheel drive,3,2190,6,232.0,4220,18.8,33.1
7251,1987,USA,Gasoline,All-wheel drive,4,2270,6,277.0,4610,19.7,24.8
7252,1993,Asia,Hybrid,Front-wheel drive,3,2100,6,240.0,4120,19.1,34.0
7253,2005,Europe,Gasoline,Front-wheel drive,3,2500,7,277.0,4380,19.0,29.8
7254,1992,Asia,Gasoline,Front-wheel drive,4,2480,6,267.0,4380,21.0,29.3
7255,2000,Asia,Gasoline,Front-wheel drive,3,2330,6,259.0,4270,20.1,30.2
7256,2017,USA,Hybrid,All-wheel drive,4,2420,6,286.0,4600,19.3,34.2
7257,2006,Asia,Gasoline,Rear-wheel drive,2,2490,7,262.0,4340,18.8,30.0
7258,1975,USA,Gasoline,Rear-wheel drive,3,2340,6,260.0,4600,21.6,24.3
7259,2022,Europe,Hybrid,Rear-wheel drive,3,2310,6,235.0,4190,21.1,36.3
7260,1990,USA,Gasoline,Front-wheel drive,4,2470,6,279.0,4530,17.1,27.3
7261,1989,USA,Gasoline,Front-wheel drive,4,2000,5,236.0,3880,21.1,28.9
7262,1994,Europe,Gasoline,Rear-wheel drive,3,1930,5,202.0,4130,17.9,30.9
7263,1998,USA,Gasoline,Rear-wheel drive,3,2330,6,253.0,4350,19.6,27.0
7264,1976,Asia,Diesel,Rear-wheel drive,3,2130,6,,3870,17.1,30.2
7265,1998,USA,Gasoline,Front-wheel drive,3,2220,6,241.0,4180,17.6,28.9
7266,2010,Asia,Diesel,All-wheel drive,5,2140,6,259.0,4330,18.4,33.5
7267,1990,USA,Hybrid,Front-wheel drive,2,2310,6,266.0,4280,19.7,33.3
7268,2020,Asia,Gasoline,Front-wheel drive,5,2160,6,244.0,4220,19.2,31.5
7269,2002,USA,Diesel,Front-wheel drive,4,2380,6,285.0,4350,17.3,28.2
7270,1997,Europe,Diesel,Rear-wheel drive,2,2060,6,273.0,3960,19.5,34.9
7271,1993,USA,Gasoline,Rear-wheel drive,3,3000,7,329.0,5210,19.6,26.5
7272,1983,Europe,Gasoline,Rear-wheel drive,3,2260,6,227.0,4330,20.3,27.0
7273,2015,Asia,Gasoline,Front-wheel drive,3,2260,7,242.0,4020,18.6,32.9
7274,1988,Asia,Gasoline,All-wheel drive,4,2690,7,272.0,4790,18.8,26.5
7275,1987,Asia,Hybrid,Front-wheel drive,5,2120,5,241.0,4100,18.2,34.0
7276,1980,Europe,Diesel,Rear-wheel drive,3,2300,7,,4400,18.8,30.5
7277,2004,USA,Diesel,Front-wheel drive,4,2590,7,310.0,4650,22.5,30.0
7278,2007,Asia,Diesel,Front-wheel drive,4,2610,7,,4630,17.2,29.6
7279,1994,USA,Gasoline,Rear-wheel drive,3,2470,6,281.0,4640,18.4,27.3
7280,1982,USA,Gasoline,Front-wheel drive,3,2060,5,,3870,17.6,28.7
7281,2015,Europe,Gasoline,Rear-wheel drive,2,2550,7,261.0,4560,,32.0
7282,2019,USA,Gasoline,Front-wheel drive,3,2290,6,250.0,4280,20.5,31.6
7283,1991,Asia,Gasoline,Front-wheel drive,5,2250,6,243.0,4190,16.1,28.1
7284,2015,Asia,Diesel,Front-wheel drive,2,2160,6,243.0,4040,18.6,34.7
7285,1978,Asia,Diesel,Front-wheel drive,3,2100,6,262.0,4100,18.6,30.0
7286,2012,USA,Gasoline,Front-wheel drive,2,2180,6,260.0,4080,17.5,30.9
7287,1990,Europe,Gasoline,All-wheel drive,4,2440,7,258.0,4420,16.9,25.5
7288,1989,USA,Gasoline,Front-wheel drive,3,2240,6,255.0,4190,17.2,27.7
7289,1981,Asia,Diesel,All-wheel drive,2,2160,6,258.0,4320,18.6,26.7
7290,2011,Europe,Gasoline,Front-wheel drive,5,1850,5,212.0,3920,,34.5
7291,1983,USA,Gasoline,Rear-wheel drive,3,2150,5,227.0,4160,20.3,26.9
7292,2013,Europe,Diesel,Front-wheel drive,4,1950,6,240.0,4260,17.1,32.4
7293,2017,Asia,Diesel,Front-wheel drive,2,2170,5,224.0,3900,18.3,38.1
7294,1993,Europe,Gasoline,Rear-wheel drive,2,2240,6,254.0,4510,18.5,31.9
7295,2022,USA,Gasoline,Front-wheel drive,2,2410,6,258.0,4270,18.0,32.4
7296,2019,Asia,Gasoline,Rear-wheel drive,4,2260,6,241.0,4560,20.5,32.1
7297,2003,USA,Gasoline,Rear-wheel drive,5,2240,6,269.0,4170,18.0,30.9
7298,1996,USA,Diesel,Rear-wheel drive,5,2300,6,268.0,4650,19.7,28.4
7299,1998,USA,Hybrid,Front-wheel drive,2,2520,6,278.0,4270,17.2,35.4
7300,1991,Asia,Gasoline,All-wheel drive,3,2170,6,240.0,4590,19.7,27.8
7301,1983,Asia,Diesel,Rear-wheel drive,4,2370,6,,4280,18.8,30.3
7302,2017,Europe,Gasoline,Front-wheel drive,4,2290,6,244.0,4210,22.0,32.8
7303,2013,Asia,Gasoline,Front-wheel drive,4,2030,6,227.0,4180,20.8,33.0
7304,1992,USA,Gasoline,Front-wheel drive,4,1940,5,201.0,4230,17.3,28.7
7305,1995,USA,Gasoline,Front-wheel drive,3,2040,5,235.0,3870,19.9,29.3
7306,2005,Europe,Gasoline,Front-wheel drive,2,2400,6,240.0,4120,20.0,31.3
7307,2011,Europe,Gasoline,Front-wheel drive,3,2270,6,235.0,4380,20.6,33.9
7308,1999,USA,Gasoline,Front-wheel drive,3,2000,6,250.0,3910,18.0,31.1
7309,2005,Europe,Gasoline,Front-wheel drive,4,2120,6,234.0,4340,20.3,29.5
7310,1984,Asia,Gasoline,Front-wheel drive,3,2090,6,229.0,3860,18.4,31.7
7311,2003,USA,Gasoline,Rear-wheel drive,4,2000,5,224.0,4100,18.9,30.7
7312,2019,USA,Gasoline,Front-wheel drive,4,2290,6,254.0,4300,19.1,32.4
7313,2007,USA,Gasoline,Rear-wheel drive,3,2440,7,273.0,4720,18.3,28.4
7314,2020,USA,Hybrid,Front-wheel drive,4,2110,6,261.0,4180,20.4,34.8
7315,1979,Asia,Gasoline,Front-wheel drive,5,2420,6,,4430,18.6,26.3
7316,1977,USA,Gasoline,Rear-wheel drive,4,2090,6,,4420,19.8,24.9
7317,1991,Asia,Diesel,Front-wheel drive,4,2460,7,258.0,4160,19.0,30.5
7318,2021,USA,Hybrid,Front-wheel drive,3,2320,7,289.0,4410,19.7,34.8
7319,1982,Asia,Gasoline,Front-wheel drive,3,2350,6,252.0,3880,18.1,30.7
7320,1981,USA,Gasoline,Front-wheel drive,4,2400,6,,4380,18.5,28.1
7321,1978,Asia,Gasoline,Rear-wheel drive,2,1890,5,,3630,18.5,29.0
7322,1998,Asia,Gasoline,Front-wheel drive,3,2370,6,261.0,4170,19.7,31.5
7323,2002,Europe,Gasoline,Front-wheel drive,3,2310,6,228.0,4060,19.7,31.2
7324,1999,Europe,Diesel,All-wheel drive,2,2570,6,259.0,4480,19.2,29.5
7325,2007,Europe,Gasoline,Front-wheel drive,5,2180,6,252.0,4240,20.0,30.1
7326,2002,Asia,Gasoline,Front-wheel drive,5,1940,6,211.0,3860,18.5,33.3
7327,2006,Europe,Gasoline,Front-wheel drive,3,2300,6,253.0,4460,20.6,30.9
7328,1986,USA,Diesel,Rear-wheel drive,2,2470,6,279.0,4440,20.6,27.8
7329,1985,USA,Gasoline,Rear-wheel drive,3,2160,7,254.0,4670,20.0,24.2
7330,1976,USA,Gasoline,Front-wheel drive,3,2090,6,224.0,3950,18.9,30.1
7331,2008,Europe,Gasoline,Front-wheel drive,3,2030,6,214.0,3750,17.3,31.7
7332,2022,USA,Gasoline,All-wheel drive,2,1960,5,224.0,3900,16.6,30.2
7333,2012,Europe,Gasoline,Rear-wheel drive,3,2320,6,251.0,4390,17.6,30.7
7334,1982,USA,Gasoline,Rear-wheel drive,3,2090,6,212.0,4350,19.2,28.6
7335,1988,Europe,Diesel,Front-wheel drive,4,2170,6,226.0,4000,17.5,31.4
7336,2022,Europe,Gasoline,Front-wheel drive,3,2380,6,266.0,4060,18.9,32.6
7337,1987,Europe,Gasoline,Front-wheel drive,5,2150,6,239.0,4120,18.7,29.3
7338,2009,Europe,Gasoline,Front-wheel drive,2,2280,6,237.0,4120,17.8,32.4
7339,1982,Asia,Hybrid,Front-wheel drive,3,2230,6,,3990,16.4,34.3
7340,2004,Asia,Gasoline,Rear-wheel drive,4,2290,6,249.0,4320,18.7,31.9
7341,2020,Europe,Gasoline,Front-wheel drive,4,2370,7,266.0,4450,19.9,31.9
7342,1990,USA,Gasoline,Front-wheel drive,4,2240,6,248.0,4300,19.7,25.8
7343,2009,Asia,Gasoline,Front-wheel drive,4,2060,6,215.0,4120,19.4,35.4
7344,2013,USA,Gasoline,Rear-wheel drive,5,2210,6,243.0,4360,18.7,32.3
7345,2012,Asia,Gasoline,Front-wheel drive,3,2250,6,259.0,4150,17.2,32.7
7346,2017,USA,Gasoline,Rear-wheel drive,4,2530,7,272.0,4300,17.7,27.8
7347,1980,Asia,Diesel,Front-wheel drive,4,2130,6,247.0,4240,19.0,29.7
7348,2009,USA,Gasoline,Front-wheel drive,5,1840,6,236.0,3980,19.8,30.7
7349,2000,USA,Gasoline,Rear-wheel drive,2,2030,6,245.0,4200,20.8,28.8
7350,2023,USA,Gasoline,Front-wheel drive,5,2370,6,260.0,4500,17.8,30.1
7351,2004,Asia,Diesel,Front-wheel drive,4,1770,5,221.0,3720,19.4,34.1
7352,1979,Europe,Gasoline,Front-wheel drive,4,2460,6,266.0,4430,20.0,27.5
7353,1989,Asia,Gasoline,All-wheel drive,4,2150,6,227.0,4370,19.9,28.2
7354,1989,Europe,Gasoline,Front-wheel drive,5,2080,6,235.0,3940,19.8,34.8
7355,2001,USA,Hybrid,Rear-wheel drive,3,2110,5,254.0,4050,17.6,37.3
7356,2023,USA,Gasoline,Rear-wheel drive,4,2040,6,250.0,4070,19.1,31.8
7357,2010,USA,Gasoline,Front-wheel drive,4,2570,7,288.0,4580,18.8,29.6
7358,2010,USA,Gasoline,Front-wheel drive,4,2230,6,249.0,4350,20.1,30.3
7359,1994,Asia,Gasoline,All-wheel drive,3,2360,7,262.0,4420,21.4,30.0
7360,1991,Europe,Gasoline,Front-wheel drive,3,2350,6,255.0,4380,20.4,29.7
7361,2003,Europe,Gasoline,Front-wheel drive,2,2520,7,300.0,4450,,27.6
7362,1976,USA,Gasoline,Front-wheel drive,4,2230,6,,4230,19.0,26.9
7363,2002,Europe,Diesel,All-wheel drive,2,2120,6,243.0,4110,19.5,30.5
7364,1986,Europe,Gasoline,Rear-wheel drive,4,2260,6,246.0,4320,21.0,28.2
7365,1982,Asia,Hybrid,Rear-wheel drive,3,2670,7,283.0,4640,18.2,30.8
7366,1993,Europe,Gasoline,Front-wheel drive,3,2020,5,216.0,3880,19.2,29.4
7367,1981,USA,Gasoline,Front-wheel drive,4,2020,6,,3960,20.4,29.3
7368,2019,USA,Gasoline,Front-wheel drive,3,2270,6,260.0,4240,20.3,27.2
7369,1982,USA,Hybrid,Front-wheel drive,5,2170,6,238.0,4270,20.6,31.5
7370,1988,USA,Diesel,Front-wheel drive,3,2310,6,264.0,4700,20.7,27.5
7371,1981,Europe,Hybrid,Front-wheel drive,4,2470,6,249.0,4210,17.2,34.1
7372,2001,Europe,Gasoline,Front-wheel drive,3,2370,6,275.0,4280,19.8,28.2
7373,2010,USA,Gasoline,Rear-wheel drive,2,2250,6,270.0,4610,21.0,29.3
7374,1975,USA,Gasoline,Front-wheel drive,3,2240,6,,4180,19.3,26.4
7375,2007,Asia,Gasoline,Rear-wheel drive,4,2270,6,252.0,4270,19.8,28.4
7376,2007,Asia,Gasoline,All-wheel drive,4,2140,6,235.0,4390,19.3,31.7
7377,1999,USA,Gasoline,Rear-wheel drive,2,2220,6,256.0,4410,19.9,27.4
7378,1988,Europe,Diesel,All-wheel drive,3,1830,5,196.0,3890,22.5,31.9
7379,1987,USA,Gasoline,Front-wheel drive,5,2210,6,241.0,4260,21.1,27.8
7380,1991,Asia,Gasoline,Rear-wheel drive,4,2290,6,273.0,4130,19.1,28.0
7381,1996,Europe,Gasoline,Rear-wheel drive,4,2350,6,256.0,4480,18.5,28.7
7382,2001,Asia,Gasoline,Front-wheel drive,3,2260,6,262.0,4030,17.9,32.3
7383,2001,Europe,Gasoline,Front-wheel drive,5,2190,6,253.0,4080,20.0,31.8
7384,2009,Europe,Hybrid,All-wheel drive,2,2150,6,237.0,4190,19.2,35.3
7385,1986,USA,Gasoline,All-wheel drive,4,2170,6,259.0,4510,19.5,25.2
7386,1994,USA,Gasoline,Front-wheel drive,5,2290,6,240.0,4190,19.7,30.3
7387,1983,Europe,Gasoline,Front-wheel drive,4,2180,6,238.0,4490,20.4,29.2
7388,1994,USA,Diesel,Front-wheel drive,2,2170,5,242.0,4120,20.5,30.6
7389,2003,Asia,Gasoline,All-wheel drive,3,2150,6,221.0,4030,20.3,30.3
7390,1980,USA,Gasoline,Rear-wheel drive,2,2560,6,279.0,4500,20.1,24.9
7391,1989,USA,Gasoline,Front-wheel drive,4,2220,6,251.0,4200,21.7,30.3
7392,1992,Asia,Diesel,Front-wheel drive,5,2130,6,280.0,4080,18.7,34.2
7393,1993,Asia,Gasoline,Rear-wheel drive,4,2170,6,231.0,4310,20.2,27.5
7394,2002,Asia,Gasoline,All-wheel drive,3,2140,6,238.0,4070,18.0,28.4
7395,1999,USA,Gasoline,Front-wheel drive,4,2170,6,231.0,4010,17.9,27.8
7396,1988,USA,Gasoline,Front-wheel drive,4,2410,6,292.0,4310,19.1,28.8
7397,2020,USA,Diesel,All-wheel drive,4,2340,6,243.0,4270,17.8,32.7
7398,1999,Asia,Gasoline,Front-wheel drive,2,2420,7,249.0,4000,20.8,29.0
7399,2012,Asia,Gasoline,Rear-wheel drive,2,2270,6,239.0,4230,17.7,32.2
7400,1982,USA,Gasoline,Front-wheel drive,2,2410,6,,4130,15.5,27.8
7401,2009,USA,Gasoline,Rear-wheel drive,4,2420,7,249.0,4920,18.8,26.8
7402,1993,Asia,Hybrid,Front-wheel drive,4,2030,5,236.0,3690,15.3,36.0
7403,2002,USA,Gasoline,All-wheel drive,5,2200,6,274.0,4270,17.6,26.3
7404,2016,Europe,Gasoline,Front-wheel drive,4,2200,6,233.0,3900,18.0,33.5
7405,1979,Asia,Diesel,Front-wheel drive,5,2300,6,275.0,4210,17.0,27.4
7406,2004,Asia,Hybrid,Rear-wheel drive,3,2330,6,236.0,4410,18.8,34.5
7407,1980,USA,Gasoline,Front-wheel drive,4,2460,6,,4310,19.0,26.8
7408,2016,Asia,Gasoline,Rear-wheel drive,5,2110,5,221.0,4030,15.9,31.7
7409,1994,USA,Diesel,All-wheel drive,4,2320,6,293.0,4450,21.0,28.1
7410,1986,Asia,Diesel,Front-wheel drive,3,2310,6,249.0,4240,17.5,29.7
7411,1989,Europe,Hybrid,Front-wheel drive,2,2450,7,257.0,4220,17.0,33.2
7412,1984,Asia,Gasoline,Front-wheel drive,4,1930,5,,3940,19.6,27.2
7413,2006,USA,Hybrid,All-wheel drive,3,2150,6,259.0,4230,17.4,34.1
7414,2010,Asia,Gasoline,All-wheel drive,3,2430,6,263.0,4450,18.1,31.9
7415,1996,USA,Gasoline,Front-wheel drive,4,2330,6,264.0,4130,19.9,29.5
7416,1992,USA,Diesel,All-wheel drive,3,1880,5,233.0,4270,19.0,28.0
7417,2011,Europe,Gasoline,Front-wheel drive,2,2130,6,233.0,3730,15.5,33.6
7418,1981,Europe,Gasoline,All-wheel drive,2,2480,7,279.0,4440,22.1,24.8
7419,1986,USA,Gasoline,All-wheel drive,5,2570,7,289.0,4910,21.2,26.3
7420,1997,USA,Gasoline,Rear-wheel drive,4,2190,7,250.0,4840,19.6,27.3
7421,2023,Europe,Gasoline,All-wheel drive,3,2410,7,283.0,4480,17.8,32.8
7422,1993,USA,Hybrid,Front-wheel drive,5,1980,6,205.0,4280,19.7,33.7
7423,2005,Asia,Gasoline,All-wheel drive,5,2370,6,239.0,4140,20.4,30.1
7424,1983,USA,Gasoline,Rear-wheel drive,4,2510,7,291.0,4690,17.1,24.9
7425,2009,USA,Diesel,Front-wheel drive,3,2200,6,271.0,3800,16.9,34.8
7426,2021,USA,Gasoline,All-wheel drive,3,2380,6,260.0,4280,16.5,27.0
7427,2017,USA,Hybrid,Front-wheel drive,3,2390,7,264.0,4550,19.0,30.6
7428,2023,USA,Diesel,All-wheel drive,2,2290,6,277.0,4330,18.7,33.3
7429,2008,USA,Diesel,Rear-wheel drive,2,2260,6,256.0,4260,20.1,30.1
7430,2019,Asia,Gasoline,Rear-wheel drive,5,2190,6,248.0,4390,18.1,31.7
7431,1980,Asia,Gasoline,Rear-wheel drive,4,2170,6,265.0,4220,20.0,30.1
7432,2001,USA,Hybrid,All-wheel drive,3,2120,6,237.0,4540,18.8,33.8
7433,2015,Europe,Gasoline,Front-wheel drive,2,2470,7,269.0,4340,16.6,32.1
7434,1989,Asia,Gasoline,Front-wheel drive,3,2330,6,265.0,4230,17.0,32.0
7435,2007,Asia,Gasoline,Front-wheel drive,4,1980,6,227.0,4260,18.3,34.4
7436,1985,Europe,Gasoline,Rear-wheel drive,4,2000,5,222.0,3720,15.1,32.2
7437,1990,Europe,Diesel,Rear-wheel drive,2,2150,6,254.0,3860,18.0,32.1
7438,1982,Europe,Diesel,All-wheel drive,4,2250,6,255.0,4490,20.2,29.1
7439,1981,Europe,Diesel,All-wheel drive,5,2350,6,,4580,21.0,27.3
7440,2012,Asia,Gasoline,Rear-wheel drive,3,2330,6,271.0,4510,19.7,27.1
7441,1986,Asia,Gasoline,Front-wheel drive,4,2260,6,249.0,4190,17.8,29.3
7442,1975,USA,Diesel,Front-wheel drive,2,2450,7,302.0,4530,18.6,23.9
7443,1977,Asia,Gasoline,All-wheel drive,3,2420,7,,4620,17.4,25.7
7444,1988,Europe,Gasoline,Front-wheel drive,3,2230,6,234.0,4150,20.9,29.5
7445,1984,Asia,Gasoline,All-wheel drive,2,2380,6,,4580,18.6,28.3
7446,1988,USA,Hybrid,Front-wheel drive,5,2020,5,227.0,3930,19.3,30.6
7447,1982,Europe,Diesel,Front-wheel drive,5,2610,7,,4640,,24.9
7448,1995,Asia,Gasoline,Rear-wheel drive,3,2480,6,290.0,4490,19.8,30.3
7449,1976,USA,Gasoline,Rear-wheel drive,3,2670,7,,4490,19.6,26.1
7450,1979,Europe,Diesel,Rear-wheel drive,4,2290,6,265.0,4490,19.7,27.1
7451,1980,USA,Hybrid,All-wheel drive,4,2300,6,,4580,18.2,30.3
7452,2000,Asia,Diesel,Front-wheel drive,2,2330,6,281.0,4140,15.9,30.9
7453,2012,USA,Gasoline,All-wheel drive,4,2580,7,286.0,4960,18.1,26.7
7454,2021,Europe,Gasoline,Rear-wheel drive,5,2020,6,237.0,4200,19.1,32.1
7455,2018,Asia,Diesel,Front-wheel drive,4,2110,6,258.0,4040,18.9,32.6
7456,1984,USA,Gasoline,Front-wheel drive,4,2420,6,,4230,15.8,24.2
7457,1998,Europe,Gasoline,Front-wheel drive,3,2060,6,235.0,3920,19.6,32.6
7458,1989,Europe,Diesel,Front-wheel drive,5,2460,7,278.0,4300,18.3,30.2
7459,1999,Asia,Gasoline,All-wheel drive,4,2480,6,249.0,4370,18.4,29.5
7460,2004,USA,Hybrid,All-wheel drive,4,2040,6,231.0,4320,18.6,32.7
7461,2003,USA,Gasoline,All-wheel drive,2,2320,6,248.0,4520,19.3,27.2
7462,2017,Europe,Gasoline,Front-wheel drive,3,1970,5,244.0,3600,17.7,32.7
7463,1980,Europe,Diesel,Front-wheel drive,5,2270,6,263.0,4060,17.1,32.8
7464,1988,USA,Gasoline,Rear-wheel drive,2,1910,6,,4220,20.4,27.9
7465,2009,Europe,Gasoline,Front-wheel drive,4,2010,5,201.0,3680,18.0,37.5
7466,2021,USA,Diesel,Front-wheel drive,2,1950,5,246.0,3820,18.2,35.6
7467,1975,USA,Gasoline,Front-wheel drive,5,2170,6,254.0,3980,18.8,27.2
7468,1978,Europe,Gasoline,All-wheel drive,5,2340,6,260.0,4550,22.1,26.7
7469,1996,USA,Gasoline,Front-wheel drive,5,2520,7,306.0,4430,18.9,28.2
7470,2004,Asia,Gasoline,Front-wheel drive,2,2380,6,282.0,4470,18.6,28.2
7471,2015,USA,Gasoline,Front-wheel drive,3,2350,6,260.0,4200,18.8,27.0
7472,1983,USA,Gasoline,Rear-wheel drive,4,1920,5,,4070,22.4,29.8
7473,1981,Asia,Gasoline,Front-wheel drive,3,2120,6,239.0,4040,16.0,30.1
7474,2012,USA,Gasoline,Front-wheel drive,3,2330,6,287.0,4530,18.4,27.4
7475,1992,Asia,Gasoline,Rear-wheel drive,4,2200,6,234.0,4330,19.9,29.1
7476,2019,USA,Gasoline,Rear-wheel drive,5,2330,6,257.0,4500,17.4,30.3
7477,1976,Asia,Gasoline,All-wheel drive,4,2140,6,214.0,4250,19.5,29.2
7478,1998,Europe,Gasoline,All-wheel drive,4,1970,5,206.0,4270,19.8,29.0
7479,2008,Europe,Gasoline,Rear-wheel drive,4,1960,6,228.0,4170,19.2,31.5
7480,1994,Europe,Diesel,Front-wheel drive,2,2690,7,295.0,4510,18.1,30.1
7481,1990,USA,Gasoline,All-wheel drive,5,2390,6,260.0,4670,19.1,25.1
7482,2000,USA,Hybrid,Rear-wheel drive,5,2350,6,273.0,4400,17.0,31.7
7483,1983,Asia,Gasoline,Front-wheel drive,3,2120,5,,4090,18.7,26.9
7484,1997,Asia,Gasoline,Front-wheel drive,2,2200,6,252.0,3870,17.2,32.6
7485,2011,Asia,Diesel,Rear-wheel drive,4,2400,6,245.0,4610,18.6,36.2
7486,2007,Europe,Gasoline,Front-wheel drive,3,2480,6,281.0,4130,17.5,30.0
7487,1996,USA,Gasoline,Rear-wheel drive,4,2460,6,278.0,4410,17.8,28.4
7488,1976,Europe,Gasoline,Rear-wheel drive,3,1860,5,208.0,4070,,27.0
7489,1982,Europe,Gasoline,Rear-wheel drive,4,2570,7,288.0,4740,20.6,25.1
7490,2016,USA,Gasoline,All-wheel drive,4,2220,6,255.0,4470,18.9,30.5
7491,2013,Asia,Gasoline,All-wheel drive,4,2290,6,247.0,4490,18.1,30.6
7492,1983,USA,Gasoline,Front-wheel drive,4,2430,6,260.0,4080,19.2,28.5
7493,2004,USA,Gasoline,Rear-wheel drive,4,2200,6,269.0,4230,18.9,30.3
7494,1984,USA,Gasoline,Rear-wheel drive,5,2590,7,,4920,19.8,25.2
7495,2007,USA,Gasoline,All-wheel drive,5,2080,5,229.0,4710,19.1,29.1
7496,2010,USA,Diesel,Front-wheel drive,4,2530,6,288.0,4520,19.5,30.8
7497,2012,USA,Diesel,All-wheel drive,3,2610,7,294.0,4750,16.4,28.0
7498,1991,Europe,Diesel,Front-wheel drive,3,1990,5,247.0,3960,16.4,31.8
7499,1982,Europe,Gasoline,Rear-wheel drive,4,2330,6,,4360,19.1,26.1
7500,2014,Europe,Diesel,Front-wheel drive,5,1940,5,230.0,3720,19.2,32.5
7501,2019,Asia,Diesel,Rear-wheel drive,4,2030,5,240.0,4110,17.2,32.9
7502,1982,USA,Diesel,Rear-wheel drive,5,2270,6,,4390,18.0,26.2
7503,1988,Europe,Diesel,All-wheel drive,4,2470,6,289.0,4660,18.9,27.1
7504,2005,Asia,Gasoline,Front-wheel drive,5,2380,6,247.0,4460,19.2,30.7
7505,2006,Asia,Diesel,Front-wheel drive,5,2240,6,252.0,4320,16.5,31.6
7506,2019,USA,Gasoline,Front-wheel drive,4,1970,5,255.0,4300,20.0,31.9
7507,1978,Asia,Hybrid,Front-wheel drive,3,2150,6,,3790,16.5,31.5
7508,1978,Asia,Diesel,Rear-wheel drive,3,2410,6,,4270,19.9,29.4
7509,1993,Asia,Gasoline,Rear-wheel drive,5,2320,7,270.0,4340,20.8,30.1
7510,1998,Europe,Gasoline,Rear-wheel drive,4,2140,6,,4130,20.1,31.6
7511,2024,USA,Diesel,Front-wheel drive,2,2600,7,300.0,4540,20.2,32.4
7512,1981,USA,Gasoline,Front-wheel drive,5,2510,7,285.0,4480,19.0,27.4
7513,1996,USA,Hybrid,Front-wheel drive,5,2210,6,276.0,4420,20.0,31.5
7514,1999,Europe,Diesel,Front-wheel drive,4,2530,6,275.0,4210,16.2,32.1
7515,1997,Asia,Gasoline,Rear-wheel drive,3,2130,6,227.0,4150,18.0,29.4
7516,2004,Europe,Gasoline,Rear-wheel drive,4,2360,6,250.0,4300,18.6,31.1
7517,1991,Asia,Diesel,Front-wheel drive,3,2180,6,230.0,4080,17.7,28.6
7518,2021,Europe,Gasoline,All-wheel drive,4,2070,6,236.0,4010,18.4,34.8
7519,1988,USA,Gasoline,Front-wheel drive,3,2110,6,252.0,3940,18.5,31.6
7520,1978,USA,Gasoline,All-wheel drive,4,2510,7,,5010,20.0,22.3
7521,2005,USA,Gasoline,All-wheel drive,3,2190,6,260.0,4400,19.2,26.5
7522,2001,Asia,Gasoline,Front-wheel drive,4,2290,6,268.0,4380,17.5,29.9
7523,1986,USA,Diesel,Rear-wheel drive,4,2210,6,270.0,4280,18.4,29.4
7524,2018,USA,Diesel,Front-wheel drive,4,2210,6,261.0,4240,17.3,31.6
7525,1999,Europe,Gasoline,All-wheel drive,3,2000,6,219.0,4400,21.0,28.1
7526,1981,USA,Gasoline,All-wheel drive,3,2390,6,278.0,4410,18.7,25.0
7527,2010,USA,Gasoline,Front-wheel drive,3,2290,6,278.0,4200,18.7,30.0
7528,2022,Asia,Gasoline,Front-wheel drive,4,2350,6,254.0,4040,17.9,34.2
7529,2003,USA,Diesel,Front-wheel drive,4,2030,5,257.0,3980,16.1,32.6
7530,2009,Asia,Gasoline,Front-wheel drive,2,2280,6,246.0,4180,19.9,33.2
7531,2022,Europe,Gasoline,Front-wheel drive,5,2160,6,236.0,4180,18.4,35.3
7532,2013,USA,Gasoline,Front-wheel drive,2,2210,6,268.0,4090,16.7,30.9
7533,2014,USA,Hybrid,All-wheel drive,4,2170,5,229.0,4450,18.7,32.7
7534,1981,Europe,Gasoline,Front-wheel drive,4,1750,5,,3800,17.9,30.7
7535,2022,Asia,Hybrid,Front-wheel drive,2,2100,6,216.0,4070,19.4,38.5
7536,2021,Europe,Gasoline,All-wheel drive,4,2300,6,257.0,4400,18.4,32.9
7537,2010,Europe,Gasoline,Front-wheel drive,3,1930,5,209.0,3750,17.3,34.7
7538,2013,USA,Gasoline,Front-wheel drive,2,2320,6,255.0,4210,19.9,31.5
7539,1980,USA,Diesel,Rear-wheel drive,3,2320,6,,4370,18.0,30.7
7540,1996,Europe,Gasoline,Front-wheel drive,4,2370,7,278.0,4400,,29.1
7541,1994,USA,Gasoline,Rear-wheel drive,5,1990,6,243.0,4290,18.7,28.3
7542,2000,USA,Diesel,All-wheel drive,3,2030,5,243.0,4150,18.3,31.2
7543,2019,Asia,Diesel,Rear-wheel drive,4,2520,7,267.0,4620,21.1,33.4
7544,2023,Asia,Gasoline,All-wheel drive,4,2170,6,233.0,4280,18.3,30.2
7545,1984,Europe,Gasoline,Rear-wheel drive,3,2360,6,256.0,4110,18.8,27.8
7546,2024,Asia,Diesel,Front-wheel drive,5,2360,7,273.0,4440,18.4,33.4
7547,2024,Asia,Gasoline,All-wheel drive,4,2370,6,248.0,4460,17.4,32.2
7548,2019,Europe,Gasoline,All-wheel drive,5,2180,6,264.0,4550,19.5,28.1
7549,2000,Asia,Gasoline,All-wheel drive,4,2350,6,257.0,4540,18.3,29.1
7550,2010,Asia,Gasoline,Front-wheel drive,3,2770,7,296.0,4480,17.9,27.2
7551,1985,USA,Gasoline,Front-wheel drive,3,2070,6,238.0,4190,19.3,27.4
7552,2005,Asia,Gasoline,Front-wheel drive,3,2160,6,242.0,4170,19.8,31.4
7553,2007,USA,Diesel,Front-wheel drive,5,2050,5,245.0,4000,20.2,28.6
7554,1976,USA,Diesel,Front-wheel drive,5,2460,6,295.0,4430,18.0,27.3
7555,1979,Europe,Diesel,Front-wheel drive,3,2240,6,268.0,4240,18.7,31.3
7556,2006,Europe,Gasoline,Front-wheel drive,4,2550,6,266.0,4450,17.5,27.6
7557,1999,Asia,Gasoline,Front-wheel drive,4,2170,6,237.0,4090,19.5,30.9
7558,1990,Europe,Gasoline,Front-wheel drive,5,2200,6,247.0,4030,19.1,28.3
7559,2010,Asia,Gasoline,All-wheel drive,3,2230,5,243.0,4240,16.5,28.6
7560,2013,Asia,Gasoline,Front-wheel drive,3,2250,6,234.0,3850,15.8,31.4
7561,1997,Europe,Gasoline,All-wheel drive,4,2250,6,252.0,4400,,28.6
7562,2003,Europe,Gasoline,All-wheel drive,4,1900,5,211.0,4000,19.4,32.1
7563,2013,USA,Gasoline,Rear-wheel drive,4,2460,6,271.0,4620,17.4,27.6
7564,1986,USA,Gasoline,Rear-wheel drive,4,2090,6,266.0,4260,19.7,26.2
7565,1997,Europe,Hybrid,Rear-wheel drive,5,1780,5,187.0,4000,20.4,35.4
7566,2024,Europe,Diesel,Front-wheel drive,3,2460,6,,4380,19.1,33.6
7567,1993,USA,Gasoline,Front-wheel drive,5,2240,6,225.0,4470,21.5,28.7
7568,2017,USA,Gasoline,Front-wheel drive,4,2310,6,288.0,4280,15.6,28.3
7569,1996,USA,Gasoline,Front-wheel drive,5,2350,6,280.0,4180,17.6,26.7
7570,1982,USA,Gasoline,All-wheel drive,5,2210,6,266.0,4530,19.7,26.2
7571,1978,USA,Hybrid,Rear-wheel drive,3,2610,7,,4830,19.0,27.6
7572,1980,Asia,Gasoline,Rear-wheel drive,4,2150,5,239.0,4310,22.0,28.9
7573,2008,Europe,Gasoline,Rear-wheel drive,3,2200,6,247.0,4450,19.2,29.2
7574,1992,USA,Hybrid,All-wheel drive,4,2190,6,264.0,4500,19.0,33.0
7575,1990,Asia,Diesel,Front-wheel drive,4,2200,6,246.0,4190,19.2,31.8
7576,2009,USA,Gasoline,All-wheel drive,3,2350,6,221.0,4390,19.8,30.7
7577,2020,Asia,Gasoline,Front-wheel drive,2,2190,6,234.0,3810,18.7,35.0
7578,2022,Asia,Gasoline,Front-wheel drive,3,2300,6,247.0,4030,16.0,34.7
7579,1979,Europe,Hybrid,Front-wheel drive,4,2310,6,,4220,17.5,30.1
7580,1981,USA,Gasoline,Rear-wheel drive,3,2470,7,303.0,4770,20.1,21.9
7581,1997,Europe,Gasoline,Front-wheel drive,3,2630,7,288.0,4490,19.1,28.8
7582,1994,Asia,Gasoline,Front-wheel drive,2,2390,6,272.0,4450,19.0,31.1
7583,1987,Asia,Diesel,Front-wheel drive,4,1860,5,212.0,3800,20.0,31.0
7584,1980,Europe,Gasoline,Front-wheel drive,4,2220,6,,4150,20.5,29.6
7585,1999,Asia,Gasoline,Front-wheel drive,3,2480,7,270.0,4320,18.9,31.0
7586,1988,Asia,Gasoline,Rear-wheel drive,2,2290,6,235.0,4110,17.9,29.3
7587,2003,USA,Gasoline,Front-wheel drive,3,2380,6,270.0,3890,17.4,30.4
7588,1987,Asia,Gasoline,Front-wheel drive,4,2380,6,249.0,4090,17.6,31.4
7589,1998,Europe,Gasoline,Rear-wheel drive,3,2420,7,252.0,4380,19.2,26.7
7590,2004,Europe,Gasoline,Front-wheel drive,2,2580,7,288.0,4690,19.9,34.3
7591,2020,Europe,Diesel,Rear-wheel drive,5,2210,6,252.0,4130,19.8,35.1
7592,2004,USA,Diesel,Front-wheel drive,4,2470,7,296.0,4680,20.3,26.3
7593,1976,Europe,Gasoline,All-wheel drive,5,2340,7,258.0,4600,17.1,24.6
7594,2021,Asia,Gasoline,Front-wheel drive,3,2080,6,226.0,3950,18.5,34.7
7595,1995,Asia,Gasoline,All-wheel drive,3,2370,6,233.0,4510,21.2,29.1
7596,2013,Europe,Gasoline,Front-wheel drive,2,2820,7,300.0,4780,19.0,29.9
7597,1979,Europe,Gasoline,All-wheel drive,4,2230,6,,4260,19.0,28.1
7598,1997,USA,Gasoline,Rear-wheel drive,5,2420,6,277.0,4660,17.7,25.6
7599,2006,Asia,Gasoline,Front-wheel drive,4,2690,7,265.0,4290,20.1,28.9
7600,2007,Asia,Gasoline,All-wheel drive,4,2120,6,230.0,4280,19.1,34.1
7601,1992,Asia,Gasoline,Front-wheel drive,3,2260,6,250.0,4100,19.2,29.8
7602,2012,Europe,Diesel,All-wheel drive,5,1870,5,224.0,4040,19.2,34.8
7603,2003,Europe,Gasoline,All-wheel drive,3,2590,7,261.0,4590,19.5,28.4
7604,2023,USA,Diesel,Rear-wheel drive,2,2210,7,287.0,4410,18.1,30.2
7605,1986,USA,Diesel,Rear-wheel drive,4,2230,6,284.0,4540,18.3,29.3
7606,2018,USA,Gasoline,Front-wheel drive,3,2040,5,245.0,4420,19.5,30.7
7607,1977,Asia,Gasoline,Front-wheel drive,5,2500,7,,4360,18.2,28.6
7608,1983,Asia,Diesel,Front-wheel drive,4,1970,5,223.0,4100,19.0,33.7
7609,2006,Europe,Gasoline,Front-wheel drive,4,2090,6,247.0,4150,19.4,34.3
7610,1998,USA,Gasoline,All-wheel drive,3,2250,6,263.0,4640,18.3,28.8
7611,2006,Asia,Hybrid,Front-wheel drive,4,2140,6,230.0,3960,18.9,34.2
7612,2015,Asia,Gasoline,Front-wheel drive,4,2220,6,237.0,4100,18.0,30.6
7613,2016,Asia,Diesel,Rear-wheel drive,2,2180,6,261.0,4110,19.6,32.8
7614,2003,Asia,Gasoline,All-wheel drive,3,2340,6,264.0,4190,17.6,27.1
7615,2024,USA,Gasoline,Front-wheel drive,4,1840,6,237.0,4050,17.5,32.8
7616,1994,Europe,Gasoline,Front-wheel drive,3,2280,6,243.0,4110,19.7,29.2
7617,2007,USA,Gasoline,Rear-wheel drive,4,2300,6,256.0,4620,20.4,24.9
7618,2003,USA,Diesel,Rear-wheel drive,3,2540,6,295.0,4610,19.9,27.9
7619,2021,USA,Diesel,Front-wheel drive,4,2380,7,289.0,4510,18.2,30.4
7620,1995,USA,Gasoline,All-wheel drive,3,2590,7,262.0,4570,19.1,26.5
7621,1976,Europe,Gasoline,Front-wheel drive,4,2220,6,,4110,,28.9
7622,1983,USA,Hybrid,Front-wheel drive,4,2490,6,294.0,4390,19.0,32.1
7623,1995,Asia,Gasoline,All-wheel drive,5,2320,6,262.0,4370,16.6,29.5
7624,2014,Europe,Gasoline,Rear-wheel drive,5,2350,6,240.0,4460,19.4,29.7
7625,1980,USA,Gasoline,Front-wheel drive,4,2730,7,295.0,4390,19.5,25.7
7626,1987,USA,Gasoline,All-wheel drive,3,2560,6,293.0,4590,21.2,25.7
7627,2017,USA,Gasoline,Front-wheel drive,4,2370,6,259.0,4410,20.4,29.5
7628,2000,Europe,Hybrid,All-wheel drive,4,2570,6,273.0,4820,22.0,31.8
7629,2011,Europe,Diesel,Rear-wheel drive,5,2150,6,225.0,4340,20.7,33.0
7630,2006,Asia,Gasoline,Front-wheel drive,4,2250,6,245.0,4110,16.7,31.6
7631,1981,USA,Gasoline,Front-wheel drive,4,2580,7,275.0,4540,19.1,24.7
7632,2008,USA,Gasoline,All-wheel drive,2,2120,6,224.0,4300,17.6,27.0
7633,2011,USA,Gasoline,Front-wheel drive,2,2200,6,255.0,4260,19.9,28.8
7634,1990,Asia,Gasoline,Front-wheel drive,3,2190,6,243.0,4220,20.2,30.2
7635,1990,USA,Gasoline,Rear-wheel drive,3,2570,7,263.0,4750,20.1,25.1
7636,1998,USA,Gasoline,Rear-wheel drive,3,2150,6,257.0,4290,20.9,29.1
7637,2021,Europe,Gasoline,Rear-wheel drive,5,2220,6,234.0,4440,18.6,34.3
7638,2008,Asia,Hybrid,Rear-wheel drive,4,2360,6,251.0,4140,19.1,34.4
7639,1978,Asia,Hybrid,Rear-wheel drive,5,2150,5,,4170,19.8,31.8
7640,1995,Asia,Gasoline,Front-wheel drive,2,2190,6,255.0,4300,17.1,27.0
7641,2009,USA,Gasoline,Rear-wheel drive,3,2260,6,277.0,4630,17.4,27.9
7642,1986,USA,Gasoline,Front-wheel drive,4,2280,6,262.0,4110,18.9,29.4
7643,2018,USA,Diesel,Front-wheel drive,5,2340,6,270.0,4340,18.3,33.1
7644,2023,USA,Gasoline,All-wheel drive,2,1870,5,208.0,4200,20.3,31.1
7645,1991,Asia,Diesel,All-wheel drive,3,2380,6,268.0,4620,20.2,30.4
7646,1976,Asia,Diesel,Front-wheel drive,4,2360,7,,4390,20.9,29.7
7647,2016,Asia,Diesel,Front-wheel drive,3,2260,6,254.0,4120,18.1,33.3
7648,1984,Asia,Diesel,Front-wheel drive,4,2650,7,273.0,4510,18.5,27.8
7649,1976,Asia,Gasoline,All-wheel drive,4,2440,7,288.0,4470,21.7,25.5
7650,2020,USA,Gasoline,Front-wheel drive,4,2470,7,280.0,4400,17.7,33.8
7651,1987,USA,Gasoline,Front-wheel drive,3,2100,6,237.0,3970,18.7,27.4
7652,2018,USA,Gasoline,Front-wheel drive,4,2050,6,245.0,3880,19.5,32.4
7653,1982,USA,Hybrid,Front-wheel drive,3,2110,5,258.0,4170,20.5,30.7
7654,1999,Europe,Hybrid,All-wheel drive,2,2310,6,244.0,4380,19.6,32.2
7655,2015,Asia,Diesel,Front-wheel drive,3,2190,6,258.0,4290,18.6,34.0
7656,2022,USA,Gasoline,Rear-wheel drive,4,2310,6,246.0,4150,17.2,31.5
7657,2020,USA,Gasoline,Rear-wheel drive,2,2330,6,249.0,4610,19.4,33.4
7658,1987,Europe,Gasoline,Front-wheel drive,5,2120,6,240.0,4170,17.0,29.3
7659,1989,Asia,Gasoline,Front-wheel drive,4,2380,6,251.0,4290,21.1,29.0
7660,2022,USA,Gasoline,Front-wheel drive,4,2320,6,241.0,4200,18.7,32.3
7661,2012,Europe,Gasoline,Rear-wheel drive,4,2110,6,239.0,4260,,27.1
7662,2022,Europe,Gasoline,All-wheel drive,4,2110,6,231.0,4140,18.6,32.1
7663,1999,USA,Gasoline,Front-wheel drive,3,2300,6,277.0,4100,18.6,29.1
7664,2016,Europe,Diesel,Rear-wheel drive,4,2530,6,271.0,4660,19.0,34.3
7665,1991,Europe,Gasoline,Rear-wheel drive,4,2280,6,241.0,4460,21.9,28.0
7666,2003,Europe,Gasoline,Rear-wheel drive,4,2240,6,260.0,4310,19.7,30.5
7667,1983,USA,Gasoline,Rear-wheel drive,4,2510,6,,4540,20.5,28.9
7668,1992,USA,Hybrid,Front-wheel drive,2,2130,5,232.0,4070,18.6,33.5
7669,1988,Europe,Gasoline,Front-wheel drive,4,2110,5,207.0,3550,18.9,28.9
7670,2020,Europe,Gasoline,Front-wheel drive,3,2360,6,254.0,4250,18.9,33.8
7671,2003,USA,Gasoline,Front-wheel drive,4,2730,7,315.0,4640,17.0,28.7
7672,1993,Europe,Diesel,All-wheel drive,3,2050,6,255.0,4350,18.5,31.0
7673,1980,USA,Gasoline,Front-wheel drive,4,2500,7,277.0,4560,20.2,24.6
7674,1992,USA,Gasoline,Rear-wheel drive,3,2530,7,268.0,4630,18.1,24.9
7675,1992,USA,Diesel,Front-wheel drive,2,2250,6,286.0,4110,16.8,29.0
7676,2020,USA,Gasoline,All-wheel drive,4,2300,6,260.0,4610,17.5,29.7
7677,2023,Asia,Gasoline,Rear-wheel drive,3,2150,6,249.0,3800,17.4,34.0
7678,2004,Asia,Gasoline,Front-wheel drive,3,2450,7,267.0,4430,19.6,30.3
7679,1989,Europe,Gasoline,Front-wheel drive,4,2160,6,,3900,17.5,28.6
7680,1980,Europe,Diesel,Front-wheel drive,3,2350,6,,4030,18.8,29.4
7681,2006,USA,Gasoline,Front-wheel drive,4,2100,5,229.0,3980,20.1,31.3
7682,1995,USA,Gasoline,Rear-wheel drive,3,2360,6,265.0,4640,16.3,26.3
7683,1979,Europe,Gasoline,All-wheel drive,2,2190,6,250.0,4500,17.3,30.5
7684,1992,Europe,Gasoline,All-wheel drive,4,2470,6,248.0,4320,,27.1
7685,2001,Europe,Gasoline,All-wheel drive,2,2170,6,237.0,4130,21.4,29.6
7686,2005,Europe,Diesel,Front-wheel drive,5,2050,5,249.0,4120,,33.7
7687,1996,USA,Diesel,Rear-wheel drive,3,2240,6,267.0,4450,17.1,26.6
7688,1990,Asia,Gasoline,All-wheel drive,4,2320,7,280.0,4570,21.7,25.3
7689,1978,Asia,Gasoline,Rear-wheel drive,2,2290,6,,3900,19.5,26.8
7690,2020,Asia,Gasoline,Front-wheel drive,3,2320,6,241.0,4260,17.5,32.8
7691,1997,USA,Gasoline,Front-wheel drive,4,2100,6,236.0,4140,19.5,28.3
7692,1996,Europe,Gasoline,Front-wheel drive,4,2360,6,247.0,4210,18.3,30.1
7693,2018,Asia,Gasoline,Front-wheel drive,3,2040,6,226.0,4020,16.6,32.1
7694,1996,USA,Gasoline,All-wheel drive,2,2130,6,239.0,4630,18.1,28.2
7695,1984,Europe,Gasoline,Front-wheel drive,2,2430,6,,4280,18.4,29.0
7696,2015,USA,Gasoline,Front-wheel drive,2,2140,6,249.0,4100,19.5,31.4
7697,2017,USA,Gasoline,Front-wheel drive,4,2240,6,264.0,4230,18.6,28.6
7698,1983,Asia,Gasoline,Rear-wheel drive,4,2380,6,273.0,4280,16.6,25.5
7699,1996,USA,Gasoline,Front-wheel drive,2,2450,7,270.0,4410,20.4,27.8
7700,1978,USA,Gasoline,All-wheel drive,5,2400,6,260.0,4560,17.4,23.6
7701,1976,Europe,Diesel,Front-wheel drive,4,2240,6,,4290,18.0,28.7
7702,2007,Asia,Diesel,Rear-wheel drive,3,2500,6,261.0,4540,21.5,31.2
7703,2003,Europe,Gasoline,Front-wheel drive,3,2170,6,242.0,3960,,30.1
7704,2022,Europe,Diesel,All-wheel drive,4,2290,7,273.0,4860,19.7,31.5
7705,1978,Asia,Gasoline,Front-wheel drive,3,2170,5,224.0,4020,19.9,28.4
7706,1981,Europe,Gasoline,Front-wheel drive,5,2240,6,247.0,4360,20.7,28.4
7707,1995,Asia,Diesel,Rear-wheel drive,3,2010,6,247.0,3920,16.9,32.8
7708,2017,USA,Gasoline,Front-wheel drive,5,2440,6,290.0,4610,18.6,31.2
7709,1982,Europe,Gasoline,Front-wheel drive,3,1930,6,241.0,3640,19.1,32.0
7710,2015,USA,Gasoline,All-wheel drive,4,2330,6,267.0,4630,21.2,29.2
7711,1994,Asia,Gasoline,Rear-wheel drive,2,2150,5,228.0,3960,20.3,32.0
7712,1981,Asia,Gasoline,Front-wheel drive,4,2380,6,237.0,4150,19.3,27.8
7713,2019,Asia,Gasoline,All-wheel drive,3,2630,6,284.0,4710,19.7,32.1
7714,1985,Asia,Hybrid,Rear-wheel drive,3,2250,6,207.0,4260,19.3,32.1
7715,2021,Asia,Gasoline,Rear-wheel drive,3,2170,6,256.0,4300,18.5,34.9
7716,1984,Asia,Gasoline,All-wheel drive,2,2060,6,250.0,3960,16.8,29.9
7717,1994,USA,Gasoline,Rear-wheel drive,5,2420,6,269.0,4560,20.2,25.6
7718,1985,USA,Gasoline,All-wheel drive,3,2290,6,,4540,21.6,26.1
7719,2010,Asia,Diesel,All-wheel drive,2,2260,6,270.0,4390,17.9,32.1
7720,1991,Asia,Gasoline,All-wheel drive,2,2060,6,240.0,4190,18.3,25.6
7721,1995,Asia,Gasoline,Rear-wheel drive,2,1950,5,205.0,3990,17.2,30.2
7722,1993,Europe,Gasoline,Front-wheel drive,3,2160,6,227.0,3920,17.6,31.0
7723,1986,Europe,Gasoline,All-wheel drive,4,2040,6,228.0,4060,20.5,27.6
7724,1983,Europe,Hybrid,Front-wheel drive,3,2340,6,253.0,4550,18.9,31.1
7725,1998,Europe,Gasoline,All-wheel drive,5,2200,5,231.0,4520,19.2,27.1
7726,2013,USA,Gasoline,Front-wheel drive,3,2250,6,253.0,4250,19.2,33.0
7727,2005,Asia,Gasoline,Front-wheel drive,4,2110,5,233.0,4060,17.4,30.8
7728,1989,Europe,Gasoline,Front-wheel drive,5,2570,7,277.0,4680,18.2,29.8
7729,2020,Europe,Gasoline,Front-wheel drive,3,2240,6,236.0,4380,19.4,31.6
7730,2015,USA,Diesel,Front-wheel drive,3,2490,7,274.0,4130,18.7,33.3
7731,1986,USA,Hybrid,Front-wheel drive,4,2390,6,271.0,4040,18.6,32.6
7732,2016,Europe,Gasoline,Front-wheel drive,4,2110,6,247.0,4080,19.0,33.3
7733,1987,USA,Hybrid,All-wheel drive,3,2500,7,277.0,4590,19.7,28.7
7734,2018,Europe,Diesel,Front-wheel drive,5,2390,7,300.0,4360,16.7,29.5
7735,1979,Europe,Diesel,Rear-wheel drive,4,2330,6,272.0,4660,18.8,27.3
7736,1983,Europe,Gasoline,Rear-wheel drive,4,2130,6,248.0,4380,19.9,29.5
7737,2002,Europe,Hybrid,Rear-wheel drive,4,2370,6,255.0,4360,17.5,34.2
7738,2009,Asia,Diesel,Rear-wheel drive,3,2200,6,249.0,4070,17.6,34.8
7739,2022,USA,Gasoline,Front-wheel drive,4,2450,6,266.0,4350,19.4,28.9
7740,1981,Asia,Diesel,Front-wheel drive,4,2110,5,,3920,16.0,32.1
7741,1979,Europe,Gasoline,Front-wheel drive,5,2210,6,227.0,4220,21.0,28.3
7742,1989,Europe,Gasoline,Front-wheel drive,2,2240,6,243.0,3830,16.0,32.2
7743,1989,Europe,Gasoline,All-wheel drive,4,2020,6,230.0,4000,20.2,29.7
7744,2010,Europe,Diesel,Rear-wheel drive,3,2330,6,244.0,4220,,35.9
7745,2001,USA,Gasoline,Front-wheel drive,3,2340,6,279.0,4120,20.7,31.4
7746,1982,Asia,Gasoline,Front-wheel drive,5,2100,6,238.0,4100,18.7,28.1
7747,2004,Europe,Gasoline,Front-wheel drive,2,2150,6,248.0,3880,17.2,33.8
7748,2017,Europe,Diesel,Front-wheel drive,2,2060,5,234.0,3810,18.1,34.1
7749,2005,Asia,Gasoline,All-wheel drive,2,2270,6,248.0,4230,19.9,29.1
7750,2000,Europe,Diesel,Front-wheel drive,2,2500,6,268.0,4110,17.7,30.8
7751,1995,Europe,Gasoline,Front-wheel drive,4,2390,6,227.0,4520,19.4,27.9
7752,1976,Europe,Gasoline,Front-wheel drive,2,2230,6,,4110,18.1,26.3
7753,2023,USA,Diesel,Rear-wheel drive,3,1890,6,245.0,3870,18.1,36.6
7754,1994,Asia,Gasoline,Rear-wheel drive,3,2460,6,271.0,4380,17.0,28.4
7755,1994,Asia,Gasoline,Rear-wheel drive,4,2110,5,236.0,3890,20.5,27.5
7756,1982,USA,Gasoline,Rear-wheel drive,2,2410,6,300.0,4430,15.8,22.4
7757,1996,USA,Gasoline,All-wheel drive,4,2480,7,276.0,4550,20.5,26.2
7758,1997,Asia,Gasoline,Front-wheel drive,2,2250,7,265.0,4030,17.2,31.4
7759,1992,Europe,Gasoline,Rear-wheel drive,2,2430,7,265.0,4540,20.0,28.3
7760,2009,Europe,Gasoline,All-wheel drive,5,2270,6,266.0,4690,19.1,29.3
7761,2008,Europe,Gasoline,Rear-wheel drive,4,2380,6,241.0,4350,17.4,30.7
7762,1975,Europe,Gasoline,Front-wheel drive,3,2180,6,239.0,4110,18.7,27.6
7763,1981,USA,Gasoline,Front-wheel drive,3,2180,6,221.0,4250,20.1,27.1
7764,1997,Asia,Hybrid,All-wheel drive,2,2270,6,273.0,4330,19.7,32.8
7765,1990,Asia,Gasoline,All-wheel drive,4,2220,6,246.0,4310,18.3,27.0
7766,2009,Asia,Gasoline,Front-wheel drive,3,2560,7,256.0,4300,17.9,30.8
7767,1987,Asia,Gasoline,Front-wheel drive,2,2170,6,237.0,4200,20.5,30.4
7768,2007,Europe,Gasoline,All-wheel drive,4,1930,6,211.0,3910,18.5,32.2
7769,2000,Asia,Diesel,All-wheel drive,5,2360,6,,4540,18.8,30.2
7770,2015,Europe,Gasoline,Front-wheel drive,4,2130,6,241.0,4430,17.2,34.9
7771,1978,Asia,Diesel,Rear-wheel drive,2,2480,7,,4540,22.3,28.0
7772,1978,Europe,Gasoline,Front-wheel drive,2,2270,6,243.0,4220,17.5,27.7
7773,1990,Asia,Gasoline,All-wheel drive,5,2320,6,251.0,4750,19.4,28.1
7774,2007,USA,Hybrid,Front-wheel drive,4,2350,6,258.0,4240,17.5,35.1
7775,1978,Asia,Gasoline,Rear-wheel drive,3,2260,6,,4560,20.5,29.4
7776,1996,USA,Gasoline,Rear-wheel drive,4,2350,6,262.0,4660,19.5,27.0
7777,1988,Asia,Gasoline,Front-wheel drive,4,2110,6,229.0,4090,19.6,32.3
7778,1979,USA,Gasoline,Front-wheel drive,2,2610,7,,4690,19.0,26.3
7779,1987,Europe,Diesel,Front-wheel drive,4,2350,6,278.0,4570,16.8,28.5
7780,1985,Asia,Gasoline,All-wheel drive,5,2380,6,228.0,4720,21.0,25.6
7781,2008,USA,Gasoline,All-wheel drive,4,2010,6,251.0,4070,17.4,30.5
7782,2011,USA,Gasoline,Front-wheel drive,3,2360,6,251.0,4520,21.2,29.9
7783,1984,Asia,Diesel,Front-wheel drive,4,2330,6,271.0,4480,22.1,31.1
7784,1986,Europe,Gasoline,Front-wheel drive,2,2410,6,246.0,4210,19.8,27.4
7785,2020,USA,Gasoline,Front-wheel drive,3,2350,6,268.0,4030,19.3,30.3
7786,2020,Europe,Gasoline,Front-wheel drive,5,2500,7,257.0,4570,18.9,29.5
7787,1983,Asia,Gasoline,Front-wheel drive,2,2220,6,,3990,16.9,32.9
7788,1977,USA,Diesel,Front-wheel drive,5,2350,6,,4390,17.8,25.8
7789,1978,Asia,Diesel,Front-wheel drive,3,2270,7,264.0,4480,20.0,29.7
7790,1981,Asia,Diesel,Rear-wheel drive,4,2140,6,,4290,20.0,28.5
7791,1999,USA,Gasoline,All-wheel drive,5,2330,6,280.0,4530,18.5,26.5
7792,1997,USA,Gasoline,Rear-wheel drive,4,2300,6,259.0,4580,19.5,25.3
7793,2017,Asia,Gasoline,Rear-wheel drive,3,2430,7,246.0,4760,17.9,30.2
7794,2016,Europe,Gasoline,Front-wheel drive,3,2260,6,239.0,3820,17.7,32.7
7795,1997,USA,Diesel,Front-wheel drive,3,2310,6,314.0,4230,17.9,31.1
7796,1981,Europe,Diesel,All-wheel drive,4,2370,6,292.0,4470,18.9,29.3
7797,1991,Asia,Diesel,Rear-wheel drive,5,2450,6,262.0,4560,16.2,28.6
7798,2014,USA,Gasoline,Rear-wheel drive,3,2370,6,253.0,4530,17.4,27.5
7799,1976,Europe,Gasoline,Front-wheel drive,3,1870,5,,3830,19.7,29.1
7800,1985,USA,Hybrid,All-wheel drive,4,2320,6,256.0,4840,19.5,30.1
7801,1980,Europe,Gasoline,All-wheel drive,4,2130,6,231.0,4310,20.2,24.2
7802,2002,USA,Gasoline,Rear-wheel drive,3,2130,6,253.0,4280,18.6,26.3
7803,1989,Europe,Diesel,Rear-wheel drive,3,2720,7,302.0,4740,18.7,25.1
7804,1990,USA,Gasoline,Front-wheel drive,4,2110,6,265.0,4070,18.6,26.6
7805,1975,Asia,Gasoline,Front-wheel drive,3,1950,6,217.0,3640,16.2,28.7
7806,1975,USA,Diesel,Front-wheel drive,5,2130,6,,4180,19.2,29.6
7807,1990,USA,Diesel,All-wheel drive,2,2410,6,250.0,4590,18.4,27.4
7808,2024,USA,Hybrid,Front-wheel drive,3,2440,6,263.0,4390,19.6,31.7
7809,1979,USA,Gasoline,Front-wheel drive,2,2750,7,312.0,4570,18.2,25.2
7810,2009,Asia,Gasoline,All-wheel drive,3,2490,6,263.0,4630,20.3,30.8
7811,1993,USA,Hybrid,Front-wheel drive,4,2390,6,,4250,19.4,32.5
7812,2021,USA,Diesel,Rear-wheel drive,3,2040,6,246.0,4170,16.1,31.4
7813,2003,Europe,Gasoline,Rear-wheel drive,3,2100,6,235.0,4200,,28.4
7814,2013,Europe,Hybrid,Front-wheel drive,2,2170,6,222.0,4050,19.8,36.7
7815,2007,Europe,Diesel,All-wheel drive,4,1980,6,239.0,4220,,33.9
7816,1983,USA,Gasoline,Front-wheel drive,5,2440,6,,4290,19.3,27.0
7817,1979,USA,Gasoline,Rear-wheel drive,4,2300,6,269.0,4310,19.0,24.7
7818,1998,USA,Gasoline,Front-wheel drive,4,2250,6,242.0,4410,17.6,29.1
7819,1997,USA,Gasoline,Front-wheel drive,3,2200,6,253.0,4260,21.4,28.4
7820,2023,USA,Hybrid,All-wheel drive,5,2310,6,264.0,4370,19.4,34.9
7821,2007,Europe,Gasoline,Front-wheel drive,5,2330,6,247.0,4290,18.4,30.3
7822,1982,USA,Gasoline,Front-wheel drive,3,2370,6,269.0,4610,21.6,25.4
7823,2019,USA,Hybrid,Rear-wheel drive,2,2150,6,268.0,4110,18.5,35.6
7824,1992,Asia,Gasoline,Front-wheel drive,4,2500,7,277.0,4530,19.1,27.6
7825,2004,USA,Gasoline,All-wheel drive,4,2320,6,265.0,4730,20.2,27.1
7826,2004,USA,Gasoline,Front-wheel drive,4,2540,7,292.0,4750,17.9,30.0
7827,2006,Asia,Gasoline,Front-wheel drive,3,2220,6,240.0,4030,19.0,33.5
7828,2015,Europe,Hybrid,Front-wheel drive,2,2270,6,262.0,3880,18.1,34.9
7829,1984,Asia,Gasoline,All-wheel drive,3,2240,6,238.0,4280,19.0,26.0
7830,2002,Europe,Hybrid,All-wheel drive,2,2620,7,272.0,4630,18.3,32.5
7831,2015,Asia,Gasoline,Front-wheel drive,4,2010,5,206.0,3720,18.8,35.2
7832,2003,Asia,Diesel,Front-wheel drive,4,2030,6,254.0,3700,15.6,34.0
7833,2002,Europe,Gasoline,Front-wheel drive,4,2270,7,274.0,4220,20.4,30.4
7834,1977,Asia,Gasoline,Front-wheel drive,2,2550,7,271.0,4360,18.5,27.5
7835,1988,Asia,Diesel,All-wheel drive,4,2320,6,269.0,4530,18.1,29.6
7836,1978,Asia,Gasoline,Rear-wheel drive,4,2180,5,,4230,19.9,27.5
7837,1998,Asia,Gasoline,Front-wheel drive,2,2560,7,280.0,4310,18.5,27.4
7838,2007,Asia,Gasoline,Front-wheel drive,4,2460,6,257.0,4090,17.8,31.0
7839,1976,Europe,Gasoline,Front-wheel drive,4,2030,6,242.0,4100,18.4,28.4
7840,1988,USA,Gasoline,Front-wheel drive,4,2240,5,234.0,4000,17.9,26.9
7841,2013,USA,Diesel,All-wheel drive,3,2300,6,272.0,4540,20.2,31.9
7842,2021,Europe,Gasoline,Rear-wheel drive,5,2250,6,249.0,4420,19.8,33.5
7843,1983,Asia,Diesel,Front-wheel drive,4,2260,5,,3880,18.1,30.2
7844,1982,Europe,Hybrid,Rear-wheel drive,5,2280,6,,4650,18.4,29.7
7845,1982,USA,Gasoline,All-wheel drive,3,2440,6,263.0,4460,19.4,24.4
7846,2014,USA,Gasoline,Front-wheel drive,4,2190,6,256.0,4360,19.7,31.3
7847,2012,Europe,Gasoline,Rear-wheel drive,4,2350,6,264.0,4250,15.8,33.2
7848,2017,Europe,Gasoline,All-wheel drive,3,2500,7,255.0,4450,19.0,32.0
7849,2002,Asia,Gasoline,Front-wheel drive,2,2090,6,240.0,3880,19.8,31.3
7850,2015,Asia,Gasoline,Rear-wheel drive,2,2290,6,261.0,4290,18.0,31.5
7851,2003,USA,Hybrid,All-wheel drive,3,2550,6,276.0,4810,18.6,27.3
7852,2016,Asia,Gasoline,Front-wheel drive,4,2500,7,275.0,4300,18.2,28.9
7853,1995,Europe,Gasoline,Front-wheel drive,3,2360,6,,4370,19.4,28.1
7854,1999,Europe,Hybrid,Front-wheel drive,4,2390,6,248.0,4140,,35.4
7855,2024,Europe,Gasoline,All-wheel drive,2,2310,6,247.0,4460,18.7,33.4
7856,2022,USA,Gasoline,Front-wheel drive,4,2030,5,231.0,4010,20.4,28.4
7857,1992,USA,Gasoline,Front-wheel drive,2,2290,7,263.0,4440,18.2,28.8
7858,2016,Asia,Gasoline,Front-wheel drive,5,2260,6,264.0,4350,18.9,33.7
7859,2015,USA,Gasoline,All-wheel drive,3,2300,6,282.0,4460,18.0,28.3
7860,2020,Europe,Diesel,Front-wheel drive,4,2130,6,252.0,4000,19.5,39.2
7861,1987,USA,Gasoline,Rear-wheel drive,4,2210,6,252.0,4260,19.0,27.9
7862,2012,Asia,Diesel,Rear-wheel drive,4,2130,6,245.0,4220,17.5,36.2
7863,1988,Europe,Gasoline,Front-wheel drive,3,2220,6,,4250,18.9,29.6
7864,2007,Europe,Gasoline,Front-wheel drive,4,2280,6,230.0,4140,17.6,30.2
7865,2007,Europe,Gasoline,Front-wheel drive,3,2120,6,217.0,3510,17.9,33.6
7866,1985,Asia,Gasoline,Front-wheel drive,4,2360,6,257.0,4330,19.0,31.1
7867,2005,Europe,Diesel,Rear-wheel drive,4,2540,7,290.0,4410,20.7,31.7
7868,2014,Europe,Diesel,Rear-wheel drive,2,2050,6,259.0,3800,,30.2
7869,2003,USA,Gasoline,Front-wheel drive,2,2100,6,233.0,4170,18.7,34.9
7870,1995,USA,Gasoline,Front-wheel drive,5,2310,6,262.0,4400,18.6,26.3
7871,2017,Europe,Gasoline,Front-wheel drive,4,2210,6,234.0,4190,18.3,31.2
7872,1996,USA,Hybrid,Front-wheel drive,3,2330,6,262.0,4090,18.0,33.7
7873,1984,USA,Gasoline,Front-wheel drive,3,2410,6,,4080,18.7,26.0
7874,1976,Europe,Gasoline,Front-wheel drive,3,2580,7,274.0,4340,16.6,25.6
7875,2024,Asia,Gasoline,Rear-wheel drive,2,2230,6,268.0,3920,17.5,34.3
7876,2001,Asia,Gasoline,Front-wheel drive,2,2090,6,234.0,3980,20.5,33.5
7877,2006,USA,Gasoline,Rear-wheel drive,3,2170,6,251.0,4210,20.6,29.3
7878,2013,USA,Diesel,All-wheel drive,2,2520,7,297.0,4510,17.8,32.0
7879,1983,Europe,Gasoline,Front-wheel drive,3,2450,6,276.0,4290,18.9,28.5
7880,2013,USA,Gasoline,All-wheel drive,5,2310,6,251.0,4970,19.3,26.5
7881,2005,Europe,Diesel,Front-wheel drive,4,2340,6,250.0,4050,18.4,31.6
7882,2022,USA,Gasoline,All-wheel drive,3,2460,6,255.0,4730,19.6,27.6
7883,2016,Europe,Diesel,Front-wheel drive,5,2350,6,246.0,4580,21.0,33.0
7884,1979,USA,Gasoline,Rear-wheel drive,4,2060,5,,4080,19.0,29.6
7885,2012,Europe,Gasoline,All-wheel drive,4,2360,6,265.0,4500,19.4,30.3
7886,1986,Asia,Gasoline,Front-wheel drive,2,2230,6,265.0,4000,18.6,27.3
7887,2007,USA,Gasoline,Front-wheel drive,3,2450,6,273.0,4570,19.1,30.0
7888,1980,USA,Diesel,Rear-wheel drive,4,2410,6,268.0,4490,22.3,29.1
7889,1998,USA,Gasoline,All-wheel drive,4,2410,6,268.0,4750,17.2,26.6
7890,1978,Asia,Gasoline,Front-wheel drive,3,2250,6,,4130,19.2,26.4
7891,2023,USA,Gasoline,Front-wheel drive,4,2390,6,254.0,4180,19.6,31.3
7892,1986,USA,Gasoline,All-wheel drive,3,2130,6,267.0,4440,19.3,27.9
7893,2021,Europe,Diesel,Front-wheel drive,3,2180,6,246.0,3950,14.3,34.6
7894,2019,USA,Diesel,Front-wheel drive,3,1900,5,227.0,4100,19.7,36.3
7895,2018,Asia,Gasoline,Rear-wheel drive,4,2280,6,242.0,4590,20.5,29.8
7896,2002,Europe,Gasoline,All-wheel drive,4,1950,6,220.0,4540,19.4,27.7
7897,2010,USA,Gasoline,Front-wheel drive,3,1890,5,223.0,3920,18.6,31.0
7898,2012,Europe,Diesel,Rear-wheel drive,4,2130,6,252.0,3890,19.5,33.2
7899,2014,Asia,Hybrid,Front-wheel drive,3,2160,6,253.0,4210,18.2,36.4
7900,2011,Asia,Diesel,Front-wheel drive,3,2070,5,231.0,3780,15.0,34.8
7901,1995,Asia,Gasoline,Rear-wheel drive,4,2470,7,273.0,4170,19.5,27.9
7902,1999,Asia,Gasoline,Front-wheel drive,5,2560,7,276.0,4840,20.8,29.8
7903,2015,Asia,Gasoline,Rear-wheel drive,4,2420,7,260.0,4820,17.7,32.5
7904,1995,USA,Diesel,Front-wheel drive,5,2340,6,278.0,4490,17.8,33.3
7905,1987,Europe,Gasoline,All-wheel drive,3,2210,6,250.0,4040,,26.5
7906,2024,USA,Gasoline,All-wheel drive,3,2350,6,253.0,4520,19.3,29.9
7907,1981,USA,Diesel,Rear-wheel drive,3,2500,7,,4700,19.2,27.0
7908,1997,USA,Diesel,Front-wheel drive,4,2220,6,265.0,4330,19.9,31.2
7909,1999,Europe,Gasoline,All-wheel drive,2,2430,6,256.0,4620,19.2,27.2
7910,1989,USA,Gasoline,Front-wheel drive,4,2010,5,220.0,3710,20.0,28.1
7911,1989,USA,Hybrid,Front-wheel drive,3,1950,5,231.0,4150,19.2,32.8
7912,2003,USA,Hybrid,Rear-wheel drive,4,2110,5,238.0,4290,19.5,31.3
7913,2001,Asia,Diesel,Rear-wheel drive,3,2230,6,226.0,4180,18.1,35.1
7914,1994,Asia,Diesel,Front-wheel drive,3,2060,6,234.0,4060,20.0,33.3
7915,1975,Asia,Diesel,Front-wheel drive,3,2290,6,,4090,18.7,33.2
7916,2018,USA,Gasoline,Front-wheel drive,2,2360,6,271.0,4070,17.0,34.0
7917,1985,Asia,Gasoline,Rear-wheel drive,5,2150,6,242.0,4200,19.1,28.3
7918,1990,Asia,Gasoline,Front-wheel drive,5,1940,5,204.0,4120,19.6,28.6
7919,2018,Asia,Diesel,Front-wheel drive,5,2200,6,240.0,4090,18.5,33.6
7920,1999,Europe,Hybrid,Front-wheel drive,4,2040,5,225.0,4050,20.5,35.3
7921,1984,USA,Hybrid,All-wheel drive,3,2260,6,,4490,20.1,29.5
7922,2002,Asia,Gasoline,Rear-wheel drive,4,2270,6,241.0,4350,19.6,31.0
7923,1991,Asia,Gasoline,Rear-wheel drive,2,2060,6,236.0,4130,18.2,28.7
7924,1985,USA,Diesel,Front-wheel drive,3,2130,6,270.0,4010,17.0,29.2
7925,1999,USA,Diesel,Front-wheel drive,4,2090,5,238.0,3960,18.8,32.3
7926,1981,USA,Gasoline,All-wheel drive,4,2440,6,,4770,18.5,22.0
7927,2014,Asia,Gasoline,Rear-wheel drive,2,2210,6,256.0,4060,19.6,31.4
7928,1978,Europe,Gasoline,Rear-wheel drive,3,2300,6,250.0,4410,18.9,25.6
7929,2007,Europe,Gasoline,Front-wheel drive,5,2260,6,260.0,4150,20.2,32.1
7930,2003,Asia,Gasoline,All-wheel drive,2,2380,7,262.0,4410,18.3,28.4
7931,2022,USA,Gasoline,Front-wheel drive,5,2230,6,254.0,4450,18.1,32.8
7932,1992,Europe,Gasoline,Front-wheel drive,3,2410,6,270.0,4290,20.0,28.7
7933,1981,Europe,Gasoline,Front-wheel drive,5,2040,6,216.0,4100,19.6,30.5
7934,2000,Europe,Diesel,Front-wheel drive,2,2260,6,277.0,4030,17.6,34.7
7935,2018,Europe,Gasoline,All-wheel drive,4,2340,6,240.0,4450,18.1,29.6
7936,1982,Europe,Gasoline,Front-wheel drive,4,2390,6,265.0,4330,18.9,30.3
7937,2003,USA,Diesel,Front-wheel drive,4,2310,6,274.0,4230,19.5,31.6
7938,1977,Europe,Gasoline,Front-wheel drive,4,2590,7,289.0,4400,19.7,24.7
7939,1982,USA,Gasoline,All-wheel drive,3,2020,6,232.0,4320,19.0,26.4
7940,2017,Asia,Gasoline,All-wheel drive,2,2220,6,226.0,4200,18.0,33.3
7941,1988,Europe,Gasoline,All-wheel drive,2,2410,6,235.0,4350,19.7,28.8
7942,2004,USA,Gasoline,Front-wheel drive,2,2130,6,253.0,4130,15.9,31.2
7943,2011,Asia,Gasoline,Rear-wheel drive,3,2380,7,276.0,4690,18.1,30.3
7944,2022,USA,Gasoline,Front-wheel drive,4,2550,7,296.0,4790,19.4,30.0
7945,1999,Asia,Diesel,Front-wheel drive,4,1980,5,239.0,3960,19.6,36.2
7946,1991,USA,Gasoline,Rear-wheel drive,5,2090,6,232.0,4500,19.3,25.7
7947,1988,Europe,Gasoline,Front-wheel drive,4,2410,6,253.0,4320,,27.6
7948,1992,Asia,Gasoline,All-wheel drive,3,2160,6,239.0,4310,20.2,27.9
7949,2004,Europe,Gasoline,Front-wheel drive,2,2500,6,261.0,4210,18.3,33.2
7950,1998,Asia,Gasoline,Front-wheel drive,3,2370,6,268.0,4310,21.3,28.4
7951,2019,USA,Gasoline,All-wheel drive,4,2250,6,250.0,4590,19.8,28.9
7952,2023,Asia,Hybrid,Front-wheel drive,3,2610,7,271.0,4420,19.4,37.9
7953,1990,Asia,Gasoline,Rear-wheel drive,2,2480,6,261.0,4380,18.6,29.2
7954,2007,Asia,Hybrid,All-wheel drive,4,2400,6,232.0,4460,19.1,31.7
7955,1983,USA,Gasoline,Rear-wheel drive,3,2500,7,,4590,20.5,22.2
7956,2014,Asia,Gasoline,All-wheel drive,5,2420,6,261.0,4450,19.3,27.5
7957,2016,USA,Diesel,Front-wheel drive,3,2320,6,277.0,4330,18.7,31.5
7958,2002,Asia,Diesel,Front-wheel drive,4,2370,7,260.0,4540,18.5,32.8
7959,2000,Asia,Diesel,Rear-wheel drive,3,2380,6,298.0,4290,17.9,29.8
7960,2017,Europe,Hybrid,Rear-wheel drive,4,2110,6,225.0,4360,20.0,37.0
7961,1990,USA,Gasoline,Rear-wheel drive,5,2420,6,272.0,4660,19.7,27.4
7962,1990,Europe,Gasoline,All-wheel drive,4,2450,6,259.0,4410,,25.5
7963,2009,Asia,Gasoline,Rear-wheel drive,2,2240,6,234.0,4490,20.9,31.8
7964,1988,USA,Gasoline,Front-wheel drive,2,2460,6,290.0,4410,19.9,27.7
7965,2009,USA,Gasoline,Front-wheel drive,2,2470,6,283.0,4130,18.0,29.1
7966,2019,USA,Hybrid,Front-wheel drive,3,2090,6,225.0,4240,18.9,36.1
7967,2005,Asia,Gasoline,Front-wheel drive,3,2180,6,227.0,4290,18.5,28.6
7968,1999,USA,Gasoline,Rear-wheel drive,4,2360,6,274.0,4530,19.7,24.9
7969,2004,USA,Gasoline,Rear-wheel drive,4,2090,6,225.0,4500,16.7,28.7
7970,1988,Asia,Hybrid,Rear-wheel drive,4,2360,6,242.0,4080,19.7,35.3
7971,1983,Europe,Diesel,Rear-wheel drive,4,2090,6,242.0,4220,20.0,31.1
7972,2019,USA,Gasoline,Rear-wheel drive,3,2180,6,259.0,4090,17.7,30.4
7973,2012,Asia,Hybrid,Front-wheel drive,5,1990,5,228.0,4220,21.2,38.0
7974,2014,Asia,Gasoline,Rear-wheel drive,3,1990,5,219.0,3950,18.8,33.4
7975,1983,Asia,Gasoline,All-wheel drive,2,2410,6,281.0,4390,20.8,28.9
7976,2015,USA,Gasoline,Front-wheel drive,3,2280,6,270.0,4170,18.9,28.4
7977,2016,Asia,Gasoline,All-wheel drive,4,2300,6,237.0,4360,17.5,30.7
7978,2008,USA,Hybrid,Rear-wheel drive,3,2450,7,274.0,4320,17.3,33.6
7979,1979,Asia,Gasoline,All-wheel drive,4,2320,6,272.0,4550,20.2,28.4
7980,2011,USA,Hybrid,Front-wheel drive,3,2210,6,234.0,4420,18.0,33.1
7981,1994,Asia,Gasoline,Front-wheel drive,4,2460,6,270.0,4410,17.8,27.6
7982,1995,USA,Diesel,Front-wheel drive,5,2190,6,255.0,4360,20.2,28.7
7983,2002,USA,Diesel,Rear-wheel drive,4,2250,6,274.0,4540,19.1,27.9
7984,2022,USA,Gasoline,Front-wheel drive,5,2330,6,289.0,4780,16.9,31.3
7985,2010,Europe,Gasoline,All-wheel drive,5,1980,5,230.0,4290,20.8,30.2
7986,1987,Europe,Gasoline,All-wheel drive,3,2050,5,228.0,4310,19.9,30.1
7987,1997,Asia,Gasoline,Rear-wheel drive,4,2330,6,254.0,4380,18.1,27.5
7988,2010,Europe,Gasoline,Front-wheel drive,3,2350,6,264.0,4190,19.1,31.4
7989,1985,USA,Gasoline,Rear-wheel drive,3,2620,7,291.0,4790,19.8,26.7
7990,2002,Europe,Gasoline,Front-wheel drive,4,1900,5,206.0,3820,18.9,33.2
7991,2005,Europe,Gasoline,Rear-wheel drive,3,2590,7,270.0,4270,18.2,31.4
7992,2003,Europe,Gasoline,Front-wheel drive,3,2600,6,268.0,4600,18.8,30.8
7993,2022,Europe,Gasoline,Rear-wheel drive,5,2230,6,255.0,4240,19.1,34.0
7994,2002,USA,Diesel,Rear-wheel drive,3,2330,6,276.0,4250,17.2,27.6
7995,2009,USA,Gasoline,Rear-wheel drive,4,2310,6,273.0,4420,17.7,26.9
7996,2021,USA,Gasoline,Front-wheel drive,3,2160,5,248.0,4000,15.6,31.3
7997,2004,USA,Diesel,Rear-wheel drive,3,2650,7,329.0,4720,19.9,27.6
7998,1989,USA,Gasoline,Front-wheel drive,4,2100,6,231.0,4180,20.9,29.5
7999,1977,Europe,Gasoline,Front-wheel drive,4,2620,7,302.0,4480,20.0,26.6
8000,2008,Europe,Diesel,Rear-wheel drive,3,2300,6,260.0,4240,19.4,34.3
8001,2007,USA,Gasoline,Front-wheel drive,2,2370,6,269.0,4260,20.2,28.7
8002,2006,USA,Gasoline,Front-wheel drive,4,2300,6,261.0,4160,18.7,29.9
8003,2023,Asia,Gasoline,Front-wheel drive,4,2210,6,249.0,4090,17.7,34.8
8004,1990,Asia,Gasoline,Front-wheel drive,2,2280,6,267.0,4190,17.4,27.3
8005,1995,USA,Gasoline,Rear-wheel drive,5,2500,7,263.0,4560,17.5,28.8
8006,1985,Europe,Gasoline,Rear-wheel drive,4,2150,6,250.0,4130,19.0,25.7
8007,1975,USA,Gasoline,Rear-wheel drive,3,2660,7,279.0,4740,20.7,24.4
8008,1993,Europe,Gasoline,Front-wheel drive,5,2580,6,262.0,4400,19.4,28.2
8009,2019,Asia,Diesel,Front-wheel drive,3,2200,5,259.0,4030,18.5,33.1
8010,2022,Asia,Gasoline,All-wheel drive,3,2410,6,244.0,4230,19.1,29.7
8011,2016,USA,Gasoline,Rear-wheel drive,4,1980,5,248.0,4200,16.3,27.1
8012,2010,USA,Gasoline,Front-wheel drive,3,2240,6,261.0,4280,19.6,28.1
8013,2022,USA,Gasoline,All-wheel drive,4,2160,6,251.0,4210,19.6,33.8
8014,2024,USA,Hybrid,Rear-wheel drive,5,2470,6,275.0,4480,17.2,35.0
8015,1979,USA,Gasoline,Front-wheel drive,3,2220,6,253.0,4160,20.5,28.1
8016,2023,Europe,Gasoline,Front-wheel drive,5,2160,6,247.0,4260,19.0,34.7
8017,1981,USA,Hybrid,Front-wheel drive,3,2130,5,,3990,19.9,32.5
8018,2009,Asia,Gasoline,Rear-wheel drive,4,2510,7,244.0,4710,18.6,28.4
8019,2014,Europe,Diesel,Rear-wheel drive,2,2170,6,246.0,4140,21.5,32.3
8020,1982,Europe,Diesel,Front-wheel drive,5,2120,6,248.0,3960,18.8,30.3
8021,1990,Asia,Gasoline,Front-wheel drive,3,2100,5,236.0,3640,14.8,30.1
8022,2010,USA,Gasoline,Front-wheel drive,5,2180,6,249.0,4320,19.0,29.6
8023,2007,Europe,Diesel,Front-wheel drive,3,2360,6,266.0,4400,16.6,35.7
8024,1978,USA,Gasoline,Front-wheel drive,3,2570,7,283.0,4490,18.4,21.6
8025,2005,Asia,Hybrid,All-wheel drive,3,2000,6,232.0,4320,18.7,36.2
8026,1987,USA,Gasoline,Front-wheel drive,3,2010,6,252.0,4090,21.4,30.6
8027,1991,USA,Gasoline,Front-wheel drive,2,2270,6,258.0,4260,17.9,28.0
8028,1991,Europe,Diesel,Front-wheel drive,4,2050,5,244.0,3920,19.6,30.0
8029,2014,Europe,Gasoline,Front-wheel drive,2,2100,6,,3930,18.6,32.8
8030,2021,USA,Gasoline,Front-wheel drive,2,2360,6,241.0,4260,18.4,29.3
8031,1998,USA,Diesel,Front-wheel drive,2,2110,5,265.0,3700,16.8,33.8
8032,2016,USA,Hybrid,Front-wheel drive,4,2420,7,276.0,4370,19.0,32.4
8033,2016,USA,Diesel,All-wheel drive,5,2370,6,284.0,4830,19.3,30.6
8034,1996,Asia,Diesel,Rear-wheel drive,2,2030,5,227.0,4000,19.9,31.7
8035,1979,USA,Gasoline,Front-wheel drive,5,2260,6,263.0,4330,19.3,26.1
8036,2016,Europe,Gasoline,Front-wheel drive,4,1980,5,207.0,4210,17.9,34.1
8037,2010,Asia,Diesel,All-wheel drive,3,2160,6,258.0,4170,18.8,32.4
8038,2015,USA,Gasoline,Front-wheel drive,4,2290,6,259.0,4480,18.6,31.2
8039,2007,USA,Gasoline,Front-wheel drive,2,2460,6,281.0,4500,17.3,31.1
8040,2007,USA,Gasoline,Front-wheel drive,4,2300,6,255.0,4380,19.1,27.7
8041,1987,USA,Gasoline,All-wheel drive,4,2120,6,253.0,4340,17.4,27.5
8042,2004,USA,Gasoline,Rear-wheel drive,3,2340,6,284.0,4260,15.8,30.5
8043,2017,Europe,Gasoline,All-wheel drive,4,2300,6,210.0,4460,17.8,31.8
8044,2014,Asia,Gasoline,Rear-wheel drive,3,2260,6,252.0,4240,19.6,35.6
8045,1978,Europe,Gasoline,Front-wheel drive,3,2270,6,250.0,3710,17.9,27.2
8046,2007,Europe,Gasoline,Front-wheel drive,3,2500,7,283.0,4340,19.4,28.5
8047,1991,USA,Hybrid,Rear-wheel drive,2,2330,6,275.0,4010,19.2,31.0
8048,1980,USA,Gasoline,All-wheel drive,4,2230,7,260.0,4410,18.1,26.8
8049,2014,Asia,Gasoline,Front-wheel drive,3,2190,6,241.0,3740,19.0,31.6
8050,1988,Asia,Gasoline,Front-wheel drive,4,2320,6,243.0,4310,19.5,29.1
8051,2007,Europe,Diesel,Front-wheel drive,4,1880,5,234.0,4100,17.6,36.5
8052,1982,USA,Diesel,Rear-wheel drive,3,2320,6,269.0,4440,17.1,28.9
8053,1979,USA,Gasoline,All-wheel drive,5,2440,6,,4600,19.5,24.9
8054,2006,Europe,Gasoline,Front-wheel drive,2,1960,5,,3860,16.8,34.6
8055,1984,Asia,Gasoline,All-wheel drive,3,2340,6,248.0,4380,18.7,29.3
8056,1996,Asia,Gasoline,Rear-wheel drive,3,2180,6,239.0,4200,18.0,29.4
8057,2004,Europe,Diesel,All-wheel drive,4,2190,6,241.0,4300,19.5,30.7
8058,1978,USA,Gasoline,Rear-wheel drive,3,2370,6,252.0,4730,19.6,27.0
8059,1990,USA,Hybrid,Front-wheel drive,3,2050,6,236.0,4110,19.6,33.4
8060,2017,Europe,Gasoline,Front-wheel drive,4,2040,6,216.0,4350,18.6,33.5
8061,2003,USA,Gasoline,Front-wheel drive,2,2440,7,280.0,4450,17.9,28.6
8062,2018,Asia,Gasoline,Rear-wheel drive,2,2460,6,259.0,4560,19.0,33.3
8063,1980,USA,Gasoline,Front-wheel drive,5,2340,6,276.0,4340,18.4,25.2
8064,1981,USA,Hybrid,Front-wheel drive,4,2140,6,249.0,4300,18.6,32.1
8065,2005,Europe,Hybrid,All-wheel drive,4,2450,7,254.0,4420,20.0,33.8
8066,2006,USA,Diesel,Front-wheel drive,2,2500,7,,4200,17.3,30.1
8067,1990,Europe,Diesel,Front-wheel drive,4,2400,7,264.0,4170,18.6,30.6
8068,2015,Europe,Gasoline,Rear-wheel drive,2,2280,6,239.0,4280,20.4,32.1
8069,1987,USA,Gasoline,Rear-wheel drive,4,2210,5,261.0,4590,20.6,25.9
8070,1988,Europe,Gasoline,Front-wheel drive,4,2110,6,249.0,3980,,30.9
8071,2001,Europe,Diesel,Rear-wheel drive,4,2280,6,258.0,4170,16.9,30.1
8072,2004,Europe,Gasoline,All-wheel drive,3,2010,6,226.0,4040,,27.4
8073,2010,Europe,Gasoline,Front-wheel drive,4,2310,6,245.0,3880,20.9,31.7
8074,2015,Asia,Gasoline,Front-wheel drive,4,1900,5,234.0,3870,18.1,35.4
8075,2013,Europe,Gasoline,Front-wheel drive,3,2390,6,233.0,3950,18.6,33.1
8076,1998,USA,Hybrid,Front-wheel drive,4,2090,6,252.0,4060,17.2,31.3
8077,2005,USA,Gasoline,Front-wheel drive,5,2240,5,252.0,4060,18.2,29.6
8078,2015,Europe,Hybrid,Rear-wheel drive,4,2360,6,272.0,4320,,34.9
8079,2005,USA,Gasoline,Front-wheel drive,3,2150,6,235.0,4040,18.5,27.6
8080,2016,USA,Diesel,All-wheel drive,4,2390,7,310.0,4830,17.8,27.4
8081,1977,USA,Gasoline,All-wheel drive,4,2250,6,271.0,4410,19.4,25.0
8082,1981,Europe,Gasoline,All-wheel drive,4,2360,6,259.0,4520,21.6,23.6
8083,1977,USA,Gasoline,Front-wheel drive,5,2290,7,271.0,4300,18.3,27.1
8084,2018,Asia,Gasoline,Front-wheel drive,2,1990,6,204.0,3770,18.0,36.3
8085,1996,USA,Diesel,Front-wheel drive,4,2490,7,295.0,4410,20.0,28.8
8086,2002,Europe,Gasoline,Front-wheel drive,3,2140,6,256.0,3890,17.6,31.1
8087,1990,USA,Gasoline,Front-wheel drive,4,2000,5,233.0,4170,17.7,28.3
8088,2008,Asia,Gasoline,All-wheel drive,3,2350,6,261.0,4590,19.2,25.3
8089,1979,Asia,Gasoline,Front-wheel drive,4,2340,6,259.0,4210,19.9,29.8
8090,1989,Asia,Diesel,Front-wheel drive,4,2120,6,252.0,4510,20.0,27.9
8091,1991,Asia,Gasoline,Rear-wheel drive,4,2440,7,248.0,4540,19.3,27.7
8092,1987,USA,Gasoline,Front-wheel drive,3,2590,7,288.0,4530,20.5,28.2
8093,1993,Asia,Diesel,Front-wheel drive,3,2420,6,279.0,4440,16.7,33.1
8094,1982,Europe,Gasoline,Rear-wheel drive,4,2500,6,288.0,4540,19.0,27.3
8095,1991,USA,Diesel,All-wheel drive,4,1950,5,268.0,4420,20.4,30.9
8096,1996,USA,Gasoline,Front-wheel drive,4,2140,6,242.0,4010,19.6,29.7
8097,2010,Asia,Hybrid,Front-wheel drive,4,2270,6,229.0,4000,19.0,37.8
8098,1989,Asia,Gasoline,Front-wheel drive,2,2440,7,273.0,4220,18.7,28.2
8099,2001,USA,Gasoline,Front-wheel drive,3,2060,5,223.0,3960,18.8,28.5
8100,2009,USA,Gasoline,Front-wheel drive,4,1910,5,202.0,3850,19.9,32.6
8101,1987,USA,Gasoline,Front-wheel drive,4,2440,6,265.0,4290,18.1,28.6
8102,1990,Europe,Diesel,Rear-wheel drive,2,2350,7,283.0,4410,20.1,28.3
8103,2023,USA,Gasoline,Rear-wheel drive,2,2150,5,249.0,4290,16.2,32.6
8104,2009,Europe,Diesel,Front-wheel drive,3,2470,6,275.0,4140,16.8,33.3
8105,1986,Europe,Hybrid,Front-wheel drive,3,1860,6,200.0,3710,16.8,34.8
8106,1977,USA,Gasoline,Front-wheel drive,4,2150,6,244.0,4080,17.9,29.5
8107,1990,USA,Gasoline,Front-wheel drive,2,2210,6,262.0,4080,19.3,28.6
8108,1988,Asia,Gasoline,All-wheel drive,3,2200,6,257.0,4460,20.5,25.5
8109,2003,Europe,Gasoline,All-wheel drive,3,2450,6,259.0,4270,18.0,26.5
8110,1994,USA,Gasoline,Rear-wheel drive,3,2010,5,253.0,4090,19.2,28.6
8111,2024,Asia,Hybrid,Front-wheel drive,4,2030,5,228.0,4000,18.5,37.7
8112,1992,Asia,Gasoline,All-wheel drive,3,1870,5,204.0,3860,20.5,28.3
8113,1994,Europe,Gasoline,Front-wheel drive,3,2200,6,256.0,4070,17.6,30.1
8114,1981,Asia,Gasoline,Front-wheel drive,4,2140,5,219.0,4070,19.6,27.0
8115,2001,Asia,Gasoline,Front-wheel drive,4,2290,6,241.0,4110,19.3,31.9
8116,2020,Europe,Gasoline,Rear-wheel drive,3,2400,6,261.0,4600,20.0,28.7
8117,2018,USA,Gasoline,Front-wheel drive,3,2230,6,242.0,4320,20.4,34.9
8118,2020,Europe,Gasoline,Front-wheel drive,4,2300,6,237.0,3940,17.6,27.7
8119,2023,USA,Diesel,All-wheel drive,4,2120,6,259.0,4160,17.7,32.6
8120,2017,Europe,Gasoline,Rear-wheel drive,4,2710,8,302.0,4750,17.8,28.8
8121,1990,Europe,Hybrid,All-wheel drive,5,2570,7,272.0,4820,18.5,26.2
8122,1990,USA,Gasoline,Front-wheel drive,5,2060,6,250.0,4350,18.9,25.0
8123,1999,USA,Gasoline,Front-wheel drive,2,2220,5,249.0,4030,21.0,31.1
8124,2020,Asia,Diesel,Front-wheel drive,4,2240,6,269.0,3970,19.7,35.4
8125,1988,Europe,Gasoline,Front-wheel drive,4,2400,6,246.0,4220,19.7,31.3
8126,1987,USA,Gasoline,Front-wheel drive,4,2230,6,249.0,3930,16.5,30.2
8127,1975,Asia,Gasoline,Front-wheel drive,5,1940,6,,4080,20.2,29.4
8128,1987,USA,Gasoline,Front-wheel drive,3,2530,6,280.0,4290,18.1,26.6
8129,1979,Asia,Gasoline,Rear-wheel drive,4,2090,6,227.0,4400,21.0,28.4
8130,2001,Europe,Gasoline,Rear-wheel drive,5,1910,5,204.0,4070,18.9,31.4
8131,2002,USA,Gasoline,Rear-wheel drive,2,2360,6,254.0,4390,17.8,28.1
8132,2003,Asia,Gasoline,All-wheel drive,4,2370,6,254.0,4650,18.0,27.5
8133,2018,USA,Gasoline,Front-wheel drive,4,2230,6,239.0,4270,19.4,29.5
8134,1981,Asia,Gasoline,Front-wheel drive,4,1890,5,,3990,19.3,31.9
8135,2010,Europe,Diesel,Front-wheel drive,3,2330,6,263.0,4040,,35.2
8136,1975,Europe,Gasoline,Rear-wheel drive,3,1940,6,204.0,4130,18.3,24.3
8137,1993,USA,Gasoline,Front-wheel drive,4,2160,6,253.0,4240,18.0,26.1
8138,1983,Europe,Gasoline,All-wheel drive,2,1980,5,211.0,4160,18.6,26.2
8139,1983,Asia,Diesel,Rear-wheel drive,3,2240,6,256.0,4280,19.0,26.3
8140,2008,USA,Diesel,Front-wheel drive,5,2370,6,273.0,4440,18.4,34.3
8141,2001,Asia,Gasoline,Rear-wheel drive,3,2190,6,237.0,4020,17.9,29.2
8142,2019,Europe,Gasoline,Front-wheel drive,4,2160,6,220.0,4020,17.8,33.8
8143,2002,Asia,Gasoline,Rear-wheel drive,4,2260,6,249.0,4320,20.2,29.0
8144,1982,USA,Gasoline,Front-wheel drive,5,2240,5,273.0,4350,21.4,28.9
8145,1981,USA,Gasoline,Front-wheel drive,4,2300,6,272.0,4230,20.1,26.1
8146,1982,USA,Hybrid,Front-wheel drive,4,2360,5,,4230,16.0,26.5
8147,2014,Europe,Gasoline,Front-wheel drive,2,2270,6,239.0,3860,15.8,35.0
8148,1994,Europe,Gasoline,Front-wheel drive,2,1960,6,212.0,3880,17.9,29.1
8149,2021,Europe,Hybrid,Front-wheel drive,4,2090,6,264.0,4050,18.6,39.0
8150,2011,USA,Diesel,All-wheel drive,2,2370,6,258.0,4500,17.7,31.2
8151,2022,USA,Hybrid,Front-wheel drive,4,2350,6,269.0,4350,20.1,35.2
8152,2019,USA,Diesel,Front-wheel drive,5,2310,7,281.0,4520,19.1,29.7
8153,2024,Europe,Gasoline,Rear-wheel drive,4,2380,6,280.0,4200,16.1,29.6
8154,2024,Asia,Gasoline,Rear-wheel drive,3,2390,6,245.0,4270,18.1,32.9
8155,1992,USA,Hybrid,Front-wheel drive,3,2390,6,277.0,4430,19.1,30.4
8156,1978,Asia,Gasoline,Front-wheel drive,3,2320,7,,4330,17.2,26.3
8157,2007,Asia,Gasoline,Rear-wheel drive,3,2180,6,236.0,4330,18.9,32.1
8158,2009,USA,Gasoline,Front-wheel drive,3,2340,6,259.0,4100,18.2,30.6
8159,2000,USA,Gasoline,All-wheel drive,5,2120,5,252.0,4640,19.1,28.1
8160,1995,Europe,Diesel,Front-wheel drive,2,2010,5,243.0,3710,19.3,32.3
8161,1983,Asia,Diesel,Rear-wheel drive,5,2250,5,,4470,19.6,27.9
8162,2013,Europe,Diesel,Rear-wheel drive,5,2040,5,226.0,4130,18.6,34.3
8163,2021,Asia,Gasoline,Front-wheel drive,4,2270,6,240.0,4130,19.5,33.1
8164,2024,Asia,Gasoline,Rear-wheel drive,4,2320,6,257.0,4720,19.1,32.2
8165,2002,Asia,Gasoline,Front-wheel drive,4,2040,6,247.0,3740,16.5,31.7
8166,2010,Europe,Gasoline,Front-wheel drive,4,2360,6,258.0,4330,18.5,26.8
8167,1975,USA,Gasoline,Rear-wheel drive,3,2090,6,,4320,18.3,26.9
8168,2020,Asia,Gasoline,Rear-wheel drive,2,2490,7,266.0,4260,17.4,30.1
8169,2010,USA,Gasoline,All-wheel drive,4,2200,6,266.0,4410,19.4,26.7
8170,1991,USA,Gasoline,All-wheel drive,3,2280,6,233.0,4380,18.9,29.0
8171,2014,Asia,Diesel,All-wheel drive,5,2400,6,286.0,4880,20.8,28.9
8172,1995,Asia,Diesel,Rear-wheel drive,3,2110,6,250.0,3780,18.0,35.3
8173,1975,Europe,Gasoline,Front-wheel drive,4,2250,6,245.0,4230,19.4,29.0
8174,1979,USA,Gasoline,Front-wheel drive,4,2160,6,261.0,4200,19.8,26.0
8175,2008,Asia,Diesel,All-wheel drive,3,2180,5,230.0,4410,19.7,32.1
8176,2014,Europe,Gasoline,Front-wheel drive,3,2010,6,228.0,3640,17.6,33.8
8177,2012,USA,Hybrid,Front-wheel drive,3,2170,6,242.0,4150,18.2,34.5
8178,2020,USA,Gasoline,All-wheel drive,3,2210,6,255.0,4410,18.6,28.2
8179,1990,Asia,Gasoline,Front-wheel drive,4,2520,7,284.0,4570,20.4,28.1
8180,1991,Europe,Diesel,All-wheel drive,5,2150,6,263.0,4340,18.5,31.3
8181,1990,Asia,Gasoline,Front-wheel drive,4,2220,5,222.0,3900,17.5,30.6
8182,2008,USA,Gasoline,Front-wheel drive,5,2160,6,239.0,4290,18.9,30.2
8183,2008,USA,Gasoline,Rear-wheel drive,2,2290,6,274.0,4350,18.7,29.5
8184,1990,Europe,Diesel,Front-wheel drive,3,2370,6,265.0,4190,19.8,31.1
8185,2015,USA,Gasoline,Front-wheel drive,5,2380,6,249.0,4550,20.3,27.6
8186,1999,USA,Diesel,Front-wheel drive,2,2390,6,257.0,4140,19.6,28.1
8187,2003,USA,Gasoline,Rear-wheel drive,5,2350,6,274.0,4760,19.6,26.6
8188,1999,USA,Diesel,Front-wheel drive,4,2280,5,242.0,4380,19.7,31.5
8189,2022,Europe,Gasoline,All-wheel drive,2,2300,6,233.0,4170,,30.8
8190,1978,Asia,Gasoline,Rear-wheel drive,5,2320,6,257.0,4310,18.9,25.2
8191,1977,Asia,Gasoline,All-wheel drive,2,2200,6,,4300,19.2,24.1
8192,1983,Asia,Diesel,Rear-wheel drive,2,2440,6,294.0,4360,19.8,29.4
8193,2005,Europe,Hybrid,Rear-wheel drive,4,2360,6,249.0,4350,19.8,34.7
8194,1997,Asia,Gasoline,Front-wheel drive,2,2440,6,270.0,4010,16.1,27.2
8195,1997,Asia,Hybrid,Front-wheel drive,3,2280,6,233.0,4290,19.5,33.3
8196,2002,Asia,Gasoline,Front-wheel drive,5,2280,6,261.0,4290,19.2,31.4
8197,1986,Asia,Gasoline,Front-wheel drive,3,2150,5,232.0,4030,18.0,30.9
8198,2003,Asia,Gasoline,Front-wheel drive,5,2370,7,262.0,4570,17.8,27.9
8199,2013,USA,Gasoline,Front-wheel drive,2,2650,7,305.0,4430,15.3,30.4
8200,2004,Europe,Gasoline,All-wheel drive,5,2360,6,247.0,4560,19.9,25.9
8201,2010,USA,Gasoline,Rear-wheel drive,3,2240,6,249.0,4460,19.2,29.5
8202,2005,USA,Gasoline,Rear-wheel drive,4,1960,6,225.0,4380,19.5,28.1
8203,2014,Europe,Gasoline,Rear-wheel drive,3,2290,6,230.0,4070,20.8,31.4
8204,2023,USA,Gasoline,Front-wheel drive,2,2250,7,273.0,4230,19.6,33.8
8205,1991,Europe,Gasoline,Front-wheel drive,4,2230,6,221.0,3920,19.3,30.7
8206,2004,Asia,Gasoline,Front-wheel drive,4,2260,6,255.0,3880,17.7,31.3
8207,2019,Asia,Gasoline,Rear-wheel drive,3,1940,5,215.0,3770,19.1,32.1
8208,1998,Asia,Gasoline,Front-wheel drive,4,2350,6,268.0,4300,18.9,30.9
8209,2013,Asia,Gasoline,All-wheel drive,5,2260,6,250.0,4600,19.7,32.8
8210,1999,USA,Gasoline,All-wheel drive,3,2300,6,278.0,4410,19.2,28.1
8211,2015,Europe,Diesel,Front-wheel drive,3,2230,6,268.0,4100,18.7,36.5
8212,1975,Europe,Diesel,Rear-wheel drive,4,2090,6,,4060,22.1,27.7
8213,2020,USA,Diesel,Front-wheel drive,4,2360,6,276.0,4560,17.1,34.5
8214,2021,USA,Gasoline,All-wheel drive,2,2040,6,225.0,4130,18.8,30.1
8215,1979,Asia,Gasoline,Rear-wheel drive,2,2250,6,,4190,21.2,30.5
8216,2013,USA,Gasoline,All-wheel drive,3,2170,6,245.0,4330,20.2,30.5
8217,2008,Asia,Diesel,Front-wheel drive,4,1940,5,215.0,4280,19.5,37.8
8218,2024,Asia,Gasoline,Rear-wheel drive,3,2300,6,252.0,4120,18.3,29.6
8219,2005,Asia,Diesel,Front-wheel drive,5,2020,6,236.0,4140,19.5,32.8
8220,2002,USA,Gasoline,Front-wheel drive,4,2280,6,266.0,4190,18.9,29.5
8221,1995,USA,Hybrid,Rear-wheel drive,2,2350,7,266.0,4670,20.3,28.4
8222,1980,Europe,Gasoline,Front-wheel drive,5,2360,6,244.0,4130,20.0,27.7
8223,1991,Asia,Gasoline,Front-wheel drive,3,2350,6,,4080,19.4,31.2
8224,2017,Europe,Gasoline,All-wheel drive,5,2330,6,,4650,20.4,30.9
8225,1998,Asia,Gasoline,Rear-wheel drive,3,2180,6,235.0,4280,16.9,28.2
8226,1977,Europe,Gasoline,All-wheel drive,4,2240,7,244.0,4430,18.2,26.3
8227,1976,USA,Gasoline,Front-wheel drive,3,1970,6,235.0,3800,18.2,30.0
8228,1981,USA,Gasoline,Front-wheel drive,3,2450,6,266.0,4640,18.5,27.9
8229,2007,USA,Diesel,Front-wheel drive,2,2500,7,271.0,4370,19.4,31.6
8230,2001,Europe,Gasoline,Front-wheel drive,2,1910,6,204.0,3690,19.2,30.9
8231,1989,Asia,Hybrid,Front-wheel drive,4,2530,7,291.0,4410,18.8,33.1
8232,1993,Europe,Diesel,Front-wheel drive,4,2500,6,295.0,4250,17.2,31.4
8233,2000,Asia,Gasoline,Front-wheel drive,3,2400,6,250.0,4370,20.7,26.7
8234,1976,Asia,Gasoline,Front-wheel drive,4,2390,6,,4460,19.5,27.3
8235,1984,USA,Diesel,All-wheel drive,4,2680,7,301.0,4880,21.9,23.1
8236,1990,Asia,Gasoline,All-wheel drive,3,2390,7,259.0,4740,19.2,24.8
8237,1989,USA,Gasoline,Front-wheel drive,5,2360,6,279.0,4280,17.5,28.7
8238,1992,USA,Hybrid,Front-wheel drive,3,2530,6,277.0,4370,19.1,30.3
8239,1999,USA,Gasoline,Front-wheel drive,3,2330,6,273.0,4480,18.5,30.3
8240,1988,USA,Gasoline,Front-wheel drive,4,2350,7,273.0,4370,18.4,27.5
8241,1976,Asia,Gasoline,Front-wheel drive,3,2030,6,,3900,17.3,29.9
8242,1991,Asia,Gasoline,Front-wheel drive,3,2400,6,269.0,4350,16.8,28.2
8243,1994,Europe,Diesel,Rear-wheel drive,2,2360,6,271.0,4360,17.9,28.1
8244,2010,USA,Gasoline,Rear-wheel drive,4,2330,6,273.0,4610,19.0,27.7
8245,1984,USA,Diesel,All-wheel drive,4,2330,6,279.0,4560,18.2,28.2
8246,1980,Asia,Gasoline,Front-wheel drive,3,2420,7,272.0,4470,20.4,28.2
8247,1994,USA,Gasoline,Rear-wheel drive,5,2420,7,265.0,4700,21.7,26.1
8248,1993,Europe,Gasoline,Rear-wheel drive,2,2120,5,230.0,3880,16.5,31.1
8249,2018,USA,Gasoline,All-wheel drive,3,2550,7,290.0,5170,20.9,30.0
8250,1992,Europe,Gasoline,Front-wheel drive,4,2180,6,243.0,4130,19.8,29.4
8251,1988,USA,Diesel,All-wheel drive,2,2280,6,267.0,4440,14.0,25.3
8252,1984,Asia,Gasoline,Front-wheel drive,5,2180,6,,4210,20.1,31.1
8253,2022,Europe,Gasoline,Rear-wheel drive,3,2280,6,259.0,4240,17.9,33.6
8254,1996,USA,Hybrid,Front-wheel drive,3,2260,6,284.0,4310,18.6,30.4
8255,1997,USA,Diesel,Front-wheel drive,3,2360,6,298.0,4410,19.3,33.7
8256,2024,Europe,Gasoline,All-wheel drive,2,2420,6,252.0,4440,,28.8
8257,2015,Asia,Diesel,All-wheel drive,2,2500,7,281.0,5010,21.5,30.9
8258,2000,Asia,Diesel,Front-wheel drive,4,2160,6,,4060,19.5,34.3
8259,1989,Europe,Gasoline,Front-wheel drive,3,2720,6,271.0,4530,19.0,27.8
8260,1983,USA,Gasoline,Rear-wheel drive,3,2150,6,271.0,3860,16.3,30.2
8261,2020,USA,Diesel,Rear-wheel drive,5,2460,7,300.0,4560,16.9,33.0
8262,2022,Asia,Gasoline,Rear-wheel drive,2,2270,6,258.0,4300,18.7,29.4
8263,1992,USA,Diesel,Front-wheel drive,3,2030,6,260.0,3870,19.4,33.4
8264,2006,USA,Gasoline,All-wheel drive,3,2230,6,268.0,4310,17.5,26.5
8265,2023,USA,Diesel,Front-wheel drive,2,2120,6,274.0,4390,17.8,32.9
8266,1992,Europe,Diesel,All-wheel drive,4,2330,6,254.0,4350,19.0,31.1
8267,2002,Europe,Gasoline,All-wheel drive,3,2400,6,243.0,4370,17.9,27.6
8268,1991,Asia,Gasoline,Front-wheel drive,2,2570,6,270.0,4560,19.1,28.5
8269,2008,Asia,Gasoline,Rear-wheel drive,2,1850,5,205.0,4100,19.4,31.1
8270,2009,USA,Gasoline,All-wheel drive,4,2460,6,,4540,18.3,28.7
8271,1984,USA,Gasoline,Rear-wheel drive,4,2650,6,285.0,4730,19.1,24.9
8272,1999,USA,Gasoline,Front-wheel drive,5,1940,6,248.0,3970,19.9,28.0
8273,2014,USA,Gasoline,All-wheel drive,4,2140,6,237.0,4430,20.8,27.6
8274,2006,USA,Diesel,Front-wheel drive,4,2440,7,294.0,4500,17.6,30.1
8275,2015,Asia,Diesel,Front-wheel drive,3,2130,6,224.0,4070,18.9,33.5
8276,2008,USA,Gasoline,Rear-wheel drive,4,2550,7,280.0,4520,19.6,28.7
8277,1984,Europe,Diesel,Rear-wheel drive,5,2320,6,,4410,18.7,29.4
8278,1979,Asia,Diesel,Front-wheel drive,3,2340,6,246.0,4130,22.3,33.2
8279,1991,USA,Gasoline,Front-wheel drive,2,2210,6,260.0,3990,19.5,29.0
8280,1989,USA,Gasoline,Front-wheel drive,4,2220,6,251.0,4150,19.0,27.0
8281,2004,Europe,Diesel,Front-wheel drive,5,2360,6,261.0,4440,18.9,31.0
8282,2003,Europe,Gasoline,All-wheel drive,2,2480,6,274.0,4600,19.5,29.1
8283,2021,Europe,Gasoline,Front-wheel drive,3,2560,6,300.0,4690,19.2,29.1
8284,2023,Asia,Gasoline,Rear-wheel drive,4,2280,6,251.0,4360,20.8,32.2
8285,1993,Europe,Gasoline,Front-wheel drive,5,2110,6,230.0,4010,17.2,29.3
8286,2008,USA,Hybrid,Rear-wheel drive,5,2430,7,283.0,4400,19.8,33.4
8287,2013,Europe,Diesel,Front-wheel drive,4,2100,6,237.0,3790,18.6,35.1
8288,2009,Asia,Gasoline,Rear-wheel drive,3,2400,6,245.0,4460,17.5,28.8
8289,1996,Asia,Hybrid,Front-wheel drive,5,2020,5,214.0,4010,18.2,35.5
8290,1997,Asia,Gasoline,Front-wheel drive,4,2380,6,238.0,4410,19.5,27.1
8291,2004,USA,Gasoline,All-wheel drive,5,2550,6,281.0,5010,19.2,25.4
8292,1993,Europe,Gasoline,Rear-wheel drive,2,2120,5,224.0,4030,19.8,31.8
8293,1979,Asia,Gasoline,Front-wheel drive,4,2280,6,255.0,4110,19.3,29.1
8294,1990,USA,Gasoline,Rear-wheel drive,5,2190,6,236.0,4400,20.4,29.1
8295,1992,Europe,Gasoline,Front-wheel drive,5,2200,5,233.0,4010,,29.1
8296,1997,Europe,Gasoline,Front-wheel drive,2,2190,6,257.0,3940,17.6,29.8
8297,1980,USA,Diesel,Front-wheel drive,2,2250,6,258.0,4310,19.9,29.1
8298,1983,Asia,Diesel,Rear-wheel drive,2,2250,6,259.0,4400,20.2,32.0
8299,1991,USA,Gasoline,All-wheel drive,2,2110,5,247.0,4310,21.0,30.5
8300,1994,Europe,Diesel,Rear-wheel drive,4,2390,6,295.0,4480,19.6,29.4
8301,2019,Europe,Gasoline,Front-wheel drive,4,2170,5,250.0,3770,,29.9
8302,1993,Europe,Gasoline,All-wheel drive,2,2280,6,266.0,4280,18.8,29.3
8303,1989,Asia,Gasoline,Front-wheel drive,2,2190,6,253.0,4020,20.1,30.4
8304,2016,USA,Gasoline,Rear-wheel drive,4,2150,6,238.0,4290,18.2,31.7
8305,1983,Europe,Diesel,Front-wheel drive,4,2350,7,,4520,17.5,27.3
8306,1991,USA,Gasoline,Front-wheel drive,3,2220,6,267.0,4510,20.6,27.0
8307,1989,Europe,Diesel,All-wheel drive,4,2210,5,248.0,4530,18.9,29.3
8308,2010,Asia,Gasoline,Front-wheel drive,4,2300,6,263.0,4210,18.2,32.9
8309,2008,Europe,Gasoline,Front-wheel drive,4,2130,5,216.0,4090,19.7,32.6
8310,1980,Europe,Diesel,Front-wheel drive,4,2410,6,,4280,16.5,30.9
8311,1999,USA,Gasoline,Rear-wheel drive,4,2330,6,271.0,4780,19.5,26.5
8312,2019,USA,Gasoline,Rear-wheel drive,4,2170,6,240.0,4180,19.7,28.5
8313,1987,USA,Gasoline,Front-wheel drive,3,2390,6,277.0,4130,19.0,24.7
8314,1989,USA,Diesel,All-wheel drive,4,2110,6,274.0,4590,20.6,30.0
8315,2004,Asia,Gasoline,Front-wheel drive,2,2380,7,223.0,4250,18.0,32.3
8316,1989,USA,Hybrid,Front-wheel drive,5,1970,6,238.0,4220,20.4,31.1
8317,2008,Europe,Gasoline,Front-wheel drive,3,2240,6,246.0,4180,18.7,33.7
8318,1999,USA,Gasoline,Front-wheel drive,4,2150,6,241.0,4160,19.5,28.0
8319,1994,Europe,Diesel,All-wheel drive,2,2470,7,,4640,18.0,29.3
8320,2009,Europe,Gasoline,Front-wheel drive,4,2110,6,256.0,4060,17.8,27.2
8321,2007,Asia,Hybrid,All-wheel drive,3,2500,7,280.0,4640,21.2,31.8
8322,2004,USA,Hybrid,All-wheel drive,4,2200,5,234.0,4410,18.0,29.5
8323,1993,Europe,Gasoline,Front-wheel drive,3,2570,7,258.0,4490,18.9,30.0
8324,2017,Europe,Gasoline,Front-wheel drive,5,1870,5,202.0,3850,17.9,34.0
8325,2008,Asia,Gasoline,Front-wheel drive,2,2140,5,230.0,4050,16.8,33.1
8326,1990,Asia,Diesel,Rear-wheel drive,4,2340,6,279.0,4360,17.8,30.9
8327,2014,USA,Gasoline,All-wheel drive,2,2270,6,249.0,3920,17.1,28.1
8328,2017,Europe,Gasoline,Rear-wheel drive,4,2080,6,267.0,4250,18.7,33.1
8329,1996,USA,Gasoline,Front-wheel drive,4,2150,6,244.0,4060,17.0,31.7
8330,2012,USA,Gasoline,Front-wheel drive,4,1990,6,234.0,3900,19.5,29.0
8331,2007,Europe,Hybrid,Rear-wheel drive,3,2310,6,257.0,4530,20.8,34.9
8332,2019,USA,Gasoline,Front-wheel drive,4,2320,6,248.0,4690,20.8,29.1
8333,2012,Asia,Gasoline,Front-wheel drive,3,2350,6,261.0,4020,18.5,28.7
8334,1984,Europe,Gasoline,Front-wheel drive,4,2070,6,,4040,16.9,29.0
8335,1987,Europe,Gasoline,Rear-wheel drive,4,2260,6,251.0,4340,18.8,25.0
8336,2000,USA,Diesel,All-wheel drive,3,2050,5,297.0,4370,18.3,28.5
8337,2013,USA,Gasoline,All-wheel drive,4,2320,6,234.0,4480,18.7,25.4
8338,1984,Europe,Gasoline,Rear-wheel drive,5,2170,6,237.0,4330,19.4,26.1
8339,1995,USA,Gasoline,Front-wheel drive,2,2440,7,275.0,4460,17.4,27.7
8340,2003,Asia,Hybrid,Rear-wheel drive,4,2350,6,267.0,4360,19.1,32.8
8341,1986,Asia,Diesel,Front-wheel drive,2,2220,6,268.0,4020,16.8,30.8
8342,2013,Asia,Diesel,All-wheel drive,3,2590,7,310.0,4700,18.5,29.7
8343,1980,Europe,Diesel,All-wheel drive,2,2340,6,288.0,4310,,31.4
8344,1977,USA,Hybrid,Rear-wheel drive,3,2320,6,,4430,20.6,31.7
8345,2015,Asia,Gasoline,Front-wheel drive,5,2180,6,232.0,4080,17.9,32.8
8346,2019,Asia,Gasoline,Front-wheel drive,4,2280,6,252.0,4120,17.2,31.7
8347,1990,USA,Gasoline,Rear-wheel drive,2,2270,6,261.0,4350,18.3,23.6
8348,1992,USA,Gasoline,Rear-wheel drive,4,2190,6,239.0,4160,18.6,28.7
8349,2024,Asia,Hybrid,Front-wheel drive,4,2130,5,242.0,4050,17.7,37.4
8350,2013,USA,Gasoline,Front-wheel drive,3,2350,6,259.0,3970,17.1,27.5
8351,1982,Europe,Gasoline,Front-wheel drive,5,2240,6,242.0,4460,19.7,28.4
8352,2011,Europe,Gasoline,All-wheel drive,3,2030,6,229.0,3960,,29.6
8353,2012,Europe,Diesel,All-wheel drive,3,2270,6,248.0,4310,17.1,31.3
8354,2016,USA,Gasoline,Front-wheel drive,4,2510,7,275.0,4600,18.5,28.8
8355,1982,USA,Gasoline,All-wheel drive,5,2370,6,,5040,20.5,27.0
8356,1995,USA,Gasoline,Front-wheel drive,3,2270,7,257.0,4360,18.4,27.1
8357,2020,Europe,Gasoline,Rear-wheel drive,3,2400,6,262.0,4550,18.9,29.5
8358,2024,Europe,Gasoline,Rear-wheel drive,3,2070,6,228.0,3910,17.4,34.5
8359,1995,Europe,Hybrid,All-wheel drive,4,2290,6,227.0,4350,20.9,31.3
8360,1999,USA,Gasoline,Front-wheel drive,2,2310,6,261.0,4050,18.8,30.7
8361,2020,Europe,Hybrid,Front-wheel drive,2,2230,6,235.0,4160,18.3,35.8
8362,2019,Europe,Gasoline,Front-wheel drive,4,2200,6,241.0,4210,18.0,32.8
8363,1995,USA,Diesel,All-wheel drive,4,2240,6,250.0,4470,19.5,28.9
8364,2008,Asia,Hybrid,Rear-wheel drive,3,2470,7,261.0,4820,16.6,31.8
8365,2003,USA,Gasoline,Front-wheel drive,4,2310,6,287.0,4390,19.7,28.6
8366,2006,Asia,Gasoline,Rear-wheel drive,4,2090,6,250.0,4330,16.9,31.1
8367,1983,USA,Gasoline,Front-wheel drive,3,2120,6,,3970,20.0,25.3
8368,1989,Asia,Gasoline,All-wheel drive,3,2280,6,247.0,4480,20.3,27.1
8369,1977,Asia,Gasoline,Front-wheel drive,2,2380,6,233.0,4010,18.3,25.1
8370,1980,USA,Hybrid,Front-wheel drive,3,2610,7,284.0,4720,20.2,29.2
8371,1978,Europe,Gasoline,Front-wheel drive,4,1950,5,,3650,,29.6
8372,2010,Asia,Gasoline,All-wheel drive,3,2230,6,230.0,4390,20.3,29.9
8373,1983,Europe,Gasoline,Rear-wheel drive,4,2310,6,,4300,19.1,26.3
8374,2012,Asia,Gasoline,Front-wheel drive,4,1870,5,207.0,3960,17.9,33.6
8375,1988,Asia,Hybrid,Front-wheel drive,3,2100,6,227.0,3600,19.1,36.0
8376,2023,Europe,Hybrid,Front-wheel drive,5,2170,6,218.0,4260,17.3,36.1
8377,1988,Europe,Gasoline,All-wheel drive,3,2130,5,218.0,4210,18.8,28.5
8378,1979,USA,Gasoline,Front-wheel drive,5,2400,6,,4690,19.9,27.9
8379,1995,USA,Gasoline,Front-wheel drive,4,2080,5,221.0,4130,19.5,30.6
8380,1980,Asia,Gasoline,All-wheel drive,4,2020,5,235.0,4210,20.3,31.3
8381,1994,Asia,Gasoline,Front-wheel drive,5,2280,6,230.0,4240,20.4,28.7
8382,2002,Asia,Gasoline,Front-wheel drive,5,2150,6,244.0,4060,17.1,29.3
8383,2023,USA,Gasoline,Front-wheel drive,2,2460,6,286.0,4500,17.9,30.2
8384,2020,Europe,Gasoline,Front-wheel drive,4,2160,6,254.0,4180,18.6,32.5
8385,2018,Europe,Gasoline,Rear-wheel drive,3,2080,6,232.0,3910,18.9,33.8
8386,1981,Asia,Diesel,Front-wheel drive,2,2180,6,258.0,4180,21.7,26.1
8387,2001,Europe,Gasoline,Front-wheel drive,5,2350,6,251.0,4210,19.4,30.8
8388,2007,USA,Gasoline,Front-wheel drive,2,2390,6,283.0,4050,18.0,30.2
8389,1979,USA,Diesel,Front-wheel drive,2,2050,6,,4010,17.5,27.0
8390,1989,Europe,Gasoline,All-wheel drive,3,2470,7,262.0,4530,19.6,25.2
8391,2007,USA,Diesel,All-wheel drive,4,2250,6,282.0,4790,20.0,28.7
8392,2012,Europe,Gasoline,All-wheel drive,4,2180,6,229.0,4310,17.7,27.8
8393,2020,USA,Gasoline,All-wheel drive,3,2290,5,276.0,4670,20.1,27.2
8394,1993,USA,Gasoline,Front-wheel drive,4,2070,6,252.0,4140,20.5,27.8
8395,2019,Asia,Diesel,Front-wheel drive,4,2160,6,243.0,4180,19.5,34.5
8396,2004,Europe,Gasoline,Front-wheel drive,3,2090,6,223.0,3960,16.8,29.6
8397,1982,Europe,Gasoline,All-wheel drive,4,2450,6,250.0,4620,22.3,27.8
8398,2023,Asia,Hybrid,Front-wheel drive,4,2380,6,239.0,4550,19.4,36.0
8399,2011,Asia,Hybrid,Front-wheel drive,2,2360,6,254.0,4270,15.8,35.3
8400,2012,Asia,Gasoline,Front-wheel drive,3,2110,5,225.0,4300,19.9,33.1
8401,2004,Europe,Gasoline,All-wheel drive,4,2380,6,239.0,4560,17.0,28.8
8402,1990,USA,Gasoline,Front-wheel drive,3,2500,6,293.0,4330,16.9,29.2
8403,2003,Asia,Gasoline,Rear-wheel drive,3,2250,6,259.0,4680,19.4,31.6
8404,1998,USA,Gasoline,Rear-wheel drive,4,2010,6,216.0,4280,20.7,29.2
8405,1990,USA,Diesel,Front-wheel drive,5,2420,6,286.0,4420,17.3,32.1
8406,1976,Asia,Diesel,Rear-wheel drive,3,2370,6,282.0,4340,20.1,25.9
8407,1996,USA,Diesel,Rear-wheel drive,5,2380,6,289.0,4480,18.6,27.0
8408,1979,Europe,Gasoline,Front-wheel drive,4,2240,6,,3850,20.1,28.0
8409,1976,Europe,Gasoline,Rear-wheel drive,3,2420,6,277.0,4380,19.7,27.6
8410,2004,USA,Gasoline,All-wheel drive,3,2370,6,262.0,4810,19.5,23.3
8411,2018,USA,Gasoline,Front-wheel drive,3,2310,6,253.0,3940,16.0,30.3
8412,1975,USA,Gasoline,Rear-wheel drive,3,2410,6,286.0,4710,22.2,22.9
8413,1976,Asia,Gasoline,All-wheel drive,4,2300,6,251.0,4470,20.4,26.3
8414,2005,Asia,Gasoline,Rear-wheel drive,3,2190,5,229.0,4190,17.8,33.9
8415,1977,USA,Gasoline,Front-wheel drive,3,2100,6,,3850,18.4,27.0
8416,1986,USA,Gasoline,Front-wheel drive,2,2290,6,269.0,4080,19.0,29.9
8417,1989,Asia,Gasoline,Front-wheel drive,4,2280,6,248.0,4170,18.0,27.5
8418,1976,Asia,Gasoline,Front-wheel drive,4,1980,5,222.0,4080,18.8,30.6
8419,2014,USA,Gasoline,All-wheel drive,3,2310,6,253.0,4510,20.0,25.5
8420,1980,USA,Gasoline,Rear-wheel drive,4,2500,7,,4750,17.9,25.1
8421,2017,Asia,Gasoline,Front-wheel drive,3,2620,7,290.0,4760,21.0,29.6
8422,1984,USA,Diesel,All-wheel drive,3,2560,7,317.0,4840,18.9,26.9
8423,1996,USA,Diesel,Front-wheel drive,5,2470,6,294.0,4720,20.4,28.4
8424,1992,Europe,Gasoline,Rear-wheel drive,5,2020,5,207.0,3990,21.4,27.6
8425,1978,USA,Gasoline,Front-wheel drive,4,2360,6,282.0,4400,18.8,26.2
8426,2020,USA,Gasoline,Front-wheel drive,4,2200,6,257.0,4400,18.7,28.0
8427,1994,USA,Gasoline,Front-wheel drive,3,2280,6,264.0,4230,19.0,26.6
8428,1983,USA,Diesel,Front-wheel drive,3,2370,7,283.0,4490,19.4,27.7
8429,2010,USA,Diesel,Front-wheel drive,3,2360,6,269.0,4290,17.6,31.8
8430,2015,USA,Gasoline,Front-wheel drive,3,2200,6,238.0,4000,18.6,32.1
8431,1994,USA,Diesel,All-wheel drive,4,2190,5,246.0,4220,18.7,30.9
8432,2017,Europe,Gasoline,All-wheel drive,4,1860,5,175.0,3840,20.3,33.2
8433,1977,Asia,Hybrid,Front-wheel drive,4,2610,7,312.0,4500,20.8,29.1
8434,2023,USA,Gasoline,Front-wheel drive,4,2380,6,272.0,4490,20.3,29.2
8435,2015,Europe,Gasoline,Front-wheel drive,3,2100,6,236.0,3920,19.0,30.8
8436,2000,USA,Diesel,Rear-wheel drive,3,2380,6,273.0,4450,19.7,26.8
8437,1983,Asia,Gasoline,All-wheel drive,3,1920,5,218.0,4280,22.4,28.4
8438,2017,USA,Diesel,Rear-wheel drive,2,1980,5,239.0,3870,17.7,32.1
8439,2015,Europe,Gasoline,Front-wheel drive,3,2370,6,251.0,4270,19.3,27.6
8440,2013,USA,Hybrid,Front-wheel drive,4,2510,6,286.0,4200,17.7,34.5
8441,2007,Europe,Hybrid,All-wheel drive,4,2460,7,271.0,4580,17.9,32.6
8442,2011,USA,Gasoline,Rear-wheel drive,5,2340,6,251.0,4420,19.5,27.0
8443,1997,Asia,Diesel,All-wheel drive,2,2710,7,296.0,4880,20.7,30.2
8444,2019,Asia,Diesel,Front-wheel drive,3,2380,7,280.0,4370,20.5,36.2
8445,2009,USA,Hybrid,Front-wheel drive,5,2170,6,230.0,4180,17.4,35.3
8446,1999,USA,Gasoline,Front-wheel drive,4,2370,6,279.0,4390,17.6,30.2
8447,2012,Europe,Gasoline,Front-wheel drive,4,1940,6,238.0,3970,18.9,34.6
8448,1994,Asia,Gasoline,Rear-wheel drive,4,2380,6,253.0,4300,17.4,27.7
8449,1979,Europe,Gasoline,All-wheel drive,5,1870,5,201.0,4140,18.1,27.7
8450,1993,Asia,Diesel,Rear-wheel drive,3,2720,7,300.0,5000,18.9,28.6
8451,1977,USA,Diesel,Front-wheel drive,4,1870,6,229.0,3670,18.2,30.0
8452,2014,USA,Gasoline,Front-wheel drive,4,2450,7,277.0,4580,18.5,30.8
8453,1993,USA,Gasoline,Front-wheel drive,2,2110,5,233.0,4110,18.5,26.9
8454,2010,Asia,Gasoline,Front-wheel drive,3,2310,6,248.0,4420,19.4,28.2
8455,2003,Europe,Hybrid,All-wheel drive,2,2120,6,240.0,4190,21.0,32.0
8456,1986,USA,Gasoline,Rear-wheel drive,5,2420,6,281.0,4400,18.9,28.9
8457,1998,USA,Hybrid,Front-wheel drive,3,2130,6,273.0,4080,17.6,32.5
8458,1988,USA,Gasoline,Front-wheel drive,5,2280,6,253.0,4460,18.5,27.1
8459,1994,USA,Gasoline,Front-wheel drive,3,2040,5,201.0,3790,18.4,29.3
8460,1979,USA,Diesel,Rear-wheel drive,2,2280,7,297.0,4530,20.4,29.0
8461,2000,Europe,Gasoline,Front-wheel drive,3,2220,6,228.0,3950,17.3,34.1
8462,1989,Europe,Gasoline,Front-wheel drive,3,2260,6,241.0,3990,15.6,26.2
8463,2000,USA,Gasoline,Front-wheel drive,3,2070,5,229.0,4000,19.6,29.8
8464,2004,Asia,Gasoline,Front-wheel drive,2,2170,6,,4030,19.1,33.0
8465,2012,Asia,Gasoline,Front-wheel drive,4,2200,6,249.0,4300,19.0,32.4
8466,1985,USA,Gasoline,Rear-wheel drive,5,2570,7,280.0,4750,18.8,24.1
8467,2007,USA,Gasoline,All-wheel drive,4,2250,6,252.0,4480,21.2,27.8
8468,2016,USA,Diesel,Front-wheel drive,3,2230,6,284.0,4190,19.9,34.4
8469,1984,Asia,Diesel,Front-wheel drive,2,2260,6,249.0,3980,17.9,32.0
8470,1989,USA,Diesel,Front-wheel drive,4,2040,6,227.0,3880,19.5,31.8
8471,2002,Asia,Gasoline,Rear-wheel drive,5,2080,5,226.0,4100,17.5,31.0
8472,2001,Europe,Diesel,Rear-wheel drive,5,2020,6,233.0,4310,19.9,31.8
8473,2011,Europe,Diesel,Front-wheel drive,4,1920,5,238.0,3890,19.5,35.6
8474,1976,USA,Gasoline,Front-wheel drive,4,2110,6,245.0,4360,19.3,27.7
8475,2015,Asia,Hybrid,Front-wheel drive,2,2100,6,236.0,4210,17.3,36.6
8476,1977,Asia,Diesel,Front-wheel drive,4,2350,6,,4410,18.0,30.3
8477,2006,Asia,Gasoline,Front-wheel drive,3,2310,6,250.0,4180,18.3,30.6
8478,1997,USA,Gasoline,Front-wheel drive,4,2130,6,238.0,4050,17.2,30.9
8479,2022,USA,Gasoline,Front-wheel drive,5,2320,6,286.0,4440,17.8,32.3
8480,1999,Asia,Hybrid,Front-wheel drive,4,2340,6,,4080,17.0,33.4
8481,1977,Europe,Diesel,Front-wheel drive,4,2040,6,,4090,19.4,34.1
8482,1982,USA,Gasoline,Front-wheel drive,4,2390,6,284.0,4490,18.5,28.1
8483,2018,USA,Gasoline,All-wheel drive,4,2210,6,252.0,4400,18.8,29.9
8484,1985,USA,Diesel,Front-wheel drive,4,2190,6,278.0,4370,20.5,28.5
8485,1999,Asia,Gasoline,All-wheel drive,2,2570,7,275.0,4630,18.4,29.7
8486,2021,USA,Gasoline,Front-wheel drive,4,2590,7,293.0,4550,15.8,27.8
8487,1975,Europe,Gasoline,All-wheel drive,4,2580,7,310.0,5040,,20.7
8488,2012,Europe,Gasoline,All-wheel drive,4,2000,5,210.0,4180,19.0,30.1
8489,2020,Europe,Gasoline,Front-wheel drive,2,2080,6,212.0,3850,18.7,33.2
8490,2022,USA,Gasoline,Front-wheel drive,2,2240,6,238.0,4000,18.9,32.0
8491,1984,USA,Diesel,All-wheel drive,2,2390,6,277.0,4530,19.4,25.4
8492,2011,Europe,Diesel,All-wheel drive,3,2630,7,277.0,4720,18.9,29.3
8493,1982,Asia,Gasoline,Front-wheel drive,3,2350,6,,4390,19.2,27.7
8494,1977,Europe,Gasoline,Front-wheel drive,3,2100,6,203.0,4120,18.2,29.1
8495,1993,USA,Gasoline,Front-wheel drive,2,2440,7,283.0,4560,19.0,26.1
8496,2012,Europe,Gasoline,All-wheel drive,4,2060,6,237.0,4000,16.4,28.3
8497,2022,Asia,Gasoline,Front-wheel drive,4,2110,6,251.0,4180,16.5,31.7
8498,1997,USA,Gasoline,All-wheel drive,2,2390,7,268.0,4540,20.5,28.1
8499,2016,Asia,Gasoline,Front-wheel drive,4,2390,6,275.0,4290,17.3,32.1
8500,2019,Asia,Gasoline,Front-wheel drive,5,1850,5,198.0,3970,17.5,34.9
8501,2017,Europe,Diesel,All-wheel drive,3,2670,7,332.0,4770,18.8,31.4
8502,1984,Europe,Gasoline,Front-wheel drive,4,2190,6,240.0,3970,17.3,29.2
8503,1975,Europe,Gasoline,Front-wheel drive,4,2190,6,,4030,17.4,26.2
8504,1998,USA,Gasoline,Front-wheel drive,4,2540,7,288.0,4420,18.2,26.2
8505,2003,USA,Gasoline,Rear-wheel drive,5,2590,7,283.0,4400,19.5,24.6
8506,1980,USA,Gasoline,Rear-wheel drive,2,2230,6,,4440,17.2,25.4
8507,2020,USA,Hybrid,All-wheel drive,4,2260,6,242.0,4400,18.9,33.4
8508,2008,Europe,Gasoline,All-wheel drive,3,2150,5,226.0,4300,19.5,27.6
8509,1979,USA,Gasoline,Front-wheel drive,3,1970,5,,3980,21.6,26.6
8510,1991,USA,Gasoline,Front-wheel drive,3,2110,6,238.0,3960,19.6,28.9
8511,2024,USA,Gasoline,Front-wheel drive,3,2190,6,272.0,4200,17.0,30.5
8512,2011,USA,Gasoline,Rear-wheel drive,4,2580,7,288.0,4660,16.5,24.6
8513,1988,USA,Diesel,Front-wheel drive,4,2300,6,282.0,4400,20.0,30.1
8514,2009,Europe,Gasoline,Front-wheel drive,3,2010,6,224.0,3980,17.7,33.9
8515,2007,USA,Diesel,Front-wheel drive,3,2000,6,252.0,3930,18.7,31.0
8516,2001,Europe,Hybrid,Rear-wheel drive,4,2160,6,,4010,18.7,37.5
8517,1983,USA,Gasoline,Rear-wheel drive,3,2550,6,,4330,17.3,28.2
8518,2001,Asia,Gasoline,All-wheel drive,4,2420,6,265.0,4490,19.7,30.0
8519,2013,Europe,Gasoline,Rear-wheel drive,5,2370,6,254.0,4500,20.2,31.5
8520,1992,USA,Gasoline,Front-wheel drive,4,2120,6,254.0,4160,21.6,31.8
8521,1998,USA,Diesel,Rear-wheel drive,3,2460,6,263.0,4430,19.1,29.6
8522,1977,Asia,Hybrid,Front-wheel drive,3,2630,7,304.0,4350,19.5,30.9
8523,1995,Europe,Diesel,Rear-wheel drive,5,2260,6,258.0,4380,17.1,32.3
8524,2000,Asia,Hybrid,Front-wheel drive,2,2100,6,258.0,4180,17.9,33.2
8525,1976,USA,Diesel,All-wheel drive,3,2150,6,241.0,4320,19.2,27.9
8526,1979,Asia,Gasoline,Rear-wheel drive,5,2360,6,245.0,4450,19.4,26.6
8527,2021,USA,Gasoline,Front-wheel drive,4,2400,6,263.0,4380,20.1,30.6
8528,1991,Asia,Gasoline,Rear-wheel drive,5,2270,6,240.0,4660,18.7,28.5
8529,1977,Europe,Gasoline,Front-wheel drive,4,1910,6,199.0,3710,19.2,29.3
8530,2006,Europe,Gasoline,Front-wheel drive,5,2420,7,273.0,4330,19.0,28.4
8531,2009,USA,Gasoline,Rear-wheel drive,2,2090,6,252.0,4200,19.4,29.6
8532,2020,Europe,Diesel,Front-wheel drive,3,2240,6,261.0,4040,19.6,36.3
8533,2003,USA,Diesel,All-wheel drive,3,1900,6,244.0,4150,19.0,27.1
8534,2015,Europe,Gasoline,Rear-wheel drive,3,2530,7,273.0,4620,20.5,29.7
8535,1990,Asia,Diesel,All-wheel drive,4,2480,7,274.0,4320,17.9,27.8
8536,1979,Europe,Diesel,Front-wheel drive,3,2450,7,291.0,4330,20.2,29.5
8537,1993,Europe,Gasoline,All-wheel drive,3,2430,6,250.0,4400,17.5,28.9
8538,1998,Europe,Gasoline,Front-wheel drive,5,2180,6,235.0,4150,19.4,29.8
8539,2019,USA,Gasoline,Front-wheel drive,4,1970,5,234.0,3880,17.9,32.3
8540,1979,Europe,Diesel,All-wheel drive,3,2110,6,249.0,4380,,28.5
8541,2016,Asia,Gasoline,Front-wheel drive,3,2280,6,243.0,4290,19.6,26.5
8542,1995,USA,Gasoline,Rear-wheel drive,5,2570,7,292.0,4970,20.1,24.0
8543,1977,Asia,Diesel,Front-wheel drive,2,2040,5,256.0,4060,18.7,28.7
8544,1985,Europe,Gasoline,Front-wheel drive,3,1980,6,231.0,3840,18.1,27.8
8545,1986,USA,Gasoline,Front-wheel drive,3,2170,6,267.0,4030,18.2,24.8
8546,1988,USA,Gasoline,All-wheel drive,4,2360,6,283.0,4660,18.8,27.5
8547,1979,Asia,Diesel,Rear-wheel drive,4,2290,6,,4190,20.9,28.8
8548,2000,Asia,Gasoline,Front-wheel drive,3,2100,6,234.0,3880,19.6,30.5
8549,1986,Europe,Diesel,Front-wheel drive,4,2390,6,258.0,4410,19.7,28.6
8550,1991,Europe,Gasoline,Front-wheel drive,3,2330,6,271.0,4130,19.4,29.5
8551,2008,USA,Gasoline,Rear-wheel drive,4,2450,6,272.0,4490,18.2,27.8
8552,2017,USA,Gasoline,Front-wheel drive,4,2300,6,253.0,4050,15.9,32.9
8553,2020,Europe,Gasoline,Front-wheel drive,2,2420,7,251.0,4100,17.2,33.7
8554,2012,USA,Diesel,Rear-wheel drive,4,2270,6,270.0,4580,17.9,27.5
8555,2001,Europe,Hybrid,All-wheel drive,4,2140,6,251.0,4390,20.2,32.3
8556,2001,Europe,Diesel,Front-wheel drive,2,2390,6,262.0,4010,,32.1
8557,1999,USA,Gasoline,Front-wheel drive,4,2190,6,246.0,4160,18.6,29.6
8558,2005,USA,Diesel,Front-wheel drive,3,2410,6,270.0,4390,18.6,32.4
8559,2021,USA,Hybrid,Front-wheel drive,5,2230,6,233.0,4340,20.0,37.0
8560,1995,Asia,Diesel,Front-wheel drive,3,2230,6,238.0,4300,19.4,28.9
8561,1982,Asia,Hybrid,Rear-wheel drive,4,2480,6,,4380,19.9,28.3
8562,1999,Europe,Gasoline,All-wheel drive,4,1930,5,212.0,3890,18.6,32.4
8563,1985,Europe,Gasoline,Front-wheel drive,3,2030,6,212.0,4050,19.6,27.5
8564,1995,Asia,Hybrid,Front-wheel drive,2,2240,5,238.0,4100,18.7,34.9
8565,2007,USA,Gasoline,Front-wheel drive,4,2430,7,279.0,4270,18.7,27.0
8566,2007,USA,Diesel,Front-wheel drive,4,2080,5,244.0,4020,19.1,31.6
8567,2004,Europe,Gasoline,Front-wheel drive,4,2100,6,236.0,3720,19.8,33.9
8568,2006,USA,Gasoline,Rear-wheel drive,3,2260,6,251.0,4360,20.6,28.4
8569,2005,Asia,Gasoline,Front-wheel drive,5,2540,7,272.0,4660,17.2,30.2
8570,1991,USA,Diesel,Rear-wheel drive,4,2270,6,253.0,4220,20.4,29.2
8571,1999,USA,Gasoline,Rear-wheel drive,3,2430,7,269.0,4320,18.4,25.7
8572,1989,USA,Gasoline,Front-wheel drive,2,2610,7,289.0,4540,18.7,27.6
8573,2003,Asia,Gasoline,Front-wheel drive,2,2330,7,253.0,4550,18.3,31.6
8574,2019,Asia,Gasoline,Front-wheel drive,4,1910,6,220.0,3820,19.8,34.3
8575,1984,Asia,Gasoline,All-wheel drive,4,2540,7,,4900,20.5,23.0
8576,1996,Asia,Hybrid,Front-wheel drive,4,1950,5,199.0,4050,19.2,36.0
8577,1977,USA,Hybrid,Front-wheel drive,5,2360,6,283.0,4270,20.4,28.7
8578,2001,USA,Gasoline,All-wheel drive,4,2340,6,284.0,4600,19.0,26.3
8579,2012,Asia,Gasoline,Rear-wheel drive,5,2170,6,235.0,4130,20.9,31.9
8580,2014,Asia,Gasoline,Rear-wheel drive,2,2300,6,252.0,4400,18.7,31.5
8581,1992,Asia,Gasoline,Front-wheel drive,3,2350,6,249.0,4180,17.3,29.2
8582,2022,USA,Gasoline,Front-wheel drive,3,2090,6,233.0,4370,17.9,32.8
8583,1979,Asia,Gasoline,Front-wheel drive,3,2330,6,259.0,4330,19.4,27.1
8584,1984,Asia,Gasoline,Front-wheel drive,3,2350,7,,4240,18.2,25.9
8585,1991,Asia,Diesel,Rear-wheel drive,5,2120,6,256.0,4100,20.6,30.4
8586,1980,USA,Diesel,Rear-wheel drive,4,2070,6,259.0,4250,18.1,30.9
8587,2008,Asia,Diesel,All-wheel drive,5,2300,6,273.0,4750,20.2,32.5
8588,2019,Asia,Gasoline,Front-wheel drive,4,2350,7,250.0,4350,19.5,29.4
8589,1983,Asia,Hybrid,Front-wheel drive,3,2180,6,218.0,4250,19.4,30.0
8590,2014,USA,Gasoline,Front-wheel drive,2,2200,6,274.0,4110,18.3,32.4
8591,2023,USA,Diesel,Front-wheel drive,4,2570,7,297.0,4650,18.5,32.0
8592,1987,Asia,Gasoline,All-wheel drive,2,2450,7,283.0,4580,19.9,26.2
8593,2019,Asia,Gasoline,Front-wheel drive,2,1990,6,215.0,3830,18.1,36.0
8594,1980,Asia,Hybrid,All-wheel drive,4,2380,6,266.0,4570,20.1,32.5
8595,2009,Asia,Hybrid,Front-wheel drive,5,2150,6,244.0,4310,20.1,33.5
8596,2003,Asia,Gasoline,Front-wheel drive,3,2290,6,261.0,4130,18.1,28.6
8597,1976,Asia,Diesel,All-wheel drive,5,2440,6,263.0,4650,20.4,27.5
8598,2015,Europe,Gasoline,Rear-wheel drive,4,2460,6,273.0,4450,,29.7
8599,2007,Asia,Hybrid,Front-wheel drive,4,1830,5,208.0,3830,18.4,37.8
8600,2022,Asia,Gasoline,Front-wheel drive,4,1910,5,216.0,3930,20.5,34.4
8601,1987,Europe,Gasoline,Front-wheel drive,3,2220,6,241.0,4040,20.3,28.1
8602,2021,USA,Gasoline,All-wheel drive,3,2170,6,239.0,4570,19.6,30.6
8603,2022,Asia,Diesel,Front-wheel drive,3,2070,5,216.0,3920,18.7,36.2
8604,2004,Asia,Hybrid,Front-wheel drive,4,2560,7,276.0,4450,18.4,36.4
8605,2008,Europe,Hybrid,Front-wheel drive,3,2370,7,274.0,4020,17.7,34.1
8606,2004,USA,Gasoline,Front-wheel drive,2,2130,6,219.0,4030,18.5,30.7
8607,1987,Europe,Gasoline,Front-wheel drive,5,2130,6,231.0,3840,17.7,31.3
8608,2004,USA,Gasoline,Front-wheel drive,2,1820,5,198.0,3770,18.3,34.2
8609,2013,USA,Hybrid,Front-wheel drive,4,2150,6,223.0,4090,20.5,36.1
8610,1997,Europe,Diesel,All-wheel drive,4,2400,7,264.0,4760,20.0,28.9
8611,1988,USA,Gasoline,Rear-wheel drive,3,2210,7,271.0,4230,18.4,28.0
8612,2003,Europe,Gasoline,Rear-wheel drive,3,1930,5,210.0,3780,20.8,30.0
8613,1995,USA,Gasoline,Front-wheel drive,4,2680,7,309.0,4690,21.5,25.9
8614,2007,Europe,Gasoline,Rear-wheel drive,2,2010,6,228.0,3720,17.7,27.2
8615,1991,Europe,Gasoline,All-wheel drive,2,2220,6,221.0,4250,18.9,26.8
8616,1990,USA,Diesel,All-wheel drive,3,2380,6,266.0,4660,17.5,30.3
8617,2005,Europe,Gasoline,Front-wheel drive,3,2120,6,251.0,3910,,32.0
8618,1991,Asia,Gasoline,Rear-wheel drive,3,2470,6,256.0,4390,16.5,27.1
8619,2021,Asia,Hybrid,Front-wheel drive,5,2570,7,296.0,4580,17.0,32.7
8620,1998,Asia,Gasoline,All-wheel drive,5,2220,5,243.0,4420,20.8,26.8
8621,2003,Asia,Gasoline,Front-wheel drive,4,2140,5,248.0,4180,18.8,30.0
8622,2020,USA,Gasoline,Rear-wheel drive,3,2160,6,239.0,4330,20.8,26.9
8623,2009,Europe,Gasoline,Rear-wheel drive,2,2200,5,247.0,4340,22.1,30.2
8624,2003,USA,Gasoline,Rear-wheel drive,3,1970,5,237.0,4210,21.2,28.5
8625,2004,Asia,Diesel,All-wheel drive,3,2110,6,252.0,4220,17.4,31.9
8626,2022,Asia,Gasoline,Front-wheel drive,3,2000,6,246.0,4270,20.1,32.4
8627,2018,Asia,Hybrid,Rear-wheel drive,5,1950,6,217.0,4330,16.6,37.1
8628,1995,Asia,Diesel,Front-wheel drive,5,2150,6,248.0,3930,18.3,33.6
8629,1979,USA,Diesel,Front-wheel drive,3,1980,5,224.0,3740,19.9,31.4
8630,2021,Europe,Gasoline,All-wheel drive,2,2210,6,248.0,4310,19.4,32.3
8631,2009,USA,Hybrid,Rear-wheel drive,2,2300,6,254.0,4310,20.5,33.3
8632,1981,USA,Gasoline,Front-wheel drive,4,2240,6,259.0,4340,19.6,25.8
8633,1990,Asia,Gasoline,All-wheel drive,3,2620,6,257.0,4560,17.6,27.3
8634,2017,Europe,Gasoline,All-wheel drive,4,2270,6,236.0,4500,19.5,31.2
8635,2002,Asia,Gasoline,Front-wheel drive,2,1980,5,212.0,3730,18.4,32.1
8636,1986,Asia,Diesel,Rear-wheel drive,3,2450,7,269.0,4370,19.6,28.1
8637,2024,Asia,Gasoline,All-wheel drive,3,2460,7,280.0,4730,18.4,32.8
8638,2003,Europe,Gasoline,Front-wheel drive,2,1920,5,219.0,3490,19.6,32.9
8639,1994,Europe,Diesel,All-wheel drive,5,2380,6,271.0,4330,17.0,28.8
8640,1994,Asia,Gasoline,Front-wheel drive,4,2170,6,234.0,4210,18.8,30.2
8641,1991,USA,Gasoline,Front-wheel drive,5,2190,6,240.0,4090,19.1,29.7
8642,2002,Asia,Hybrid,Rear-wheel drive,3,2220,5,232.0,4030,16.9,36.5
8643,1980,USA,Gasoline,Rear-wheel drive,4,2780,7,307.0,4940,19.4,24.4
8644,1983,USA,Gasoline,Front-wheel drive,2,2220,5,227.0,3920,18.3,29.6
8645,1991,USA,Gasoline,Front-wheel drive,4,2420,6,280.0,4360,20.6,26.5
8646,1994,Europe,Gasoline,Front-wheel drive,3,2220,6,249.0,3820,20.2,33.8
8647,1995,USA,Gasoline,Rear-wheel drive,3,2460,7,279.0,4540,17.8,28.1
8648,2022,Europe,Gasoline,Rear-wheel drive,5,2270,6,250.0,4280,18.7,30.0
8649,2011,USA,Gasoline,Front-wheel drive,4,2050,5,224.0,3990,20.2,30.7
8650,2005,Asia,Gasoline,Front-wheel drive,3,2410,6,256.0,4260,20.1,32.2
8651,1995,USA,Gasoline,Rear-wheel drive,3,2100,6,222.0,4120,21.3,27.9
8652,1984,Europe,Gasoline,All-wheel drive,3,2160,6,247.0,4250,,29.7
8653,1977,USA,Gasoline,Front-wheel drive,3,2170,6,,4200,21.4,32.0
8654,1978,Europe,Gasoline,Front-wheel drive,2,2390,7,269.0,4320,19.5,24.4
8655,1986,USA,Gasoline,Rear-wheel drive,2,2340,6,255.0,4300,18.1,28.4
8656,1982,Asia,Gasoline,Rear-wheel drive,4,2420,6,,4580,18.0,27.2
8657,1997,Asia,Gasoline,Front-wheel drive,5,2090,6,222.0,3830,19.6,33.7
8658,1983,Europe,Gasoline,Front-wheel drive,3,2330,6,,4500,19.9,26.4
8659,2005,Europe,Gasoline,Front-wheel drive,3,2870,7,282.0,4780,21.1,25.9
8660,1997,Europe,Gasoline,Rear-wheel drive,2,2360,6,256.0,4530,,24.7
8661,1990,Europe,Diesel,All-wheel drive,3,2240,6,244.0,4370,20.0,31.9
8662,2006,Europe,Gasoline,Front-wheel drive,2,2280,6,233.0,4080,16.4,30.2
8663,2007,USA,Diesel,Front-wheel drive,4,2170,5,259.0,4340,19.5,32.5
8664,1984,USA,Gasoline,Front-wheel drive,3,2080,5,249.0,3990,19.6,30.2
8665,1993,Asia,Gasoline,Front-wheel drive,5,2410,7,251.0,4580,18.9,30.0
8666,2021,USA,Gasoline,Front-wheel drive,4,2080,6,245.0,4410,19.0,31.2
8667,2014,Asia,Gasoline,Front-wheel drive,4,2150,6,233.0,4250,19.2,34.7
8668,1976,USA,Diesel,Front-wheel drive,2,2300,6,276.0,4110,18.5,27.2
8669,2018,USA,Gasoline,All-wheel drive,5,2610,7,311.0,4650,18.5,27.5
8670,1985,Asia,Gasoline,Front-wheel drive,2,2520,7,277.0,4480,20.9,29.7
8671,2016,Europe,Gasoline,Rear-wheel drive,4,2110,6,258.0,4220,19.0,33.2
8672,1992,Asia,Gasoline,All-wheel drive,2,2090,6,234.0,4240,18.1,28.4
8673,2022,Asia,Hybrid,Front-wheel drive,5,2040,5,230.0,4120,18.8,37.9
8674,2024,USA,Gasoline,Front-wheel drive,3,2320,6,258.0,4150,17.7,28.5
8675,1998,USA,Diesel,Front-wheel drive,3,2410,6,286.0,4270,17.7,30.9
8676,1984,Asia,Gasoline,Front-wheel drive,3,2000,6,228.0,3580,20.5,30.2
8677,1978,USA,Gasoline,Front-wheel drive,4,2390,6,,4220,20.3,28.0
8678,1977,Europe,Gasoline,Front-wheel drive,3,2250,6,,4060,,29.9
8679,2014,USA,Gasoline,Front-wheel drive,4,2720,7,313.0,4400,19.0,30.5
8680,1991,USA,Gasoline,Front-wheel drive,2,2440,6,277.0,4340,18.7,28.9
8681,1977,USA,Gasoline,Front-wheel drive,3,2200,6,,3920,17.8,26.0
8682,1994,USA,Hybrid,Rear-wheel drive,3,2450,6,272.0,4510,16.1,27.6
8683,1981,Europe,Gasoline,Rear-wheel drive,5,2370,6,,4590,19.6,26.5
8684,2010,USA,Gasoline,Front-wheel drive,3,2510,6,288.0,4480,16.2,28.8
8685,1980,Asia,Diesel,Front-wheel drive,2,2070,6,276.0,3960,18.2,34.4
8686,1976,USA,Diesel,Front-wheel drive,3,2240,6,261.0,4080,18.7,30.5
8687,2006,Asia,Gasoline,Front-wheel drive,4,2350,7,273.0,4510,20.0,29.7
8688,1979,Europe,Diesel,Front-wheel drive,3,2290,7,256.0,4310,19.3,32.5
8689,1992,Asia,Gasoline,Front-wheel drive,4,2260,6,230.0,4120,21.8,31.8
8690,1986,Europe,Gasoline,Front-wheel drive,3,2450,6,246.0,4470,18.0,25.8
8691,2020,Europe,Gasoline,Front-wheel drive,3,2300,7,275.0,3970,17.5,31.5
8692,1988,Europe,Hybrid,All-wheel drive,5,2250,6,258.0,4410,18.9,30.9
8693,1995,Asia,Gasoline,Front-wheel drive,4,2720,7,280.0,4680,19.1,27.5
8694,2000,Europe,Gasoline,Front-wheel drive,4,2180,6,226.0,3960,21.0,30.8
8695,1985,Europe,Diesel,All-wheel drive,3,1880,5,219.0,4150,19.6,29.5
8696,2012,Asia,Gasoline,Front-wheel drive,5,2070,6,232.0,4060,18.1,32.1
8697,2002,USA,Gasoline,Rear-wheel drive,4,2490,7,278.0,4980,19.9,27.4
8698,2008,Europe,Gasoline,Front-wheel drive,4,2030,6,228.0,4110,20.4,34.2
8699,2002,Asia,Gasoline,Front-wheel drive,5,2470,6,265.0,4270,17.7,30.1
8700,1982,USA,Hybrid,Front-wheel drive,4,2240,6,265.0,4280,18.5,31.2
8701,2006,Europe,Gasoline,Front-wheel drive,4,2510,6,246.0,4470,21.0,28.4
8702,1984,Europe,Diesel,Front-wheel drive,3,2520,7,284.0,4400,20.5,27.7
8703,1998,USA,Gasoline,Front-wheel drive,4,2960,7,326.0,4910,18.8,26.3
8704,1995,Europe,Gasoline,Front-wheel drive,2,2420,7,263.0,4470,,31.0
8705,1986,Europe,Diesel,Front-wheel drive,5,2350,6,267.0,4350,20.5,33.5
8706,2024,USA,Gasoline,Front-wheel drive,4,2420,6,268.0,4260,18.8,35.0
8707,2001,Europe,Gasoline,Front-wheel drive,2,2250,6,259.0,3970,16.3,32.2
8708,1991,Europe,Gasoline,Front-wheel drive,3,2440,6,267.0,4120,18.3,26.6
8709,2018,Europe,Gasoline,All-wheel drive,3,1960,6,201.0,4000,17.2,34.1
8710,2020,USA,Hybrid,Front-wheel drive,3,2200,6,240.0,4210,16.8,35.0
8711,2023,Europe,Gasoline,Rear-wheel drive,3,2410,7,261.0,4570,19.7,28.8
8712,1991,Europe,Gasoline,Front-wheel drive,5,2310,6,248.0,4190,19.6,29.6
8713,1998,Europe,Gasoline,Front-wheel drive,3,2250,5,241.0,4100,17.4,32.5
8714,2024,Europe,Gasoline,Rear-wheel drive,2,2090,6,249.0,4150,19.2,30.9
8715,1996,Europe,Gasoline,Front-wheel drive,2,2130,6,212.0,3720,19.4,33.6
8716,2005,USA,Gasoline,Front-wheel drive,3,2420,6,274.0,4020,18.2,28.6
8717,2004,Europe,Gasoline,Rear-wheel drive,4,2370,6,239.0,4160,18.7,30.0
8718,2004,Europe,Gasoline,All-wheel drive,3,2260,6,269.0,4200,17.3,27.0
8719,1993,Europe,Gasoline,Rear-wheel drive,4,2150,6,225.0,4370,19.5,29.3
8720,2015,Asia,Gasoline,Front-wheel drive,4,1840,5,219.0,3560,16.5,34.6
8721,2002,Asia,Hybrid,Front-wheel drive,3,2400,6,260.0,4290,16.9,34.5
8722,2005,Europe,Gasoline,Front-wheel drive,5,2610,7,280.0,4360,18.2,27.0
8723,2013,Europe,Gasoline,Rear-wheel drive,2,1790,5,178.0,3780,17.2,32.2
8724,1984,USA,Gasoline,Front-wheel drive,4,2480,6,,4340,18.0,24.2
8725,2011,Europe,Gasoline,Front-wheel drive,3,2160,6,238.0,4290,20.2,30.7
8726,2014,Asia,Hybrid,All-wheel drive,2,2390,6,253.0,4280,19.1,36.1
8727,1999,USA,Hybrid,Rear-wheel drive,5,2610,6,281.0,4910,17.7,28.0
8728,1988,Europe,Gasoline,Front-wheel drive,5,2020,6,223.0,4260,,26.1
8729,2020,Europe,Gasoline,Rear-wheel drive,4,2280,6,261.0,4210,18.5,30.4
8730,1990,USA,Gasoline,Rear-wheel drive,2,2370,6,257.0,4530,20.0,29.0
8731,2004,USA,Gasoline,All-wheel drive,5,2250,5,247.0,4200,18.4,29.0
8732,2005,USA,Hybrid,All-wheel drive,4,2320,6,266.0,4770,20.1,33.0
8733,2003,Asia,Gasoline,Rear-wheel drive,3,2280,6,242.0,4330,18.7,31.3
8734,2001,Asia,Hybrid,All-wheel drive,4,2010,6,233.0,4300,20.2,33.5
8735,2012,Asia,Gasoline,Front-wheel drive,4,2230,6,248.0,4020,16.6,32.0
8736,2002,Asia,Diesel,Rear-wheel drive,4,2040,6,254.0,4030,17.9,31.9
8737,2009,USA,Gasoline,Front-wheel drive,4,2020,5,224.0,4270,20.7,30.4
8738,1994,Asia,Gasoline,All-wheel drive,4,1810,5,207.0,3900,19.0,31.4
8739,2010,Europe,Hybrid,All-wheel drive,5,2260,6,234.0,4220,16.3,35.5
8740,1996,Europe,Diesel,All-wheel drive,5,2410,6,276.0,4470,19.5,29.8
8741,1976,Asia,Gasoline,All-wheel drive,5,2350,6,246.0,4370,20.4,26.4
8742,2002,USA,Gasoline,Rear-wheel drive,2,2370,6,245.0,4370,21.3,30.3
8743,2020,Asia,Gasoline,Front-wheel drive,4,2130,6,238.0,4070,16.6,33.7
8744,1983,USA,Diesel,All-wheel drive,4,2400,6,262.0,4610,19.3,24.9
8745,1996,Asia,Gasoline,Front-wheel drive,4,2220,6,240.0,4060,18.5,28.5
8746,2009,USA,Hybrid,All-wheel drive,4,2290,6,255.0,4600,19.7,32.7
8747,2017,Asia,Hybrid,Front-wheel drive,5,2480,6,258.0,4310,19.0,36.3
8748,2021,Europe,Gasoline,Rear-wheel drive,4,2350,7,258.0,4340,17.7,33.7
8749,2007,USA,Gasoline,Front-wheel drive,3,2210,6,252.0,4140,17.6,29.9
8750,2005,USA,Gasoline,Rear-wheel drive,4,2390,7,273.0,4630,20.0,27.0
8751,1997,USA,Gasoline,Front-wheel drive,4,2150,6,250.0,4180,19.6,27.3
8752,1984,Asia,Gasoline,All-wheel drive,2,2350,6,251.0,4110,18.8,25.4
8753,2009,Asia,Gasoline,Rear-wheel drive,4,2560,6,282.0,4670,19.4,26.5
8754,1998,USA,Gasoline,Front-wheel drive,4,2330,7,287.0,4320,16.4,27.9
8755,2020,USA,Hybrid,Front-wheel drive,2,2380,7,271.0,4410,17.1,36.0
8756,2022,USA,Hybrid,Front-wheel drive,3,2240,6,260.0,4280,18.7,34.9
8757,1977,USA,Diesel,Front-wheel drive,5,2240,6,270.0,4270,19.0,29.4
8758,2000,Asia,Gasoline,Front-wheel drive,2,2450,6,260.0,4240,18.7,29.5
8759,1993,Asia,Gasoline,Rear-wheel drive,2,2380,6,244.0,4390,19.0,24.8
8760,2020,USA,Gasoline,Front-wheel drive,2,2230,6,251.0,4320,18.6,29.7
8761,1985,Asia,Gasoline,Rear-wheel drive,3,2430,7,268.0,4320,20.3,27.4
8762,2020,USA,Diesel,Rear-wheel drive,4,2270,6,264.0,4480,19.9,34.3
8763,1982,Europe,Hybrid,Front-wheel drive,4,2370,6,,4430,18.6,30.9
8764,1993,Asia,Diesel,All-wheel drive,3,2850,7,332.0,4650,18.9,28.2
8765,2010,Europe,Gasoline,Front-wheel drive,5,2540,7,273.0,4410,20.5,28.7
8766,2011,Asia,Gasoline,Rear-wheel drive,4,2250,6,254.0,4290,21.1,31.1
8767,1998,Europe,Gasoline,Rear-wheel drive,3,1840,6,215.0,3780,18.2,32.7
8768,1983,Europe,Gasoline,Front-wheel drive,2,2340,6,,4130,19.6,31.1
8769,2006,Asia,Diesel,All-wheel drive,5,2410,7,271.0,4740,18.4,33.6
8770,1992,USA,Gasoline,Rear-wheel drive,5,2510,6,294.0,5000,21.6,24.2
8771,1983,Asia,Gasoline,Rear-wheel drive,3,2130,6,240.0,4140,17.8,26.6
8772,1990,Europe,Gasoline,Front-wheel drive,2,2080,6,228.0,3820,18.5,31.9
8773,1976,Europe,Diesel,Rear-wheel drive,4,2310,6,,4250,19.6,28.4
8774,2002,USA,Gasoline,Front-wheel drive,4,2110,6,252.0,4410,21.0,28.6
8775,2010,Europe,Gasoline,All-wheel drive,3,2540,7,274.0,4360,17.2,27.3
8776,1981,USA,Hybrid,Front-wheel drive,3,2160,6,243.0,4140,16.9,28.3
8777,2023,USA,Gasoline,Front-wheel drive,5,1900,6,223.0,4030,18.9,35.1
8778,1979,USA,Gasoline,Front-wheel drive,3,2360,6,271.0,4290,19.0,24.9
8779,2019,Europe,Gasoline,All-wheel drive,5,2370,6,257.0,4570,17.4,27.8
8780,1997,USA,Gasoline,Front-wheel drive,3,2360,6,253.0,4280,18.1,32.7
8781,1988,Europe,Gasoline,All-wheel drive,4,2070,5,236.0,4360,19.3,29.1
8782,1995,Europe,Gasoline,Front-wheel drive,4,2200,6,204.0,3870,,30.9
8783,2010,USA,Gasoline,Front-wheel drive,4,2090,6,224.0,4010,19.3,33.7
8784,1991,USA,Gasoline,Front-wheel drive,4,2040,5,252.0,3980,18.7,28.7
8785,1984,Asia,Gasoline,Front-wheel drive,4,2220,6,224.0,4230,20.2,29.7
8786,2006,Asia,Gasoline,All-wheel drive,4,2170,5,252.0,4390,17.3,32.9
8787,1986,Asia,Gasoline,Rear-wheel drive,5,2400,7,269.0,4590,16.8,28.6
8788,1976,USA,Gasoline,Front-wheel drive,2,2110,5,239.0,3950,16.1,28.6
8789,1984,USA,Gasoline,Front-wheel drive,4,2330,6,231.0,4110,19.2,27.0
8790,2009,USA,Hybrid,All-wheel drive,4,2400,6,268.0,4700,19.4,31.0
8791,1978,Europe,Diesel,All-wheel drive,5,2230,5,239.0,4580,21.2,26.9
8792,2008,Asia,Gasoline,Front-wheel drive,3,2130,6,243.0,3860,19.1,32.7
8793,1984,USA,Gasoline,All-wheel drive,5,2560,6,298.0,5020,19.4,21.4
8794,2003,Asia,Gasoline,Front-wheel drive,5,2370,7,253.0,4160,16.6,29.3
8795,1993,Asia,Diesel,All-wheel drive,3,2480,7,278.0,4480,18.8,30.1
8796,1996,Europe,Gasoline,Front-wheel drive,3,2310,6,289.0,4200,20.2,28.7
8797,1981,Europe,Gasoline,All-wheel drive,5,2530,7,282.0,4430,20.6,26.5
8798,1984,Asia,Diesel,Front-wheel drive,4,2260,6,254.0,3880,17.9,31.6
8799,2014,Asia,Gasoline,Front-wheel drive,4,2120,5,205.0,4230,18.5,32.6
8800,2015,Europe,Gasoline,Front-wheel drive,3,2120,6,252.0,3940,,34.8
8801,2017,Asia,Gasoline,Rear-wheel drive,4,2490,7,270.0,5060,19.5,28.1
8802,1983,USA,Hybrid,Front-wheel drive,4,2320,6,,4090,19.8,29.4
8803,1983,Europe,Gasoline,All-wheel drive,4,2670,7,304.0,4780,,27.9
8804,1995,Asia,Gasoline,Rear-wheel drive,4,2420,6,263.0,4590,19.9,27.0
8805,2002,USA,Gasoline,Rear-wheel drive,5,2470,7,277.0,4790,19.3,25.7
8806,1976,USA,Gasoline,Rear-wheel drive,2,2670,7,283.0,4710,19.9,22.8
8807,1989,Europe,Gasoline,Front-wheel drive,3,2320,6,233.0,4020,20.7,28.6
8808,1996,Asia,Gasoline,Front-wheel drive,4,2030,6,246.0,4010,19.2,31.6
8809,2017,Europe,Diesel,Front-wheel drive,3,2170,6,243.0,3930,19.4,35.9
8810,2022,USA,Gasoline,All-wheel drive,5,2380,6,,4570,20.1,28.8
8811,2010,USA,Gasoline,Front-wheel drive,3,1940,6,243.0,4230,18.8,31.5
8812,2018,Asia,Hybrid,All-wheel drive,3,2160,6,230.0,4350,19.2,33.1
8813,2002,USA,Gasoline,Rear-wheel drive,2,2370,7,281.0,4410,19.0,26.2
8814,2015,USA,Gasoline,All-wheel drive,5,1950,5,248.0,4270,17.4,32.0
8815,1989,USA,Diesel,Front-wheel drive,5,2280,6,268.0,4630,20.7,31.4
8816,1993,Europe,Gasoline,Front-wheel drive,4,2230,6,253.0,4360,17.6,30.1
8817,1979,USA,Gasoline,Front-wheel drive,4,2360,6,265.0,4270,20.3,29.1
8818,1981,USA,Gasoline,Rear-wheel drive,2,2250,6,,4300,20.2,24.7
8819,2022,USA,Gasoline,Rear-wheel drive,4,2140,7,,4380,18.5,29.8
8820,1985,Europe,Gasoline,Front-wheel drive,5,2260,6,226.0,4250,19.0,28.7
8821,1990,Asia,Gasoline,All-wheel drive,3,2150,6,235.0,4060,19.4,28.0
8822,2003,Europe,Diesel,Rear-wheel drive,3,2120,7,272.0,4100,15.9,32.7
8823,1994,USA,Gasoline,All-wheel drive,5,2410,6,267.0,4680,19.3,26.1
8824,1983,USA,Gasoline,Rear-wheel drive,5,2330,7,258.0,4520,18.2,26.7
8825,1977,Asia,Gasoline,Rear-wheel drive,4,2590,7,261.0,4390,19.6,28.0
8826,2003,USA,Gasoline,Front-wheel drive,5,2230,6,243.0,4330,18.4,28.1
8827,2015,Asia,Gasoline,Front-wheel drive,4,2140,6,236.0,4130,19.9,32.6
8828,1998,Asia,Gasoline,Rear-wheel drive,4,2170,6,246.0,4260,17.5,29.8
8829,2004,USA,Gasoline,Front-wheel drive,5,2150,6,273.0,4170,19.1,30.7
8830,2020,Asia,Gasoline,Rear-wheel drive,5,2260,6,240.0,4090,18.4,36.0
8831,1975,Europe,Hybrid,Rear-wheel drive,2,2310,6,,4240,17.4,34.8
8832,1990,Europe,Gasoline,Rear-wheel drive,4,2110,6,229.0,4360,19.6,29.2
8833,2023,Europe,Gasoline,Front-wheel drive,3,2300,6,242.0,4330,20.2,32.3
8834,1986,USA,Hybrid,Rear-wheel drive,2,2280,6,250.0,4340,19.1,34.3
8835,1991,Europe,Hybrid,Front-wheel drive,3,2500,7,245.0,4640,19.4,33.8
8836,2008,USA,Gasoline,Front-wheel drive,5,2290,6,253.0,4370,16.7,27.8
8837,1986,USA,Gasoline,Front-wheel drive,4,2140,6,248.0,4220,20.6,28.5
8838,1997,Europe,Hybrid,Front-wheel drive,3,1850,6,211.0,3510,18.8,36.3
8839,1990,Asia,Gasoline,Front-wheel drive,3,2060,6,220.0,4130,19.1,32.0
8840,2005,Asia,Diesel,Front-wheel drive,5,2250,6,246.0,4110,19.5,32.6
8841,1982,Europe,Gasoline,Front-wheel drive,5,2120,6,222.0,4270,,29.7
8842,1975,USA,Diesel,Front-wheel drive,4,2270,5,273.0,3820,17.7,28.0
8843,2007,Asia,Gasoline,All-wheel drive,2,2370,7,271.0,4270,19.0,26.7
8844,1993,Europe,Gasoline,All-wheel drive,3,2150,6,242.0,4300,18.4,30.0
8845,1982,Asia,Diesel,Front-wheel drive,3,2220,6,257.0,4040,18.3,27.7
8846,2013,USA,Gasoline,Front-wheel drive,3,2200,5,240.0,4130,18.8,33.8
8847,2014,Europe,Diesel,Front-wheel drive,4,2160,5,227.0,3800,17.1,35.5
8848,1992,USA,Diesel,All-wheel drive,3,2240,6,256.0,4380,18.7,29.8
8849,2012,USA,Diesel,Front-wheel drive,3,2450,6,299.0,3850,18.2,32.6
8850,1978,Asia,Gasoline,All-wheel drive,3,2380,6,,4560,18.9,25.2
8851,1979,USA,Gasoline,Rear-wheel drive,5,1940,5,234.0,4300,18.6,26.9
8852,1982,USA,Gasoline,Front-wheel drive,3,2310,5,269.0,4190,19.3,27.1
8853,2021,Asia,Gasoline,Front-wheel drive,4,2360,7,257.0,4510,19.4,33.1
8854,2013,Asia,Gasoline,All-wheel drive,3,2260,6,228.0,4170,19.6,30.0
8855,2008,Asia,Diesel,Front-wheel drive,3,2350,6,247.0,4050,18.1,34.4
8856,2023,Asia,Gasoline,Front-wheel drive,3,2220,5,235.0,4010,19.9,30.4
8857,1980,Asia,Diesel,All-wheel drive,5,2370,7,284.0,4430,18.0,28.5
8858,2008,USA,Hybrid,Rear-wheel drive,4,2060,6,229.0,4500,20.3,34.0
8859,1989,Asia,Gasoline,Rear-wheel drive,2,2220,6,246.0,4130,18.1,28.3
8860,1987,USA,Hybrid,Rear-wheel drive,4,2360,7,277.0,4830,18.4,28.6
8861,2006,Asia,Gasoline,Front-wheel drive,4,2030,6,226.0,3820,16.3,31.5
8862,1997,Asia,Gasoline,Front-wheel drive,2,2420,6,245.0,4460,19.3,26.4
8863,2001,Asia,Diesel,Front-wheel drive,4,2230,6,262.0,4260,19.8,28.9
8864,2008,USA,Gasoline,Rear-wheel drive,3,2360,6,269.0,4300,17.5,31.3
8865,1990,Asia,Diesel,Front-wheel drive,3,2180,6,,4010,17.7,34.6
8866,1978,USA,Hybrid,Front-wheel drive,4,2180,6,237.0,4360,18.2,29.4
8867,1998,Europe,Hybrid,Front-wheel drive,4,2330,6,259.0,4190,17.2,34.5
8868,1987,USA,Gasoline,Rear-wheel drive,3,2370,6,260.0,4650,19.4,24.1
8869,1981,USA,Gasoline,Front-wheel drive,5,2220,5,,4410,21.2,27.1
8870,1996,Europe,Gasoline,All-wheel drive,4,1910,5,207.0,4080,20.8,29.0
8871,1996,Asia,Gasoline,Front-wheel drive,3,2420,7,272.0,4330,18.0,29.0
8872,1976,Asia,Diesel,Front-wheel drive,3,2100,5,245.0,3620,16.6,30.7
8873,1996,Europe,Diesel,Rear-wheel drive,4,1890,5,219.0,3970,,35.2
8874,1986,USA,Gasoline,Front-wheel drive,4,2490,6,273.0,4320,17.9,25.6
8875,1980,Asia,Diesel,All-wheel drive,3,2220,6,,4220,19.9,27.3
8876,2022,Asia,Gasoline,Front-wheel drive,5,2210,6,243.0,4120,16.3,31.8
8877,2012,Europe,Gasoline,All-wheel drive,4,2440,6,254.0,4630,,29.7
8878,1987,Asia,Gasoline,Front-wheel drive,5,2490,7,267.0,4390,18.7,29.7
8879,2014,Europe,Gasoline,Front-wheel drive,3,2120,6,236.0,3920,16.0,33.0
8880,1996,Europe,Gasoline,Front-wheel drive,4,2170,5,222.0,4210,19.1,31.3
8881,2000,Asia,Gasoline,Front-wheel drive,4,2470,7,260.0,4590,18.8,29.9
8882,2023,Asia,Diesel,Rear-wheel drive,5,2370,6,261.0,4470,19.4,33.1
8883,1989,Asia,Gasoline,Rear-wheel drive,4,2310,6,255.0,4260,20.2,27.6
8884,2022,Europe,Diesel,Front-wheel drive,3,2090,5,246.0,3840,17.0,36.1
8885,1989,Europe,Gasoline,Rear-wheel drive,5,2280,6,248.0,4510,19.6,25.4
8886,1989,Europe,Hybrid,All-wheel drive,4,2420,6,254.0,4590,19.4,28.7
8887,2013,Asia,Gasoline,Rear-wheel drive,4,1940,6,234.0,3910,18.4,29.6
8888,2006,Europe,Diesel,All-wheel drive,4,2500,7,290.0,4830,20.1,29.1
8889,1977,Europe,Gasoline,Rear-wheel drive,5,2220,6,,4130,19.4,23.1
8890,2006,USA,Gasoline,Rear-wheel drive,3,2230,6,253.0,4310,17.8,27.4
8891,2013,Europe,Diesel,Front-wheel drive,4,2380,6,243.0,4080,17.9,31.3
8892,1995,USA,Diesel,Front-wheel drive,5,2230,5,262.0,4280,19.4,33.8
8893,2006,Asia,Gasoline,Front-wheel drive,3,2290,6,261.0,4060,18.9,29.4
8894,2004,USA,Gasoline,Front-wheel drive,5,2620,7,274.0,4630,18.0,27.4
8895,1999,Europe,Gasoline,Front-wheel drive,4,2210,6,244.0,4330,19.2,27.6
8896,1985,Europe,Diesel,Front-wheel drive,2,2280,6,268.0,4190,19.5,28.6
8897,1977,Asia,Diesel,Front-wheel drive,3,2190,5,250.0,3960,20.6,30.3
8898,1983,Europe,Gasoline,Front-wheel drive,3,2250,6,262.0,4230,17.8,30.4
8899,1999,Europe,Gasoline,Front-wheel drive,3,2280,7,252.0,4250,18.6,30.5
8900,1982,USA,Gasoline,Front-wheel drive,2,2180,6,,4210,19.6,28.0
8901,2010,Asia,Gasoline,Rear-wheel drive,3,2060,6,235.0,4120,18.2,29.8
8902,2008,USA,Gasoline,Front-wheel drive,4,2240,6,267.0,4140,18.2,31.3
8903,2002,Asia,Gasoline,Front-wheel drive,2,2180,6,232.0,4010,19.3,35.0
8904,1994,Asia,Gasoline,Front-wheel drive,3,2370,6,256.0,4490,19.2,30.1
8905,2013,USA,Gasoline,All-wheel drive,4,2030,5,240.0,4200,19.4,30.6
8906,2001,Asia,Gasoline,Front-wheel drive,2,2330,6,240.0,4120,18.7,32.1
8907,2019,Europe,Gasoline,Front-wheel drive,2,2290,6,224.0,4210,19.3,32.4
8908,1996,Europe,Diesel,Front-wheel drive,3,1920,5,213.0,3890,16.7,34.7
8909,1996,USA,Hybrid,Rear-wheel drive,3,2410,6,267.0,4720,18.2,31.6
8910,2009,USA,Gasoline,Rear-wheel drive,4,2070,6,242.0,4190,19.7,28.6
8911,1975,USA,Gasoline,Rear-wheel drive,4,2470,7,271.0,4440,21.2,21.3
8912,1982,USA,Gasoline,All-wheel drive,4,2280,6,270.0,4480,18.9,23.0
8913,1998,Europe,Gasoline,Rear-wheel drive,4,2260,6,257.0,4150,,29.8
8914,1995,USA,Gasoline,All-wheel drive,4,2120,6,234.0,4480,16.0,27.5
8915,1991,Asia,Diesel,Front-wheel drive,3,2290,6,243.0,4370,21.3,33.0
8916,1997,Europe,Gasoline,All-wheel drive,4,2350,6,253.0,4580,21.2,28.1
8917,2013,Asia,Gasoline,Rear-wheel drive,3,2540,7,281.0,4330,18.3,29.5
8918,2005,Asia,Gasoline,All-wheel drive,2,2290,6,255.0,4390,20.3,28.9
8919,2004,Asia,Gasoline,Front-wheel drive,4,2330,6,213.0,4290,20.6,31.5
8920,1995,USA,Gasoline,Rear-wheel drive,4,2250,6,261.0,4560,18.3,27.3
8921,2001,Europe,Gasoline,All-wheel drive,3,2500,6,263.0,4200,18.7,26.0
8922,1987,Asia,Gasoline,All-wheel drive,3,2580,7,266.0,4560,19.4,24.5
8923,2008,Europe,Gasoline,Front-wheel drive,4,2150,6,230.0,4110,17.5,30.0
8924,1996,USA,Gasoline,All-wheel drive,5,2170,6,241.0,4690,20.2,25.3
8925,2010,USA,Gasoline,Front-wheel drive,3,2220,6,269.0,4040,18.3,29.1
8926,1998,USA,Gasoline,Front-wheel drive,3,2080,5,223.0,4040,19.3,32.3
8927,2012,Europe,Gasoline,Rear-wheel drive,3,2390,6,274.0,4210,17.9,28.8
8928,2001,Asia,Gasoline,All-wheel drive,4,2140,6,244.0,4410,18.4,30.2
8929,2009,Europe,Gasoline,Front-wheel drive,2,2190,5,260.0,4050,17.6,34.4
8930,1985,Europe,Hybrid,Front-wheel drive,2,2320,7,266.0,4210,,33.3
8931,2003,Europe,Gasoline,Rear-wheel drive,4,2410,6,257.0,4490,18.3,27.1
8932,2018,Asia,Gasoline,Front-wheel drive,4,2300,6,283.0,4140,16.7,32.4
8933,2002,USA,Gasoline,Front-wheel drive,4,2350,6,274.0,4410,17.3,30.7
8934,2007,Europe,Gasoline,Front-wheel drive,3,2050,5,215.0,3900,18.9,34.3
8935,1984,Europe,Gasoline,Front-wheel drive,3,2100,5,,4250,17.6,30.6
8936,2007,Asia,Gasoline,Front-wheel drive,5,2160,5,251.0,4020,19.6,34.3
8937,2001,USA,Gasoline,All-wheel drive,4,2100,6,233.0,4470,20.2,30.7
8938,2015,Europe,Diesel,Rear-wheel drive,4,2420,6,288.0,4470,18.9,35.3
8939,1987,Europe,Diesel,Front-wheel drive,3,2020,5,,4050,20.0,33.5
8940,2010,USA,Diesel,Front-wheel drive,4,2050,5,230.0,3790,18.9,34.8
8941,2004,Asia,Gasoline,All-wheel drive,4,2320,6,259.0,4510,17.4,30.8
8942,2021,USA,Hybrid,All-wheel drive,3,2190,6,241.0,4470,17.4,34.8
8943,2009,USA,Gasoline,Front-wheel drive,2,2390,6,263.0,4410,18.6,32.7
8944,2018,Asia,Gasoline,Front-wheel drive,3,2400,7,259.0,4350,18.9,29.1
8945,1992,Asia,Gasoline,All-wheel drive,4,2320,6,244.0,4460,18.1,26.6
8946,2018,USA,Gasoline,Front-wheel drive,2,2210,6,236.0,4330,22.2,31.1
8947,1995,USA,Gasoline,Rear-wheel drive,4,2220,6,268.0,4380,19.2,26.3
8948,2007,USA,Hybrid,Front-wheel drive,4,2300,6,,4490,17.9,31.6
8949,1992,Asia,Diesel,All-wheel drive,2,2250,6,248.0,4100,20.7,30.0
8950,1983,USA,Diesel,Front-wheel drive,2,2090,6,257.0,4210,16.6,28.2
8951,2004,USA,Gasoline,Front-wheel drive,4,2250,6,260.0,4170,19.6,29.3
8952,1985,Europe,Hybrid,Front-wheel drive,3,2460,6,266.0,4590,19.8,31.1
8953,1998,USA,Gasoline,All-wheel drive,4,2010,6,242.0,4400,19.2,25.9
8954,2016,Europe,Gasoline,Front-wheel drive,5,1910,5,202.0,4000,19.0,33.2
8955,1994,USA,Diesel,Front-wheel drive,4,2610,7,300.0,4770,17.5,27.8
8956,2002,Europe,Hybrid,Rear-wheel drive,4,2180,5,238.0,4330,19.0,33.8
8957,1986,USA,Diesel,Front-wheel drive,2,1970,6,240.0,3980,18.4,29.6
8958,2004,USA,Gasoline,Rear-wheel drive,3,2530,7,287.0,4580,18.9,26.9
8959,2021,Europe,Diesel,Front-wheel drive,2,2210,6,243.0,3880,18.2,34.6
8960,1999,Europe,Gasoline,Front-wheel drive,4,2140,5,,4310,,30.8
8961,1987,USA,Gasoline,Front-wheel drive,3,2510,6,277.0,4090,18.2,26.2
8962,1977,Asia,Gasoline,Front-wheel drive,5,1950,5,209.0,3840,19.7,30.0
8963,1980,USA,Gasoline,All-wheel drive,3,2210,6,232.0,4250,20.6,23.4
8964,1989,USA,Diesel,Front-wheel drive,4,2220,6,259.0,4100,18.9,32.3
8965,2008,Europe,Diesel,Front-wheel drive,2,2090,6,254.0,4020,19.8,32.1
8966,2013,Europe,Diesel,Rear-wheel drive,3,2120,6,247.0,4230,21.1,35.6
8967,2016,USA,Hybrid,All-wheel drive,4,2190,6,272.0,4640,18.5,31.4
8968,1986,USA,Gasoline,Rear-wheel drive,4,2680,7,267.0,4630,19.2,25.4
8969,1998,Asia,Diesel,All-wheel drive,5,2350,6,275.0,4610,18.0,29.8
8970,1985,Asia,Gasoline,Front-wheel drive,5,2370,6,221.0,4440,20.8,27.4
8971,1986,Asia,Diesel,All-wheel drive,3,2470,6,279.0,4440,17.7,31.2
8972,1990,Asia,Gasoline,Front-wheel drive,5,2060,6,207.0,3820,17.5,28.7
8973,1987,USA,Gasoline,Front-wheel drive,3,2200,6,246.0,3950,17.8,28.5
8974,2003,USA,Hybrid,Rear-wheel drive,4,2320,6,267.0,4310,17.6,31.5
8975,1995,Europe,Hybrid,Rear-wheel drive,3,2080,6,242.0,3940,17.4,36.0
8976,2000,Europe,Gasoline,Front-wheel drive,3,2340,6,265.0,3970,18.3,30.5
8977,1989,USA,Gasoline,Rear-wheel drive,3,2410,7,286.0,4610,17.1,26.3
8978,1996,Europe,Gasoline,All-wheel drive,3,2390,6,265.0,4620,,28.3
8979,2002,USA,Hybrid,Front-wheel drive,5,2170,6,241.0,4470,18.5,30.9
8980,2011,USA,Gasoline,Rear-wheel drive,5,2320,6,281.0,4510,18.8,26.1
8981,2023,USA,Hybrid,Front-wheel drive,4,2690,7,324.0,4510,17.9,35.7
8982,1997,USA,Hybrid,Rear-wheel drive,3,2310,6,269.0,4620,19.0,31.9
8983,2017,Europe,Gasoline,Rear-wheel drive,2,2640,7,252.0,4320,18.3,28.9
8984,2005,Asia,Gasoline,Front-wheel drive,5,2280,6,246.0,4130,19.6,32.1
8985,1992,Asia,Gasoline,Front-wheel drive,5,2260,6,219.0,4110,18.6,31.8
8986,2012,Asia,Diesel,All-wheel drive,3,1980,5,232.0,3890,18.5,34.0
8987,2002,USA,Gasoline,All-wheel drive,3,2300,6,260.0,4380,19.4,28.8
8988,1979,USA,Gasoline,Rear-wheel drive,4,2260,6,239.0,4440,19.2,27.1
8989,2005,Europe,Gasoline,Rear-wheel drive,3,2500,6,253.0,4530,18.7,29.7
8990,1982,Asia,Gasoline,Rear-wheel drive,3,1970,6,226.0,4100,19.7,26.8
8991,1997,USA,Diesel,Front-wheel drive,4,2340,6,274.0,4210,16.6,34.0
8992,2019,Asia,Gasoline,Rear-wheel drive,4,2160,6,258.0,4140,17.4,31.3
8993,2013,USA,Gasoline,Rear-wheel drive,3,2150,5,236.0,4280,20.2,30.8
8994,2010,Asia,Gasoline,Front-wheel drive,4,2100,6,242.0,3780,20.9,33.5
8995,1977,Asia,Gasoline,Front-wheel drive,4,2110,5,,3830,18.8,29.1
8996,1988,Europe,Gasoline,Front-wheel drive,4,1910,5,202.0,4010,20.3,29.7
8997,2010,USA,Gasoline,Front-wheel drive,5,2060,5,251.0,4350,18.5,30.5
8998,1976,Asia,Gasoline,Front-wheel drive,2,2340,7,,4310,19.7,26.6
8999,2009,Europe,Diesel,Front-wheel drive,5,2140,6,279.0,4190,20.2,33.7
9000,1991,Asia,Hybrid,Front-wheel drive,4,2580,6,277.0,4650,18.1,30.3
9001,2022,Asia,Hybrid,Rear-wheel drive,2,2420,7,294.0,4200,19.3,35.9
9002,2010,USA,Gasoline,Rear-wheel drive,3,2110,5,248.0,4230,18.4,32.0
9003,2011,USA,Gasoline,Front-wheel drive,3,2060,5,238.0,3890,18.3,31.1
9004,1995,Asia,Gasoline,Front-wheel drive,4,2580,6,271.0,4560,20.1,29.1
9005,1993,Europe,Gasoline,Rear-wheel drive,2,2570,6,279.0,4370,,27.6
9006,2009,USA,Gasoline,Front-wheel drive,5,2100,5,224.0,4000,21.1,30.9
9007,2013,Asia,Hybrid,All-wheel drive,4,2100,5,238.0,4410,20.9,37.3
9008,2008,USA,Gasoline,Front-wheel drive,2,2290,6,274.0,4440,17.7,28.2
9009,2006,Asia,Gasoline,Front-wheel drive,3,2010,6,240.0,3760,17.5,31.6
9010,1996,USA,Diesel,Front-wheel drive,4,2340,6,261.0,4180,18.5,30.4
9011,2016,Europe,Gasoline,All-wheel drive,3,2170,6,232.0,4290,20.5,31.0
9012,1980,USA,Gasoline,Rear-wheel drive,3,2120,5,,4300,20.6,23.0
9013,1982,Europe,Gasoline,Front-wheel drive,5,2480,6,270.0,4250,,28.4
9014,2003,USA,Diesel,Front-wheel drive,4,2330,6,281.0,4250,18.0,29.0
9015,2000,Asia,Hybrid,Front-wheel drive,4,2260,6,246.0,4340,21.0,34.8
9016,2016,Asia,Gasoline,Front-wheel drive,4,1900,5,208.0,3680,18.9,37.0
9017,2000,USA,Gasoline,Rear-wheel drive,3,2020,6,234.0,4020,17.7,32.5
9018,2012,Asia,Gasoline,Rear-wheel drive,5,2050,6,246.0,3920,18.2,29.2
9019,1991,Europe,Gasoline,Front-wheel drive,4,2450,6,265.0,4310,19.5,29.6
9020,1997,USA,Gasoline,Front-wheel drive,4,2440,6,281.0,4660,21.8,26.3
9021,2018,USA,Gasoline,Rear-wheel drive,3,2140,6,244.0,4170,20.1,31.7
9022,2003,Europe,Gasoline,Rear-wheel drive,5,2210,6,252.0,4130,18.2,30.6
9023,1977,USA,Gasoline,Front-wheel drive,3,2260,6,,4030,19.3,27.8
9024,1978,USA,Gasoline,Front-wheel drive,2,2400,6,253.0,4190,18.2,28.0
9025,2017,USA,Gasoline,Front-wheel drive,5,2380,6,275.0,4520,18.9,31.2
9026,2015,USA,Gasoline,All-wheel drive,4,2320,6,266.0,4560,20.8,26.9
9027,1984,USA,Gasoline,Rear-wheel drive,5,2030,5,219.0,4520,20.1,27.1
9028,2001,USA,Gasoline,Front-wheel drive,5,2210,6,239.0,4300,19.2,27.2
9029,1981,USA,Gasoline,Front-wheel drive,3,2320,7,277.0,4420,20.4,26.3
9030,2004,Asia,Diesel,Rear-wheel drive,2,2130,6,245.0,4160,19.1,33.0
9031,2017,USA,Gasoline,Front-wheel drive,5,2410,6,255.0,4450,22.6,31.4
9032,1977,USA,Hybrid,All-wheel drive,4,2280,7,,4560,20.2,27.9
9033,1997,Europe,Gasoline,All-wheel drive,4,2550,6,256.0,4760,19.7,25.8
9034,2022,USA,Gasoline,All-wheel drive,4,2480,7,269.0,4530,18.3,29.9
9035,1996,USA,Hybrid,Rear-wheel drive,3,2260,6,257.0,4600,18.7,31.2
9036,1995,Asia,Diesel,Rear-wheel drive,4,2260,6,243.0,4260,17.4,26.9
9037,2016,Europe,Gasoline,All-wheel drive,4,2380,7,245.0,4420,18.5,31.7
9038,2014,Asia,Gasoline,Front-wheel drive,4,2520,6,264.0,4090,19.8,31.6
9039,1980,Asia,Gasoline,All-wheel drive,3,2510,7,280.0,4370,17.4,23.8
9040,2010,USA,Gasoline,Front-wheel drive,5,2600,7,286.0,4610,19.5,27.7
9041,2009,Asia,Gasoline,Front-wheel drive,3,2520,7,286.0,4450,18.1,30.6
9042,1997,Europe,Gasoline,Front-wheel drive,2,2110,5,239.0,4030,18.7,31.2
9043,1994,Asia,Gasoline,Rear-wheel drive,4,2340,6,256.0,4350,20.6,28.7
9044,2011,Asia,Gasoline,Front-wheel drive,3,2300,6,261.0,4390,20.9,31.3
9045,2019,USA,Gasoline,Front-wheel drive,5,2100,6,273.0,4670,19.8,29.9
9046,2008,Asia,Gasoline,Rear-wheel drive,4,2250,6,238.0,4440,17.6,29.2
9047,1995,Europe,Hybrid,Front-wheel drive,4,2080,5,236.0,4060,20.3,35.1
9048,2000,USA,Gasoline,All-wheel drive,5,1910,5,214.0,4270,18.2,29.0
9049,2014,USA,Gasoline,Front-wheel drive,3,2260,6,268.0,4320,18.1,27.7
9050,1994,USA,Gasoline,Front-wheel drive,5,2130,6,235.0,4310,17.2,26.7
9051,2016,USA,Gasoline,Rear-wheel drive,3,1780,5,244.0,3910,18.1,30.8
9052,1981,USA,Gasoline,Front-wheel drive,2,2140,7,265.0,4070,18.8,26.2
9053,1989,Asia,Gasoline,Front-wheel drive,5,2670,7,287.0,4540,19.1,24.3
9054,2018,USA,Gasoline,Rear-wheel drive,3,2330,6,290.0,4130,16.4,29.4
9055,1988,USA,Diesel,Front-wheel drive,5,2300,6,240.0,4340,19.8,29.5
9056,1987,USA,Gasoline,Front-wheel drive,3,2340,6,264.0,4040,19.4,29.7
9057,1990,Europe,Gasoline,Rear-wheel drive,4,2160,6,232.0,4200,19.3,28.3
9058,2001,USA,Gasoline,Front-wheel drive,3,2100,6,267.0,4110,17.3,29.0
9059,2021,USA,Diesel,Front-wheel drive,4,2340,6,286.0,4100,15.8,36.1
9060,2016,USA,Gasoline,Front-wheel drive,3,2030,6,249.0,4390,20.6,31.3
9061,2000,Asia,Diesel,Front-wheel drive,2,1910,5,232.0,3440,18.4,35.7
9062,1979,USA,Gasoline,Front-wheel drive,3,2020,6,,3900,20.1,28.9
9063,1978,Asia,Diesel,Rear-wheel drive,4,2310,6,244.0,4350,16.6,26.7
9064,2007,Asia,Hybrid,Front-wheel drive,4,2190,6,230.0,4080,19.8,35.1
9065,2003,Europe,Gasoline,Front-wheel drive,4,2400,6,240.0,4250,20.5,29.8
9066,1991,USA,Gasoline,All-wheel drive,3,2390,7,270.0,4460,18.7,29.0
9067,2016,USA,Gasoline,Front-wheel drive,3,2520,7,314.0,4710,20.1,29.5
9068,1982,Europe,Diesel,Front-wheel drive,5,2400,5,,4300,20.6,30.9
9069,2021,Europe,Gasoline,All-wheel drive,2,2340,6,263.0,4430,16.5,30.3
9070,1995,Asia,Gasoline,Front-wheel drive,4,2530,7,278.0,4440,18.4,29.9
9071,2023,USA,Gasoline,Front-wheel drive,4,2180,6,255.0,4040,19.3,31.4
9072,2014,Asia,Gasoline,Rear-wheel drive,4,2390,6,,4370,17.8,28.6
9073,1977,Asia,Hybrid,Front-wheel drive,2,2270,6,229.0,4280,20.9,30.8
9074,1997,Asia,Gasoline,Front-wheel drive,4,2480,6,256.0,4480,20.8,31.4
9075,1978,Europe,Hybrid,Rear-wheel drive,4,2430,6,,4450,21.1,30.8
9076,1984,Asia,Diesel,Front-wheel drive,4,2190,6,,4240,19.4,32.2
9077,1991,Asia,Gasoline,All-wheel drive,5,2250,6,269.0,4240,16.9,22.8
9078,1998,USA,Gasoline,Front-wheel drive,4,2310,6,261.0,4740,18.8,27.3
9079,1977,Asia,Gasoline,Front-wheel drive,2,2040,6,207.0,3780,19.0,32.0
9080,1981,USA,Gasoline,Rear-wheel drive,4,2130,5,253.0,4010,19.9,25.7
9081,1981,USA,Gasoline,Rear-wheel drive,3,2010,5,235.0,4130,20.8,25.6
9082,2019,USA,Gasoline,Front-wheel drive,2,2420,6,257.0,4460,18.7,30.8
9083,1985,Asia,Diesel,Front-wheel drive,2,2190,6,263.0,4050,20.6,31.8
9084,2023,Asia,Gasoline,Front-wheel drive,2,2190,6,238.0,4040,17.2,32.0
9085,1998,USA,Hybrid,Front-wheel drive,3,2540,7,287.0,4470,19.6,31.8
9086,1982,USA,Gasoline,Rear-wheel drive,3,2300,6,242.0,4170,18.6,27.6
9087,1985,Europe,Gasoline,Front-wheel drive,2,2060,5,232.0,4150,18.3,29.8
9088,1991,Asia,Gasoline,Front-wheel drive,4,2130,6,241.0,3860,17.7,28.6
9089,2001,USA,Gasoline,Rear-wheel drive,4,2390,6,249.0,4360,18.7,27.0
9090,2007,Asia,Gasoline,All-wheel drive,2,2190,6,,4420,20.3,25.8
9091,1988,Asia,Gasoline,Rear-wheel drive,4,1750,5,217.0,3620,17.3,29.4
9092,1987,Europe,Gasoline,All-wheel drive,4,2060,6,230.0,4390,,26.0
9093,2023,Asia,Diesel,Front-wheel drive,2,2410,6,277.0,4100,18.2,34.2
9094,2016,Europe,Gasoline,All-wheel drive,5,2270,6,246.0,4610,20.4,32.7
9095,1982,USA,Gasoline,Front-wheel drive,3,2100,6,236.0,4150,20.3,28.7
9096,2008,USA,Gasoline,Front-wheel drive,2,2510,6,279.0,4340,19.0,28.0
9097,1997,Asia,Gasoline,Front-wheel drive,3,2010,5,202.0,3730,19.8,33.0
9098,2003,USA,Gasoline,Front-wheel drive,2,2270,6,,4230,18.2,26.5
9099,1993,Europe,Gasoline,Front-wheel drive,4,1980,6,238.0,3970,20.0,29.9
9100,2005,USA,Diesel,All-wheel drive,3,2400,6,274.0,4080,19.7,31.4
9101,1987,USA,Gasoline,Rear-wheel drive,3,2260,6,255.0,4350,18.9,25.2
9102,2008,Asia,Diesel,Rear-wheel drive,3,2280,6,244.0,4430,18.1,32.8
9103,1997,USA,Gasoline,Rear-wheel drive,4,1850,5,221.0,3910,19.1,31.5
9104,2009,USA,Gasoline,Front-wheel drive,5,2500,6,283.0,4600,18.8,30.6
9105,2020,USA,Gasoline,Rear-wheel drive,3,2240,6,249.0,4260,17.0,28.7
9106,2005,USA,Hybrid,Rear-wheel drive,3,2440,6,272.0,4520,18.0,31.1
9107,2010,USA,Gasoline,Front-wheel drive,3,1920,5,245.0,3860,18.8,32.4
9108,1988,USA,Gasoline,Rear-wheel drive,3,2220,6,265.0,4480,19.6,26.1
9109,2000,Asia,Hybrid,All-wheel drive,3,2130,5,233.0,4180,18.1,32.4
9110,1985,Europe,Hybrid,Front-wheel drive,5,2310,6,249.0,4340,19.1,34.8
9111,1992,Asia,Diesel,Front-wheel drive,5,2040,6,244.0,4070,20.2,35.3
9112,2010,Europe,Hybrid,Front-wheel drive,3,2240,5,240.0,3750,16.5,36.1
9113,1992,USA,Gasoline,All-wheel drive,3,2450,6,261.0,4600,18.0,24.8
9114,1989,Europe,Gasoline,Front-wheel drive,3,2090,6,220.0,3940,18.0,30.2
9115,2002,Europe,Gasoline,Rear-wheel drive,4,2480,6,273.0,4620,16.1,29.8
9116,1983,Europe,Diesel,All-wheel drive,4,2150,6,245.0,3870,18.9,32.0
9117,2009,USA,Hybrid,Rear-wheel drive,5,2110,6,254.0,4480,21.4,31.9
9118,2006,Europe,Gasoline,Front-wheel drive,4,2500,7,266.0,4280,,33.0
9119,2000,Asia,Gasoline,All-wheel drive,4,2510,6,275.0,4850,21.3,25.9
9120,1996,Asia,Gasoline,Front-wheel drive,4,1920,5,222.0,3860,19.0,29.6
9121,2020,Europe,Diesel,All-wheel drive,5,2130,6,244.0,4310,19.7,34.6
9122,1982,Asia,Gasoline,Front-wheel drive,3,2230,6,246.0,3990,17.9,29.0
9123,2014,Europe,Gasoline,Front-wheel drive,3,2160,6,218.0,3960,18.5,32.7
9124,2019,USA,Gasoline,Rear-wheel drive,3,2420,6,271.0,4570,19.2,28.1
9125,1988,USA,Gasoline,Rear-wheel drive,2,2060,5,223.0,3730,19.5,28.7
9126,1995,Europe,Diesel,All-wheel drive,5,2330,6,269.0,4210,18.2,28.6
9127,1990,USA,Gasoline,Rear-wheel drive,4,2070,6,246.0,4320,18.2,28.3
9128,2016,USA,Gasoline,All-wheel drive,4,2220,6,268.0,4490,21.7,27.0
9129,2013,USA,Gasoline,Front-wheel drive,4,2220,6,237.0,4390,18.5,32.1
9130,1980,USA,Gasoline,Front-wheel drive,4,2350,6,263.0,4240,19.7,24.9
9131,2014,Europe,Gasoline,All-wheel drive,3,2340,6,236.0,4490,20.7,31.1
9132,2009,USA,Gasoline,Rear-wheel drive,2,2010,5,247.0,3980,16.0,28.9
9133,2012,USA,Diesel,All-wheel drive,5,2500,7,288.0,4860,18.4,29.0
9134,2002,USA,Gasoline,Front-wheel drive,3,2000,6,245.0,3930,18.3,28.9
9135,1995,USA,Hybrid,Rear-wheel drive,2,2290,6,268.0,4410,17.1,34.7
9136,1994,Europe,Gasoline,Front-wheel drive,4,2250,6,265.0,4070,19.2,28.4
9137,2012,USA,Gasoline,All-wheel drive,5,2360,6,266.0,4880,21.6,27.0
9138,1992,Asia,Gasoline,Front-wheel drive,4,2340,6,247.0,4360,19.6,28.4
9139,1984,USA,Diesel,Front-wheel drive,3,2670,7,309.0,4720,16.9,25.7
9140,1994,Asia,Gasoline,Front-wheel drive,5,2420,7,273.0,4230,15.6,30.8
9141,1990,Asia,Diesel,Front-wheel drive,4,2010,5,210.0,3870,20.2,30.7
9142,2016,Europe,Gasoline,Front-wheel drive,3,2300,6,253.0,4140,17.5,31.0
9143,2007,Asia,Gasoline,All-wheel drive,5,2470,6,254.0,4680,20.7,28.8
9144,2019,Asia,Gasoline,Front-wheel drive,4,1860,5,207.0,4270,17.3,33.3
9145,2003,USA,Diesel,All-wheel drive,4,1960,6,227.0,4330,21.4,32.6
9146,2006,USA,Gasoline,Front-wheel drive,2,2120,6,265.0,4030,17.8,33.2
9147,2009,Asia,Hybrid,Front-wheel drive,3,2070,6,234.0,4140,19.6,36.0
9148,1978,Europe,Gasoline,Front-wheel drive,3,2060,6,,3920,,28.3
9149,2019,USA,Diesel,Front-wheel drive,3,1960,5,235.0,3910,18.8,33.3
9150,2012,USA,Gasoline,Front-wheel drive,5,2400,6,275.0,4380,20.3,30.6
9151,1998,USA,Gasoline,Rear-wheel drive,3,2210,6,265.0,4260,18.3,25.5
9152,1988,Europe,Diesel,Front-wheel drive,3,2270,6,248.0,4020,19.4,29.1
9153,2019,USA,Diesel,Front-wheel drive,4,2040,5,240.0,3970,16.3,33.6
9154,1976,USA,Gasoline,Front-wheel drive,3,2050,6,,3780,18.9,29.8
9155,2014,USA,Gasoline,Rear-wheel drive,3,2220,6,244.0,4500,21.0,30.4
9156,2006,Asia,Gasoline,Front-wheel drive,5,2210,6,232.0,4170,18.8,33.6
9157,2014,Europe,Hybrid,All-wheel drive,4,2210,6,238.0,4100,19.5,38.3
9158,2007,Asia,Gasoline,All-wheel drive,3,2360,6,254.0,4750,18.7,28.5
9159,2011,USA,Gasoline,Front-wheel drive,4,2340,7,263.0,4550,19.7,28.5
9160,2005,Asia,Gasoline,Front-wheel drive,4,2360,7,270.0,4080,17.2,31.8
9161,1991,USA,Gasoline,Front-wheel drive,4,2400,6,291.0,4250,15.8,27.1
9162,2016,USA,Gasoline,Rear-wheel drive,4,2320,6,263.0,4440,20.6,27.4
9163,1982,USA,Gasoline,Front-wheel drive,2,2330,6,,3970,19.0,27.2
9164,2006,USA,Gasoline,Front-wheel drive,4,2530,7,292.0,4400,18.4,28.5
9165,1977,USA,Diesel,Front-wheel drive,3,2350,7,290.0,4260,20.1,31.4
9166,1979,USA,Diesel,All-wheel drive,4,2290,6,293.0,4510,20.2,27.5
9167,1979,USA,Gasoline,All-wheel drive,2,2410,6,,4560,20.1,25.2
9168,2007,USA,Gasoline,Front-wheel drive,3,1960,6,229.0,3980,18.9,28.0
9169,1994,Europe,Gasoline,Front-wheel drive,3,2140,6,246.0,3990,18.7,31.1
9170,1989,USA,Gasoline,Front-wheel drive,3,2060,6,253.0,3890,19.2,27.4
9171,1991,USA,Gasoline,Rear-wheel drive,4,2240,6,280.0,4410,18.2,28.0
9172,2018,Asia,Gasoline,Rear-wheel drive,5,2270,6,256.0,4400,18.6,31.8
9173,1984,Asia,Gasoline,All-wheel drive,4,2260,6,,4490,20.0,25.4
9174,1980,USA,Gasoline,Front-wheel drive,5,2360,6,278.0,4380,17.9,27.6
9175,1984,Europe,Gasoline,All-wheel drive,5,2090,6,233.0,4190,20.6,31.8
9176,2007,Europe,Hybrid,Rear-wheel drive,2,2330,6,255.0,4380,18.5,31.7
9177,1982,Europe,Hybrid,All-wheel drive,4,2100,6,232.0,4540,19.4,29.8
9178,1975,Europe,Gasoline,All-wheel drive,4,2430,6,,4440,20.1,23.4
9179,1984,Europe,Gasoline,Front-wheel drive,4,2410,7,,4170,,31.1
9180,1982,Asia,Gasoline,All-wheel drive,4,2640,7,,4790,21.1,25.3
9181,1976,USA,Gasoline,Front-wheel drive,3,2170,5,,3990,21.2,26.9
9182,1986,Europe,Hybrid,Rear-wheel drive,4,2270,6,220.0,4220,19.0,32.4
9183,2011,Asia,Gasoline,Front-wheel drive,4,2460,6,264.0,4240,16.8,30.9
9184,1998,Europe,Diesel,Rear-wheel drive,4,2230,6,252.0,4250,,33.2
9185,2003,Asia,Gasoline,Front-wheel drive,4,2530,7,276.0,4510,16.4,28.7
9186,2000,USA,Diesel,Front-wheel drive,4,2160,6,257.0,4150,17.5,30.9
9187,2011,Asia,Diesel,Front-wheel drive,4,2150,5,254.0,3670,16.4,37.7
9188,2005,USA,Gasoline,Rear-wheel drive,4,2070,6,246.0,4120,18.7,29.7
9189,1992,USA,Gasoline,Rear-wheel drive,4,2490,6,265.0,4560,19.4,22.9
9190,1992,USA,Gasoline,All-wheel drive,3,2270,6,245.0,4540,18.5,27.0
9191,1982,Europe,Gasoline,Front-wheel drive,4,2600,7,283.0,4520,19.0,25.2
9192,1979,Europe,Hybrid,Rear-wheel drive,3,2230,6,267.0,4570,20.2,33.6
9193,1985,Asia,Diesel,Front-wheel drive,4,2150,6,244.0,3880,19.6,32.5
9194,2003,Europe,Diesel,Front-wheel drive,4,2080,6,243.0,4010,19.1,35.2
9195,2005,Asia,Gasoline,All-wheel drive,3,2110,6,250.0,4350,18.2,29.0
9196,2023,Europe,Diesel,All-wheel drive,3,2440,6,281.0,4740,18.0,32.9
9197,1987,USA,Diesel,Rear-wheel drive,4,2400,6,277.0,4850,20.3,29.5
9198,1980,USA,Hybrid,Front-wheel drive,4,1830,5,,3970,20.7,32.9
9199,2003,Europe,Gasoline,Front-wheel drive,4,2730,7,281.0,4580,21.3,28.1
9200,1996,Asia,Gasoline,Front-wheel drive,5,2240,6,242.0,4250,21.0,30.1
9201,1990,Asia,Gasoline,Front-wheel drive,4,2350,6,262.0,4310,20.1,28.0
9202,2021,USA,Gasoline,Rear-wheel drive,3,2250,6,243.0,4130,15.9,30.3
9203,1995,Asia,Gasoline,Front-wheel drive,3,2180,6,230.0,3870,18.4,32.3
9204,2002,USA,Gasoline,Front-wheel drive,2,2660,7,293.0,4740,20.9,24.7
9205,2005,USA,Gasoline,All-wheel drive,3,2320,6,236.0,4630,20.5,27.8
9206,2012,USA,Gasoline,Front-wheel drive,5,2380,6,261.0,4510,18.5,29.8
9207,2022,Asia,Diesel,Front-wheel drive,5,2440,7,271.0,4360,19.6,36.0
9208,1998,USA,Diesel,Rear-wheel drive,3,2290,6,301.0,4560,21.8,27.7
9209,1976,Europe,Diesel,Front-wheel drive,3,1980,6,,3820,20.5,30.2
9210,2024,Europe,Gasoline,Front-wheel drive,2,2140,5,226.0,4060,18.5,33.7
9211,1996,USA,Gasoline,Front-wheel drive,4,2240,6,248.0,4080,17.6,26.9
9212,2008,USA,Gasoline,Front-wheel drive,4,2410,7,,4670,20.0,30.0
9213,1999,Europe,Diesel,Front-wheel drive,2,2300,6,265.0,4080,16.1,32.1
9214,2004,Europe,Gasoline,All-wheel drive,5,2200,6,246.0,4510,18.1,29.4
9215,1978,USA,Gasoline,Front-wheel drive,2,2340,6,284.0,4230,18.9,26.6
9216,1998,USA,Diesel,Front-wheel drive,4,2110,6,258.0,4300,19.6,31.1
9217,2012,Asia,Gasoline,Rear-wheel drive,2,2130,6,244.0,4420,20.2,29.4
9218,1984,Europe,Gasoline,Front-wheel drive,3,2160,6,221.0,3930,18.8,29.2
9219,1984,Europe,Diesel,Front-wheel drive,3,2040,6,249.0,4120,20.3,29.7
9220,2008,Europe,Gasoline,Front-wheel drive,5,2430,6,254.0,4230,19.8,33.1
9221,1998,Europe,Gasoline,Front-wheel drive,2,2140,5,221.0,3690,18.7,30.2
9222,1997,USA,Diesel,All-wheel drive,4,2150,6,253.0,3830,18.1,30.1
9223,1976,Asia,Hybrid,Front-wheel drive,4,1940,5,,3540,19.7,36.6
9224,1999,USA,Gasoline,Rear-wheel drive,5,2200,6,263.0,4360,17.1,28.5
9225,1993,USA,Gasoline,All-wheel drive,3,2270,6,245.0,4490,17.8,25.0
9226,2007,Asia,Gasoline,All-wheel drive,4,2410,6,271.0,4710,18.0,25.7
9227,2000,Europe,Gasoline,Rear-wheel drive,3,2160,6,229.0,4150,19.6,28.5
9228,2005,Asia,Diesel,All-wheel drive,3,2460,6,265.0,4510,19.5,30.2
9229,2016,Asia,Diesel,Front-wheel drive,3,2360,6,253.0,4190,17.7,32.2
9230,1987,Asia,Gasoline,Rear-wheel drive,5,2230,6,258.0,4270,19.7,31.4
9231,1978,USA,Gasoline,Front-wheel drive,3,2060,5,,3960,19.6,26.2
9232,2024,USA,Gasoline,Front-wheel drive,5,2360,6,256.0,4480,18.6,29.3
9233,2018,USA,Gasoline,Front-wheel drive,4,2140,6,262.0,4220,17.2,29.9
9234,2009,USA,Hybrid,Front-wheel drive,4,2250,6,286.0,4090,18.0,31.7
9235,1991,USA,Gasoline,Front-wheel drive,4,2380,6,271.0,4460,21.0,27.0
9236,2020,Asia,Gasoline,Front-wheel drive,5,2490,6,279.0,4600,19.4,28.9
9237,2003,Asia,Gasoline,Front-wheel drive,3,2330,7,260.0,4300,18.3,33.0
9238,2024,USA,Gasoline,Front-wheel drive,5,2420,6,269.0,4550,16.8,28.9
9239,2023,Europe,Gasoline,Front-wheel drive,5,2100,6,229.0,4140,18.3,35.9
9240,1977,Asia,Gasoline,All-wheel drive,3,2320,7,,4310,17.5,25.8
9241,2022,Europe,Gasoline,All-wheel drive,5,2360,6,251.0,4400,17.8,31.5
9242,1988,Asia,Hybrid,Front-wheel drive,4,2180,6,235.0,4200,19.8,33.5
9243,2007,USA,Diesel,Front-wheel drive,4,2100,6,249.0,4220,19.4,31.7
9244,1991,Europe,Diesel,Rear-wheel drive,5,2410,6,251.0,4350,19.6,29.0
9245,2013,USA,Gasoline,Front-wheel drive,2,2320,6,278.0,4380,19.4,31.5
9246,1976,Europe,Gasoline,Front-wheel drive,5,2340,6,,4320,19.3,28.7
9247,2022,Asia,Diesel,Rear-wheel drive,2,2070,6,237.0,4240,17.3,34.8
9248,1983,Asia,Gasoline,Rear-wheel drive,4,2270,6,,4410,20.8,27.2
9249,1985,Europe,Gasoline,Front-wheel drive,3,2070,5,216.0,3850,20.7,27.7
9250,2013,USA,Diesel,Front-wheel drive,4,2270,6,264.0,4140,20.5,32.2
9251,2002,USA,Gasoline,Front-wheel drive,4,2220,6,239.0,4450,16.1,27.2
9252,2004,USA,Diesel,Rear-wheel drive,3,2380,6,286.0,4530,18.3,31.8
9253,2023,USA,Diesel,Front-wheel drive,3,2190,6,260.0,4180,18.2,33.9
9254,1998,Europe,Gasoline,Front-wheel drive,3,2230,7,288.0,3980,16.2,31.6
9255,1979,USA,Gasoline,Front-wheel drive,5,2340,6,263.0,4440,18.9,29.8
9256,2003,USA,Diesel,All-wheel drive,2,2330,6,296.0,4540,16.2,27.8
9257,2012,USA,Diesel,Rear-wheel drive,4,2090,6,248.0,4100,15.4,33.3
9258,2019,USA,Gasoline,Front-wheel drive,4,2200,6,275.0,4450,18.3,32.2
9259,2018,Asia,Gasoline,Front-wheel drive,3,2270,7,271.0,4120,18.4,34.9
9260,2017,USA,Gasoline,Front-wheel drive,4,2590,7,304.0,4600,16.7,26.2
9261,2015,Europe,Gasoline,Rear-wheel drive,4,2510,7,279.0,4630,18.8,27.4
9262,2016,Europe,Gasoline,Front-wheel drive,4,2480,7,,4660,19.8,29.3
9263,1994,Asia,Gasoline,All-wheel drive,4,2140,6,209.0,4260,23.2,30.6
9264,2001,Asia,Diesel,All-wheel drive,2,2410,6,269.0,4610,19.6,29.3
9265,1981,USA,Diesel,Rear-wheel drive,3,2090,6,258.0,4370,19.7,27.9
9266,2022,Europe,Gasoline,Rear-wheel drive,4,2210,6,259.0,4160,16.6,29.1
9267,2016,Europe,Gasoline,Front-wheel drive,4,2040,5,223.0,4190,21.3,35.0
9268,1980,USA,Diesel,All-wheel drive,4,2630,7,,5040,20.4,22.5
9269,1989,USA,Hybrid,Rear-wheel drive,2,2290,6,251.0,4460,19.0,27.7
9270,2024,USA,Gasoline,Front-wheel drive,5,2140,6,247.0,4290,18.9,31.4
9271,2003,Asia,Gasoline,Front-wheel drive,5,2350,6,258.0,4380,19.0,31.8
9272,1991,Asia,Gasoline,Front-wheel drive,4,2260,6,266.0,4210,17.6,32.2
9273,2002,Europe,Gasoline,Front-wheel drive,3,2320,6,254.0,3970,18.4,27.0
9274,2018,Asia,Diesel,Front-wheel drive,5,2230,6,243.0,4430,18.9,31.6
9275,2022,Asia,Diesel,Front-wheel drive,4,2450,7,297.0,4540,18.0,33.9
9276,1975,USA,Gasoline,Front-wheel drive,2,2490,6,,4440,19.2,23.8
9277,1978,USA,Diesel,Front-wheel drive,5,2340,7,282.0,4660,17.4,27.1
9278,1990,USA,Gasoline,Rear-wheel drive,3,2420,6,290.0,4430,17.4,23.1
9279,1980,USA,Gasoline,Front-wheel drive,4,1960,5,,4010,18.8,26.2
9280,1985,Asia,Gasoline,Front-wheel drive,2,2170,6,230.0,4210,19.9,29.2
9281,2015,Europe,Gasoline,Front-wheel drive,3,2110,6,218.0,4120,18.5,33.2
9282,1988,Asia,Gasoline,Front-wheel drive,4,2050,5,210.0,3580,20.7,30.2
9283,1987,Europe,Gasoline,All-wheel drive,3,2130,5,226.0,4380,19.2,27.6
9284,1987,USA,Diesel,All-wheel drive,4,2420,7,315.0,4620,18.3,28.2
9285,2019,Europe,Gasoline,Rear-wheel drive,3,2410,7,253.0,4290,19.0,32.0
9286,2014,Asia,Gasoline,Front-wheel drive,5,2130,5,228.0,4160,17.1,31.1
9287,1998,USA,Hybrid,Front-wheel drive,5,1940,6,235.0,4280,21.4,33.7
9288,1977,USA,Gasoline,Front-wheel drive,5,2170,6,,4260,19.7,27.4
9289,1978,Europe,Hybrid,All-wheel drive,3,2310,6,263.0,4240,17.5,30.9
9290,1981,Europe,Gasoline,Rear-wheel drive,3,2470,6,,4540,19.5,25.6
9291,1991,Asia,Diesel,All-wheel drive,3,2650,7,304.0,4580,18.6,30.3
9292,1984,Europe,Diesel,All-wheel drive,4,2110,6,,4530,20.7,27.3
9293,2022,Asia,Diesel,Rear-wheel drive,4,2240,6,258.0,4270,18.4,32.3
9294,2014,Europe,Gasoline,Front-wheel drive,4,2280,6,255.0,4150,16.9,29.6
9295,2009,Asia,Gasoline,Front-wheel drive,3,2180,6,248.0,4060,18.4,31.9
9296,2012,Europe,Hybrid,Front-wheel drive,4,2500,6,260.0,4460,16.7,35.4
9297,1984,Asia,Hybrid,Front-wheel drive,4,2070,6,232.0,3750,20.7,33.6
9298,2011,USA,Hybrid,Front-wheel drive,4,2170,6,221.0,4120,19.4,37.1
9299,2011,Asia,Diesel,Front-wheel drive,2,2120,6,230.0,4030,17.0,33.0
9300,2022,USA,Gasoline,Front-wheel drive,5,2200,6,234.0,4140,17.5,32.3
9301,2019,USA,Gasoline,Front-wheel drive,4,2170,6,245.0,4230,19.8,35.2
9302,1994,Asia,Gasoline,Rear-wheel drive,3,2010,6,231.0,4050,16.9,32.8
9303,2022,Europe,Gasoline,Front-wheel drive,4,2420,6,240.0,4320,18.8,31.6
9304,1986,Asia,Gasoline,Front-wheel drive,2,2340,6,277.0,3910,19.0,30.6
9305,1994,Asia,Gasoline,All-wheel drive,4,2320,6,261.0,4370,18.7,28.7
9306,2015,USA,Gasoline,Front-wheel drive,3,1830,5,205.0,3870,19.3,31.0
9307,1994,Asia,Hybrid,Front-wheel drive,5,2200,5,245.0,4370,16.0,31.3
9308,2016,USA,Gasoline,All-wheel drive,4,2300,6,269.0,4530,19.5,27.6
9309,1986,Asia,Gasoline,Front-wheel drive,4,2330,6,255.0,4120,19.9,29.2
9310,2005,Europe,Gasoline,All-wheel drive,4,2380,6,277.0,4310,19.6,28.4
9311,1985,USA,Diesel,Rear-wheel drive,2,2600,7,314.0,4580,18.7,28.0
9312,2020,Asia,Gasoline,Front-wheel drive,4,2290,6,250.0,3930,18.2,31.0
9313,2010,USA,Diesel,All-wheel drive,3,2490,7,302.0,4790,18.3,32.4
9314,1982,Asia,Gasoline,Front-wheel drive,3,2430,7,282.0,4460,19.8,28.2
9315,2024,USA,Gasoline,Front-wheel drive,2,2630,7,288.0,4550,18.4,30.1
9316,2008,Asia,Gasoline,Front-wheel drive,5,2010,6,227.0,4080,18.9,28.8
9317,1980,Europe,Gasoline,Front-wheel drive,3,2100,5,,3930,18.2,28.1
9318,2007,Asia,Hybrid,All-wheel drive,5,2080,6,223.0,4400,17.8,35.6
9319,2010,Asia,Gasoline,Front-wheel drive,4,2260,7,263.0,4130,18.4,32.7
9320,1994,Asia,Hybrid,All-wheel drive,4,2470,7,278.0,4450,19.5,32.4
9321,2005,USA,Gasoline,Rear-wheel drive,3,2520,6,290.0,4610,21.3,29.7
9322,2015,Europe,Gasoline,Rear-wheel drive,2,2080,6,235.0,4060,18.9,33.7
9323,2004,USA,Diesel,Front-wheel drive,4,2340,6,283.0,4520,16.4,30.2
9324,2015,USA,Diesel,Front-wheel drive,3,2230,6,259.0,3980,17.4,34.6
9325,1986,USA,Diesel,Front-wheel drive,5,2200,6,271.0,4390,18.7,29.4
9326,1999,Europe,Diesel,Rear-wheel drive,4,2090,6,257.0,4180,19.9,34.7
9327,2021,Asia,Gasoline,All-wheel drive,4,2690,7,289.0,4550,16.9,28.8
9328,1978,USA,Gasoline,Front-wheel drive,3,2240,6,,4270,22.3,25.7
9329,2017,Europe,Gasoline,Front-wheel drive,4,2190,6,232.0,4090,18.2,32.6
9330,1982,Asia,Gasoline,Front-wheel drive,4,2250,6,,4090,18.2,29.6
9331,2018,USA,Gasoline,Front-wheel drive,3,2170,7,267.0,4270,19.4,30.6
9332,2020,Europe,Diesel,All-wheel drive,4,2230,6,254.0,4410,19.5,32.6
9333,1976,USA,Gasoline,Front-wheel drive,3,2620,7,290.0,4450,18.4,25.3
9334,2005,Europe,Hybrid,Front-wheel drive,4,2020,6,216.0,3640,20.5,35.8
9335,2017,Asia,Diesel,Front-wheel drive,3,2450,7,282.0,4380,19.1,36.6
9336,2018,USA,Gasoline,Rear-wheel drive,5,2470,6,294.0,4790,18.5,30.6
9337,2022,Asia,Diesel,Front-wheel drive,4,1760,5,213.0,3500,18.1,34.4
9338,2006,USA,Gasoline,Front-wheel drive,3,2210,7,266.0,4180,19.9,29.6
9339,1996,Europe,Gasoline,Front-wheel drive,3,2180,5,223.0,3940,18.4,33.2
9340,1987,USA,Hybrid,Front-wheel drive,4,2220,6,255.0,4090,17.8,33.1
9341,1981,Europe,Diesel,Rear-wheel drive,4,2150,6,262.0,4130,19.2,29.4
9342,2020,USA,Gasoline,Front-wheel drive,3,2130,5,250.0,3950,19.1,34.9
9343,1979,Asia,Gasoline,Front-wheel drive,5,2490,7,276.0,4780,20.7,25.4
9344,2017,Europe,Gasoline,Rear-wheel drive,4,2120,5,221.0,3940,20.9,31.7
9345,1981,USA,Gasoline,Front-wheel drive,4,1840,5,254.0,3980,19.5,27.6
9346,1977,USA,Diesel,Front-wheel drive,4,2360,6,,4390,20.0,27.0
9347,1994,Asia,Gasoline,Rear-wheel drive,2,2490,7,264.0,4340,17.2,29.5
9348,2015,USA,Gasoline,Front-wheel drive,2,2250,6,266.0,4550,18.5,29.2
9349,2006,Asia,Gasoline,All-wheel drive,4,2290,6,255.0,4630,19.1,30.5
9350,1994,USA,Gasoline,Front-wheel drive,3,2230,6,262.0,3740,18.1,27.5
9351,2024,Asia,Gasoline,Front-wheel drive,3,2230,6,263.0,4070,16.1,32.7
9352,1987,USA,Hybrid,Front-wheel drive,3,2480,6,275.0,4370,20.4,29.2
9353,1998,Asia,Hybrid,Rear-wheel drive,5,2410,7,232.0,4770,23.8,32.8
9354,1994,USA,Gasoline,Front-wheel drive,4,2260,6,247.0,4340,18.1,25.9
9355,2021,USA,Gasoline,Front-wheel drive,3,2320,6,249.0,4030,18.8,31.2
9356,1985,USA,Diesel,Front-wheel drive,2,2340,6,253.0,4220,18.2,28.6
9357,1991,Asia,Gasoline,Front-wheel drive,3,2500,6,267.0,4350,20.3,27.4
9358,2023,Europe,Gasoline,Front-wheel drive,3,2170,6,235.0,3980,17.2,32.6
9359,2021,USA,Diesel,Rear-wheel drive,3,2680,7,318.0,4800,16.9,27.9
9360,2013,Asia,Gasoline,Front-wheel drive,3,2300,6,248.0,4360,17.7,32.3
9361,1997,Asia,Diesel,Rear-wheel drive,2,2220,7,266.0,4350,18.2,29.2
9362,2022,USA,Diesel,Front-wheel drive,4,1960,5,245.0,3800,18.5,34.5
9363,2011,Europe,Diesel,Front-wheel drive,5,2340,6,,4430,19.4,32.2
9364,2017,Asia,Hybrid,Front-wheel drive,5,1900,5,,4380,19.0,36.9
9365,1978,USA,Gasoline,Rear-wheel drive,4,2360,6,265.0,4790,21.1,24.5
9366,2011,USA,Gasoline,Front-wheel drive,5,2400,6,256.0,4260,15.7,28.4
9367,1981,USA,Hybrid,Rear-wheel drive,3,2220,6,259.0,4340,19.1,30.9
9368,2019,Asia,Gasoline,Front-wheel drive,3,2390,6,238.0,4480,20.5,31.1
9369,2004,USA,Gasoline,All-wheel drive,3,2130,6,239.0,4460,20.1,27.2
9370,1979,USA,Gasoline,Front-wheel drive,4,2330,6,272.0,4090,17.8,28.6
9371,1981,Europe,Gasoline,Rear-wheel drive,2,2410,7,,4370,18.5,25.4
9372,1998,USA,Gasoline,Front-wheel drive,4,2320,6,253.0,4130,18.9,30.5
9373,1975,USA,Diesel,All-wheel drive,4,2280,6,242.0,4510,22.0,25.0
9374,1991,Asia,Gasoline,All-wheel drive,2,2480,7,268.0,4490,19.1,26.3
9375,1985,USA,Gasoline,All-wheel drive,4,2450,7,291.0,4550,20.0,24.2
9376,1982,Asia,Gasoline,Front-wheel drive,2,2550,7,274.0,4530,20.6,27.9
9377,1997,USA,Gasoline,Front-wheel drive,2,2320,6,276.0,4480,17.6,28.8
9378,1989,Asia,Gasoline,Rear-wheel drive,4,2610,7,288.0,4800,21.8,26.3
9379,1981,Asia,Gasoline,Rear-wheel drive,3,2120,6,234.0,4270,20.7,27.5
9380,1997,USA,Gasoline,All-wheel drive,5,2360,6,259.0,5060,20.0,26.1
9381,1998,USA,Gasoline,All-wheel drive,5,2230,6,254.0,4630,19.4,27.5
9382,2023,USA,Gasoline,Front-wheel drive,2,2540,6,285.0,4440,16.7,31.9
9383,2011,Europe,Gasoline,Front-wheel drive,4,2070,5,226.0,3920,18.6,32.1
9384,1979,Europe,Gasoline,Front-wheel drive,5,2100,6,,4230,19.9,31.3
9385,2007,Asia,Gasoline,Rear-wheel drive,4,2330,6,258.0,4330,18.8,31.7
9386,2004,USA,Hybrid,Front-wheel drive,3,2240,6,260.0,4150,18.1,32.8
9387,1982,USA,Gasoline,Rear-wheel drive,4,2440,6,287.0,4540,19.1,25.8
9388,1976,USA,Gasoline,Front-wheel drive,5,2420,6,,4860,18.0,28.1
9389,1995,USA,Gasoline,Front-wheel drive,3,2230,6,253.0,4440,19.2,29.6
9390,1982,Europe,Diesel,All-wheel drive,2,2220,6,252.0,4340,,26.9
9391,2020,Asia,Gasoline,Front-wheel drive,5,2040,5,206.0,3820,15.9,36.0
9392,2012,Asia,Gasoline,All-wheel drive,2,2090,5,217.0,3920,20.9,30.9
9393,2001,Asia,Gasoline,Front-wheel drive,3,2180,6,237.0,3930,18.3,34.1
9394,2006,Asia,Diesel,Front-wheel drive,4,2250,6,250.0,4040,20.2,35.5
9395,1994,Europe,Gasoline,Front-wheel drive,3,2060,6,215.0,3990,18.4,30.8
9396,2008,Europe,Gasoline,Front-wheel drive,3,2170,6,238.0,3950,18.0,31.9
9397,1990,USA,Gasoline,Front-wheel drive,4,2470,6,276.0,4390,19.9,30.7
9398,1996,Europe,Gasoline,Front-wheel drive,3,2090,5,220.0,3840,18.0,33.3
9399,2020,USA,Gasoline,Rear-wheel drive,5,2080,6,257.0,4420,18.2,29.0
9400,2012,Asia,Gasoline,Front-wheel drive,5,2090,5,241.0,4180,19.2,33.9
9401,1994,USA,Diesel,Rear-wheel drive,3,2320,6,256.0,4450,19.3,31.2
9402,1976,Asia,Gasoline,Front-wheel drive,4,2260,6,,4210,18.6,27.0
9403,2008,USA,Gasoline,Front-wheel drive,3,2020,6,244.0,3960,20.2,32.7
9404,2012,Europe,Gasoline,Front-wheel drive,5,2270,6,263.0,4310,17.9,33.7
9405,2007,Europe,Diesel,Rear-wheel drive,2,2040,5,231.0,4050,20.5,34.1
9406,2020,USA,Diesel,Front-wheel drive,3,1960,5,245.0,3940,18.8,33.0
9407,1982,Asia,Gasoline,Front-wheel drive,3,2410,6,,4290,21.6,28.2
9408,1985,Asia,Gasoline,Rear-wheel drive,2,2240,6,253.0,3960,20.1,29.5
9409,1977,Europe,Gasoline,Rear-wheel drive,2,2320,6,276.0,4280,17.2,27.4
9410,1981,USA,Gasoline,Front-wheel drive,2,2350,6,,4490,20.1,27.4
9411,2010,Europe,Gasoline,All-wheel drive,5,2340,6,250.0,4540,17.7,28.5
9412,1991,Europe,Diesel,Front-wheel drive,4,2240,6,251.0,4340,20.1,30.6
9413,2012,Europe,Gasoline,Rear-wheel drive,3,2340,6,252.0,4470,19.4,33.6
9414,2013,USA,Gasoline,Rear-wheel drive,4,2280,6,272.0,4370,19.5,28.6
9415,2004,Asia,Gasoline,Front-wheel drive,5,2230,6,243.0,3870,19.7,30.2
9416,2003,Asia,Hybrid,Rear-wheel drive,5,2470,7,255.0,4730,19.0,32.5
9417,1980,USA,Gasoline,Front-wheel drive,3,2030,5,225.0,3910,18.5,30.7
9418,1975,Asia,Diesel,Front-wheel drive,4,2440,7,,4310,16.9,30.8
9419,2004,Asia,Gasoline,Front-wheel drive,2,2160,6,241.0,4020,17.9,29.3
9420,1997,USA,Gasoline,All-wheel drive,2,2180,6,239.0,4320,19.5,25.2
9421,1979,USA,Gasoline,Front-wheel drive,5,2350,6,266.0,4300,18.1,26.5
9422,2000,Europe,Gasoline,Front-wheel drive,4,2570,6,278.0,4340,16.7,29.6
9423,2003,Europe,Diesel,Rear-wheel drive,3,2300,6,263.0,4340,,31.3
9424,1976,Europe,Hybrid,Front-wheel drive,4,2260,6,,4160,17.8,30.7
9425,1975,USA,Gasoline,Rear-wheel drive,5,2280,6,274.0,4360,18.4,27.8
9426,2019,Europe,Gasoline,Rear-wheel drive,4,2250,6,277.0,4110,16.6,30.1
9427,1979,Europe,Diesel,Front-wheel drive,4,1940,5,221.0,4140,20.0,30.2
9428,2006,USA,Gasoline,All-wheel drive,4,2480,6,286.0,4960,20.5,26.0
9429,1991,Europe,Gasoline,Front-wheel drive,3,1740,5,184.0,3370,18.4,32.0
9430,1979,Asia,Gasoline,Front-wheel drive,3,2670,7,,4620,16.9,25.2
9431,2023,Europe,Gasoline,Front-wheel drive,4,2210,6,246.0,4080,16.0,32.3
9432,1983,Asia,Gasoline,Front-wheel drive,3,2180,5,233.0,3890,19.3,27.6
9433,2024,USA,Diesel,Rear-wheel drive,2,2310,6,,4280,18.8,31.8
9434,2008,Europe,Gasoline,Front-wheel drive,2,2560,7,276.0,4410,17.9,30.8
9435,1978,Europe,Gasoline,Rear-wheel drive,5,2100,6,,4330,19.1,26.9
9436,2018,USA,Gasoline,Rear-wheel drive,2,2380,6,268.0,4750,20.0,29.9
9437,2020,USA,Diesel,Front-wheel drive,4,2340,6,280.0,4260,17.0,30.8
9438,2012,Europe,Gasoline,All-wheel drive,5,2280,6,242.0,4370,18.6,30.5
9439,1980,Asia,Gasoline,All-wheel drive,5,2410,6,,4460,20.2,26.2
9440,1979,USA,Diesel,Front-wheel drive,3,2450,7,,4600,17.1,28.6
9441,1995,Europe,Gasoline,Front-wheel drive,4,2330,6,245.0,4190,17.6,28.4
9442,2004,Europe,Gasoline,Front-wheel drive,4,2430,6,254.0,4340,16.7,30.5
9443,2024,USA,Diesel,Front-wheel drive,5,2350,7,270.0,4170,17.0,32.3
9444,2008,Europe,Gasoline,Rear-wheel drive,2,2420,6,254.0,4070,,29.7
9445,1991,USA,Gasoline,Front-wheel drive,5,2500,6,274.0,4590,17.2,26.2
9446,1990,USA,Gasoline,Front-wheel drive,3,2380,6,272.0,4360,18.2,24.3
9447,2018,USA,Gasoline,All-wheel drive,3,2330,6,258.0,4510,18.1,28.7
9448,2005,USA,Hybrid,All-wheel drive,2,1900,5,237.0,4000,19.2,36.1
9449,2012,Europe,Gasoline,Front-wheel drive,3,2120,6,229.0,3980,18.4,31.5
9450,1982,Europe,Gasoline,Front-wheel drive,3,2390,7,254.0,4210,20.8,30.2
9451,2021,Asia,Gasoline,All-wheel drive,5,2140,5,235.0,4050,18.4,31.3
9452,1982,USA,Diesel,Rear-wheel drive,4,2700,7,312.0,4710,17.7,27.0
9453,2023,Europe,Diesel,Rear-wheel drive,4,2330,6,281.0,4640,19.9,36.3
9454,2014,USA,Gasoline,Front-wheel drive,5,2280,6,263.0,4530,18.7,30.7
9455,1999,Asia,Diesel,All-wheel drive,3,2630,7,299.0,4670,20.1,27.6
9456,2003,Asia,Gasoline,Front-wheel drive,4,2100,6,231.0,4120,17.6,31.6
9457,2014,USA,Gasoline,Front-wheel drive,4,2500,6,269.0,4650,20.1,28.2
9458,2020,Asia,Gasoline,Rear-wheel drive,3,2290,6,254.0,4170,18.4,34.8
9459,1981,USA,Diesel,Front-wheel drive,4,2400,6,287.0,4220,18.9,26.1
9460,1989,USA,Gasoline,Front-wheel drive,4,2390,7,302.0,4240,19.3,25.1
9461,2012,USA,Diesel,Front-wheel drive,5,2130,6,267.0,4150,19.0,31.8
9462,1984,Europe,Gasoline,Front-wheel drive,2,1900,5,192.0,3730,18.4,28.3
9463,2012,USA,Hybrid,Front-wheel drive,4,2400,7,288.0,4350,17.9,32.5
9464,1985,USA,Gasoline,Front-wheel drive,4,2210,6,,4150,20.1,27.8
9465,2018,USA,Diesel,Front-wheel drive,2,2390,6,300.0,4470,20.0,33.0
9466,2000,USA,Gasoline,All-wheel drive,3,2460,6,271.0,4740,18.0,25.1
9467,1997,Europe,Diesel,Rear-wheel drive,2,2190,6,261.0,4200,16.6,32.1
9468,2018,Europe,Diesel,All-wheel drive,2,2200,6,240.0,4370,19.0,31.2
9469,2019,Asia,Gasoline,Rear-wheel drive,4,2350,7,256.0,4400,17.5,29.6
9470,1995,USA,Gasoline,Front-wheel drive,2,2390,6,273.0,4240,18.4,30.2
9471,2002,Asia,Gasoline,Front-wheel drive,4,1940,6,230.0,3840,17.0,31.0
9472,2013,Europe,Gasoline,All-wheel drive,2,2120,5,215.0,4160,17.5,29.1
9473,2000,USA,Gasoline,Rear-wheel drive,3,2190,6,252.0,4010,18.5,30.7
9474,1976,Asia,Gasoline,Rear-wheel drive,3,2230,6,217.0,4370,19.5,25.0
9475,1998,USA,Gasoline,Front-wheel drive,3,2380,6,290.0,4490,18.0,28.1
9476,1992,USA,Gasoline,Front-wheel drive,5,2410,7,282.0,4880,19.3,24.3
9477,2016,USA,Gasoline,Front-wheel drive,5,2100,6,234.0,4030,20.0,30.4
9478,2013,Asia,Gasoline,Front-wheel drive,5,2380,6,277.0,4190,17.7,30.7
9479,2010,Europe,Hybrid,Rear-wheel drive,4,2470,6,255.0,4680,18.6,33.9
9480,1978,Asia,Gasoline,Front-wheel drive,4,2220,6,220.0,4040,19.3,26.4
9481,2004,USA,Diesel,Rear-wheel drive,4,2210,6,262.0,4460,19.1,33.2
9482,1995,Asia,Gasoline,All-wheel drive,3,2280,6,256.0,4300,18.1,25.7
9483,2008,USA,Gasoline,All-wheel drive,5,2430,7,297.0,4770,16.3,29.4
9484,2005,USA,Diesel,Front-wheel drive,3,2490,7,296.0,4400,19.3,30.5
9485,1983,USA,Diesel,Front-wheel drive,4,2290,6,258.0,4190,18.2,28.3
9486,1991,USA,Diesel,Front-wheel drive,4,2250,6,273.0,4130,19.6,28.0
9487,1980,USA,Gasoline,Front-wheel drive,5,2120,6,,4280,19.4,28.1
9488,1996,Europe,Gasoline,Front-wheel drive,5,1970,5,206.0,4030,,27.4
9489,2010,Asia,Gasoline,Front-wheel drive,5,2370,7,249.0,4490,20.1,32.4
9490,2011,USA,Gasoline,Front-wheel drive,5,2180,6,251.0,4110,18.2,33.8
9491,2001,USA,Diesel,Rear-wheel drive,3,2470,6,282.0,4490,18.5,28.4
9492,1990,Europe,Diesel,All-wheel drive,2,2120,6,233.0,4140,20.7,33.9
9493,2015,USA,Gasoline,Rear-wheel drive,3,2600,6,282.0,4670,20.2,28.8
9494,2002,Europe,Diesel,Front-wheel drive,3,2080,6,231.0,3910,18.6,30.9
9495,1994,Asia,Diesel,Front-wheel drive,3,2190,5,259.0,4140,20.4,30.4
9496,2007,Europe,Hybrid,Front-wheel drive,2,2310,6,255.0,4120,18.5,34.7
9497,1984,USA,Gasoline,Front-wheel drive,5,2360,6,272.0,4190,17.0,27.7
9498,2016,USA,Gasoline,All-wheel drive,4,2430,6,269.0,4530,19.0,27.8
9499,2008,Asia,Gasoline,Front-wheel drive,4,2360,6,243.0,4130,18.6,31.2
9500,2010,Europe,Gasoline,Front-wheel drive,3,2100,6,229.0,3810,18.2,33.7
9501,1984,USA,Hybrid,Rear-wheel drive,4,2070,5,,3910,19.8,31.7
9502,1989,Europe,Hybrid,Front-wheel drive,4,2170,6,227.0,4180,19.5,30.5
9503,2007,Europe,Gasoline,Front-wheel drive,5,2040,6,230.0,3830,,31.9
9504,1980,Europe,Gasoline,Rear-wheel drive,4,2650,7,,4520,18.9,24.4
9505,2014,USA,Gasoline,Rear-wheel drive,3,2140,6,232.0,4450,18.9,30.6
9506,1979,USA,Diesel,Front-wheel drive,5,2030,6,234.0,4370,19.7,32.5
9507,1996,Asia,Gasoline,Rear-wheel drive,4,1790,5,191.0,4000,19.2,31.8
9508,1992,Europe,Gasoline,Front-wheel drive,3,2280,6,264.0,4320,18.7,29.1
9509,1989,USA,Diesel,All-wheel drive,2,2270,6,288.0,4540,19.2,27.4
9510,1979,USA,Diesel,All-wheel drive,5,2330,6,,4600,19.3,27.1
9511,2005,Asia,Gasoline,Front-wheel drive,4,2130,6,231.0,4210,19.0,31.4
9512,1983,USA,Diesel,Front-wheel drive,4,1880,5,,4040,18.6,30.7
9513,1978,Asia,Gasoline,Rear-wheel drive,5,2330,6,256.0,4580,21.2,28.7
9514,2011,USA,Gasoline,Front-wheel drive,4,2110,6,246.0,4070,17.3,30.9
9515,1990,Asia,Gasoline,Front-wheel drive,3,2510,6,259.0,4500,21.3,25.9
9516,2005,USA,Gasoline,Front-wheel drive,4,1890,5,238.0,3980,18.8,31.0
9517,2001,Europe,Gasoline,Front-wheel drive,5,2130,6,230.0,4220,18.1,30.8
9518,2016,Europe,Hybrid,Front-wheel drive,4,2320,6,270.0,4400,19.1,36.4
9519,1988,USA,Diesel,Front-wheel drive,3,2000,5,247.0,4110,20.6,28.8
9520,1994,Europe,Diesel,Front-wheel drive,3,2180,6,224.0,4320,,31.4
9521,2021,Asia,Gasoline,Front-wheel drive,4,2370,6,248.0,4440,18.7,30.4
9522,2007,Asia,Diesel,Front-wheel drive,3,2620,6,294.0,4470,17.3,30.0
9523,1975,Europe,Gasoline,Front-wheel drive,3,2250,6,258.0,4010,20.5,31.2
9524,2008,USA,Gasoline,Front-wheel drive,3,2580,6,271.0,4410,18.2,29.5
9525,1997,Europe,Gasoline,Front-wheel drive,2,2450,6,268.0,4200,17.4,31.9
9526,2005,USA,Gasoline,All-wheel drive,3,2270,6,267.0,4480,20.5,26.2
9527,1978,Asia,Hybrid,Front-wheel drive,3,2370,6,229.0,4010,17.8,33.4
9528,1977,Europe,Diesel,Front-wheel drive,5,2130,6,245.0,4190,18.4,29.6
9529,2005,Asia,Gasoline,Rear-wheel drive,4,2320,6,244.0,4430,18.9,29.1
9530,1996,Asia,Gasoline,Rear-wheel drive,3,2400,6,244.0,4220,18.0,28.2
9531,2004,USA,Gasoline,Front-wheel drive,5,1980,6,253.0,4330,20.1,28.6
9532,2014,USA,Gasoline,Front-wheel drive,4,2340,6,,4090,18.6,26.6
9533,1987,Europe,Diesel,Front-wheel drive,5,2210,6,258.0,4560,18.4,29.6
9534,2023,USA,Diesel,Front-wheel drive,4,2380,6,277.0,4400,18.1,31.8
9535,1981,Europe,Gasoline,Front-wheel drive,5,2230,6,218.0,4190,20.9,26.9
9536,1978,Asia,Gasoline,Front-wheel drive,2,2230,6,,3970,18.8,27.4
9537,1984,Asia,Gasoline,Rear-wheel drive,3,1910,5,206.0,3950,17.3,29.6
9538,2016,USA,Gasoline,Front-wheel drive,3,2280,6,294.0,4140,16.9,30.1
9539,1981,USA,Gasoline,Rear-wheel drive,4,2280,6,251.0,4370,18.9,25.3
9540,1996,Asia,Gasoline,Front-wheel drive,4,1910,6,237.0,4100,19.4,31.9
9541,2020,USA,Gasoline,Front-wheel drive,2,2360,6,256.0,4220,17.8,30.0
9542,2020,Europe,Gasoline,Rear-wheel drive,4,1960,5,206.0,3910,18.2,33.2
9543,1997,Asia,Gasoline,Rear-wheel drive,4,2380,6,246.0,4460,17.9,30.0
9544,2019,USA,Diesel,Front-wheel drive,2,2280,6,266.0,4100,15.7,31.6
9545,2019,Asia,Diesel,Front-wheel drive,4,2170,6,250.0,4250,16.2,36.8
9546,2007,Asia,Gasoline,Front-wheel drive,4,2430,6,273.0,4080,18.0,28.0
9547,2018,Europe,Gasoline,Front-wheel drive,3,2290,6,276.0,4030,17.4,31.0
9548,2008,Asia,Gasoline,Front-wheel drive,3,1960,5,249.0,3900,17.2,32.9
9549,2010,Asia,Gasoline,Rear-wheel drive,3,1720,5,201.0,3740,18.7,32.3
9550,2008,Europe,Diesel,All-wheel drive,5,2380,6,284.0,4560,18.5,32.0
9551,1980,Asia,Gasoline,Front-wheel drive,4,2260,6,245.0,4010,18.2,30.9
9552,1996,Asia,Gasoline,All-wheel drive,4,2120,5,238.0,4370,21.4,31.6
9553,2024,USA,Gasoline,Front-wheel drive,2,2270,6,240.0,4430,18.7,31.4
9554,1980,USA,Diesel,All-wheel drive,5,2560,7,295.0,5100,20.7,24.1
9555,2017,Asia,Gasoline,All-wheel drive,4,2300,6,236.0,4330,16.8,30.2
9556,2021,Asia,Gasoline,Rear-wheel drive,4,2350,6,251.0,4570,17.4,30.8
9557,1986,Asia,Diesel,Front-wheel drive,4,2330,6,259.0,4160,18.5,28.1
9558,1981,USA,Gasoline,Rear-wheel drive,3,2200,6,234.0,4330,20.7,25.4
9559,2009,USA,Gasoline,Front-wheel drive,4,1810,5,218.0,3800,17.2,29.3
9560,1994,Asia,Gasoline,Front-wheel drive,2,2150,6,231.0,3640,20.2,28.1
9561,1999,USA,Gasoline,Front-wheel drive,5,2130,5,221.0,4340,20.3,26.1
9562,2007,USA,Hybrid,Front-wheel drive,2,2070,5,241.0,3870,19.3,35.3
9563,1997,USA,Gasoline,Front-wheel drive,3,2330,6,260.0,4300,17.5,26.2
9564,2015,USA,Gasoline,Rear-wheel drive,2,2260,6,256.0,4270,19.4,29.7
9565,2008,Europe,Gasoline,Front-wheel drive,4,2200,6,221.0,4340,19.4,31.9
9566,1994,Asia,Gasoline,Front-wheel drive,5,2250,6,246.0,3940,19.5,30.8
9567,1976,Europe,Gasoline,Front-wheel drive,4,2420,6,257.0,4260,20.2,23.9
9568,2003,Europe,Gasoline,Rear-wheel drive,5,2290,6,258.0,4350,18.5,29.3
9569,2011,Asia,Gasoline,Rear-wheel drive,3,2460,6,253.0,4510,19.8,30.8
9570,2012,Europe,Gasoline,Front-wheel drive,3,2520,6,267.0,4280,,30.0
9571,2000,Europe,Hybrid,Rear-wheel drive,2,2270,6,245.0,4550,18.8,33.5
9572,1996,Asia,Gasoline,All-wheel drive,3,2060,6,211.0,4200,20.6,29.6
9573,1987,Asia,Gasoline,Front-wheel drive,3,2160,6,,4310,18.7,33.1
9574,1984,USA,Diesel,Front-wheel drive,4,2360,6,304.0,4270,20.6,27.2
9575,1978,Europe,Diesel,Front-wheel drive,3,2220,6,264.0,3810,18.0,30.9
9576,1990,Asia,Gasoline,Rear-wheel drive,3,2320,6,238.0,4190,19.3,28.2
9577,2002,Asia,Gasoline,All-wheel drive,4,2490,6,283.0,4590,18.1,25.8
9578,1988,Asia,Gasoline,Front-wheel drive,2,2200,6,240.0,4220,17.1,29.1
9579,1993,Asia,Gasoline,All-wheel drive,4,2210,6,229.0,4220,20.2,32.4
9580,1998,Europe,Gasoline,Rear-wheel drive,4,2230,6,212.0,4340,19.9,27.8
9581,1986,USA,Gasoline,Front-wheel drive,2,2340,6,253.0,4210,18.1,26.8
9582,1976,USA,Gasoline,Front-wheel drive,3,2240,6,249.0,4110,20.2,27.2
9583,1986,Asia,Diesel,All-wheel drive,4,1960,5,243.0,4010,16.8,30.3
9584,1987,USA,Gasoline,Rear-wheel drive,3,2320,6,260.0,4180,19.1,28.6
9585,2019,USA,Gasoline,All-wheel drive,3,2230,6,273.0,4420,19.9,30.8
9586,2014,USA,Hybrid,Front-wheel drive,3,2280,6,261.0,4090,17.0,37.1
9587,1985,Asia,Gasoline,Front-wheel drive,3,2290,6,228.0,4210,18.7,27.4
9588,1983,USA,Gasoline,Front-wheel drive,5,2270,6,250.0,4490,18.6,26.2
9589,1993,Europe,Hybrid,Front-wheel drive,3,2470,6,262.0,4390,18.0,31.9
9590,1984,Europe,Gasoline,Front-wheel drive,2,2300,6,,4240,18.1,25.1
9591,2004,USA,Gasoline,Front-wheel drive,5,2430,6,287.0,4300,19.1,28.8
9592,1994,USA,Gasoline,Rear-wheel drive,4,2150,6,259.0,4480,17.7,25.8
9593,1995,Asia,Gasoline,Front-wheel drive,4,2320,6,275.0,4080,18.8,27.8
9594,2011,USA,Gasoline,Front-wheel drive,2,2410,6,285.0,4150,17.8,30.1
9595,2005,Asia,Gasoline,Front-wheel drive,3,2260,6,251.0,4040,17.4,29.1
9596,2005,Europe,Diesel,Front-wheel drive,3,2500,6,281.0,4320,19.3,31.0
9597,2014,Asia,Gasoline,Front-wheel drive,4,2050,6,214.0,3770,19.4,34.2
9598,1983,USA,Gasoline,Front-wheel drive,4,2390,6,,4140,17.4,25.2
9599,1989,USA,Gasoline,All-wheel drive,5,2340,7,294.0,4790,18.8,27.3
9600,1984,Asia,Hybrid,Front-wheel drive,5,2210,6,251.0,4290,19.6,33.6
9601,2002,USA,Gasoline,Front-wheel drive,2,2270,7,256.0,4070,17.2,31.1
9602,2003,Asia,Gasoline,Front-wheel drive,4,2230,6,249.0,4250,18.5,32.8
9603,2016,Europe,Gasoline,Front-wheel drive,3,2160,6,234.0,3720,18.3,32.3
9604,1987,Europe,Gasoline,Front-wheel drive,3,2120,6,213.0,4180,19.5,27.7
9605,1987,USA,Diesel,All-wheel drive,4,2320,6,290.0,4630,19.2,27.7
9606,1999,USA,Diesel,Rear-wheel drive,4,2380,6,271.0,4740,20.0,28.2
9607,2021,USA,Gasoline,Rear-wheel drive,4,2320,6,265.0,4510,18.1,31.3
9608,1976,USA,Diesel,Front-wheel drive,3,2390,6,,4370,21.2,28.6
9609,1993,Europe,Gasoline,Front-wheel drive,5,2330,6,258.0,4270,19.8,29.1
9610,1993,Europe,Gasoline,Rear-wheel drive,4,2250,6,232.0,4370,19.8,26.9
9611,1982,Asia,Gasoline,Front-wheel drive,3,2080,6,,4100,18.3,32.8
9612,2012,USA,Gasoline,Front-wheel drive,3,2110,6,241.0,3920,20.1,31.7
9613,2009,USA,Gasoline,Rear-wheel drive,3,2410,7,273.0,4650,17.8,28.9
9614,2011,Europe,Gasoline,Front-wheel drive,5,2330,6,251.0,4160,18.2,31.0
9615,1986,USA,Diesel,Front-wheel drive,2,2310,7,307.0,4170,19.3,28.1
9616,1996,Europe,Hybrid,Front-wheel drive,4,2460,7,254.0,4490,,34.1
9617,1999,Europe,Diesel,All-wheel drive,4,2010,5,238.0,4230,20.2,29.5
9618,2006,Asia,Gasoline,All-wheel drive,2,2120,6,229.0,4200,20.6,31.1
9619,1997,Asia,Gasoline,All-wheel drive,4,2420,6,251.0,4540,19.6,25.7
9620,1991,Europe,Gasoline,All-wheel drive,2,2310,7,269.0,4750,,28.3
9621,1983,Asia,Gasoline,Front-wheel drive,4,2270,6,236.0,4140,19.4,29.6
9622,2023,Asia,Gasoline,All-wheel drive,3,2320,6,257.0,4240,16.9,27.9
9623,1989,Asia,Diesel,Front-wheel drive,3,1840,5,211.0,3620,20.7,31.8
9624,1976,Europe,Gasoline,Rear-wheel drive,3,2220,7,260.0,4320,21.4,26.5
9625,2022,USA,Diesel,All-wheel drive,4,1910,6,244.0,4330,17.5,31.3
9626,1980,USA,Diesel,Front-wheel drive,3,2470,6,283.0,4590,18.1,27.7
9627,1979,Europe,Gasoline,Front-wheel drive,3,2040,5,,3890,18.1,29.6
9628,2013,USA,Gasoline,Rear-wheel drive,3,2440,6,286.0,4500,17.5,26.3
9629,1984,USA,Gasoline,All-wheel drive,4,2280,6,263.0,4690,18.8,24.7
9630,2009,Europe,Hybrid,Rear-wheel drive,4,2370,6,252.0,4630,20.8,31.4
9631,2021,USA,Gasoline,Front-wheel drive,3,1890,5,226.0,3880,19.8,29.6
9632,2009,USA,Diesel,Front-wheel drive,4,2270,6,285.0,4290,16.6,30.3
9633,1991,Asia,Gasoline,All-wheel drive,3,1960,5,214.0,3890,16.7,28.0
9634,1987,USA,Gasoline,Front-wheel drive,4,2130,5,249.0,4310,19.2,28.3
9635,1994,Asia,Gasoline,Front-wheel drive,4,2330,6,238.0,4300,18.3,29.0
9636,1975,Asia,Gasoline,Front-wheel drive,4,2430,7,,4350,20.6,25.8
9637,1976,USA,Gasoline,All-wheel drive,2,2190,6,257.0,4500,20.0,21.6
9638,2000,Europe,Gasoline,All-wheel drive,5,2440,6,257.0,4730,20.6,26.9
9639,1998,Asia,Hybrid,Rear-wheel drive,3,2270,6,266.0,4240,19.8,38.3
9640,1994,Asia,Gasoline,Front-wheel drive,5,2390,6,257.0,4370,18.3,31.9
9641,1989,USA,Gasoline,All-wheel drive,2,2440,7,279.0,4440,20.6,26.6
9642,1988,Asia,Diesel,Front-wheel drive,3,2180,5,237.0,4030,20.8,33.8
9643,2016,Asia,Gasoline,Rear-wheel drive,3,2440,6,255.0,4380,19.0,29.5
9644,2015,Asia,Gasoline,Front-wheel drive,3,1800,5,216.0,3720,20.2,32.2
9645,1986,USA,Diesel,All-wheel drive,4,2470,6,280.0,4420,19.7,24.8
9646,1986,USA,Diesel,Front-wheel drive,3,2140,5,257.0,4290,18.7,28.4
9647,2019,USA,Diesel,All-wheel drive,4,2020,6,235.0,4360,18.9,30.8
9648,2021,Europe,Hybrid,Rear-wheel drive,5,2240,6,262.0,4390,17.6,35.0
9649,2021,USA,Diesel,Front-wheel drive,3,2290,6,299.0,4150,17.1,34.4
9650,1982,Asia,Diesel,Front-wheel drive,2,2200,6,240.0,4180,19.3,28.3
9651,1999,USA,Gasoline,Front-wheel drive,4,2290,6,261.0,4250,19.2,31.1
9652,2009,USA,Gasoline,Front-wheel drive,4,2190,6,253.0,4370,18.0,32.2
9653,2012,USA,Gasoline,Front-wheel drive,4,2280,7,270.0,4130,19.0,29.6
9654,2001,Europe,Gasoline,All-wheel drive,4,2190,6,229.0,4590,21.6,27.7
9655,2022,Europe,Gasoline,Front-wheel drive,3,2280,6,239.0,4190,17.2,30.7
9656,1977,Europe,Gasoline,All-wheel drive,3,1950,6,202.0,3750,18.9,29.5
9657,1978,Europe,Gasoline,Rear-wheel drive,3,2530,7,263.0,4760,18.9,23.7
9658,2010,USA,Diesel,Front-wheel drive,4,2370,7,281.0,4180,20.1,28.8
9659,2008,Asia,Gasoline,Front-wheel drive,2,2220,6,265.0,4000,19.4,30.7
9660,2019,USA,Gasoline,Front-wheel drive,5,1840,6,227.0,4040,17.3,30.1
9661,1981,USA,Diesel,Rear-wheel drive,4,2570,7,287.0,4750,20.2,24.8
9662,2010,Europe,Gasoline,Front-wheel drive,5,1770,5,203.0,3870,19.5,34.2
9663,1982,USA,Diesel,Front-wheel drive,3,2490,7,,4500,19.3,29.6
9664,2005,Asia,Diesel,All-wheel drive,5,2200,6,235.0,4270,23.0,28.8
9665,1990,Asia,Gasoline,All-wheel drive,4,2160,6,215.0,4340,18.2,28.1
9666,1996,Asia,Gasoline,Front-wheel drive,2,2110,5,226.0,3910,17.9,30.2
9667,2017,Asia,Diesel,Front-wheel drive,2,2010,5,233.0,3820,16.9,34.5
9668,2021,Asia,Hybrid,Front-wheel drive,2,2390,6,255.0,4230,20.5,38.4
9669,2019,Europe,Hybrid,Rear-wheel drive,3,2150,6,229.0,4110,,38.2
9670,1988,USA,Gasoline,Front-wheel drive,3,2090,6,268.0,3960,17.5,26.1
9671,2010,USA,Gasoline,Front-wheel drive,5,2370,6,265.0,4290,16.5,32.1
9672,2024,Asia,Gasoline,Front-wheel drive,3,2390,6,269.0,4020,18.4,32.3
9673,2013,USA,Gasoline,Front-wheel drive,3,2350,7,283.0,4410,16.9,27.8
9674,2021,Europe,Gasoline,Front-wheel drive,4,2310,6,249.0,3940,18.3,32.9
9675,1979,Europe,Gasoline,Front-wheel drive,4,2280,6,248.0,4010,15.5,27.8
9676,2001,Asia,Diesel,Rear-wheel drive,3,2080,6,237.0,3940,18.4,30.4
9677,2004,USA,Hybrid,Front-wheel drive,5,2060,6,218.0,3910,20.4,35.4
9678,2014,USA,Gasoline,Front-wheel drive,3,2330,6,250.0,4160,18.2,31.2
9679,2019,USA,Gasoline,Front-wheel drive,3,2380,6,263.0,4310,19.4,32.4
9680,2014,USA,Gasoline,Front-wheel drive,4,2430,7,253.0,4660,19.2,32.8
9681,1977,Europe,Diesel,All-wheel drive,3,2400,6,269.0,4550,19.9,26.1
9682,2007,Asia,Gasoline,Rear-wheel drive,3,2240,6,248.0,4130,18.7,29.4
9683,2012,Europe,Gasoline,All-wheel drive,3,2190,6,252.0,4360,20.6,30.0
9684,1984,Asia,Gasoline,All-wheel drive,2,2300,6,258.0,4190,19.4,27.0
9685,2017,USA,Gasoline,Front-wheel drive,4,2540,6,267.0,4330,17.3,30.6
9686,2011,USA,Gasoline,Front-wheel drive,5,2010,6,238.0,4090,19.2,32.9
9687,2003,Asia,Gasoline,Front-wheel drive,3,2190,6,239.0,4220,19.1,30.4
9688,2014,Europe,Gasoline,Front-wheel drive,4,2470,7,264.0,4340,20.4,30.6
9689,1988,Europe,Diesel,Front-wheel drive,4,2200,6,245.0,4150,19.0,31.6
9690,1983,Europe,Gasoline,All-wheel drive,3,2430,6,,4540,21.5,24.0
9691,1993,Europe,Gasoline,Front-wheel drive,4,2040,5,232.0,3950,19.8,29.6
9692,2014,USA,Diesel,Front-wheel drive,3,2290,6,280.0,3980,16.9,31.1
9693,2006,USA,Gasoline,Front-wheel drive,4,2260,6,236.0,4100,17.4,31.6
9694,1993,USA,Hybrid,Front-wheel drive,3,2000,6,245.0,4050,18.2,33.6
9695,2007,Asia,Gasoline,Front-wheel drive,4,2390,6,256.0,4260,19.6,28.5
9696,1984,Asia,Gasoline,Rear-wheel drive,3,2400,6,,4470,19.1,28.3
9697,1990,USA,Hybrid,Rear-wheel drive,4,2410,7,292.0,4860,19.6,29.1
9698,1993,USA,Diesel,Front-wheel drive,3,2610,7,301.0,4800,20.2,27.7
9699,1981,Europe,Gasoline,All-wheel drive,2,2550,7,,4770,19.1,22.9
9700,1982,Europe,Gasoline,Front-wheel drive,4,2320,6,,4030,20.1,27.5
9701,1977,Europe,Gasoline,Front-wheel drive,2,2170,6,,3920,,30.9
9702,1991,USA,Hybrid,Front-wheel drive,3,2300,7,274.0,4510,20.7,33.3
9703,2005,USA,Gasoline,Front-wheel drive,4,2090,5,209.0,4020,18.3,29.7
9704,1992,USA,Gasoline,Rear-wheel drive,3,2180,6,250.0,4440,17.6,28.8
9705,1998,USA,Hybrid,Rear-wheel drive,5,2130,6,247.0,4180,16.5,32.7
9706,2020,Europe,Gasoline,Rear-wheel drive,4,2620,7,273.0,4820,18.7,30.2
9707,1983,USA,Gasoline,Front-wheel drive,4,2170,6,245.0,4180,19.4,27.6
9708,2021,Asia,Gasoline,Rear-wheel drive,4,2190,6,249.0,4230,19.4,32.4
9709,1985,USA,Gasoline,Front-wheel drive,3,2220,6,266.0,4420,18.6,28.2
9710,2011,USA,Gasoline,Front-wheel drive,3,2330,6,268.0,4320,19.3,31.7
9711,2007,USA,Gasoline,Front-wheel drive,3,2750,7,299.0,4910,19.5,30.0
9712,2008,USA,Hybrid,Front-wheel drive,5,2210,6,255.0,4380,18.6,33.2
9713,2000,USA,Gasoline,Front-wheel drive,5,2510,7,288.0,4600,18.7,28.5
9714,2023,USA,Gasoline,Rear-wheel drive,5,2590,7,286.0,4750,19.7,28.9
9715,2011,Asia,Diesel,Front-wheel drive,5,2280,6,263.0,4200,18.3,32.6
9716,2010,USA,Gasoline,Front-wheel drive,3,2630,6,297.0,4670,18.8,26.8
9717,2000,USA,Diesel,Front-wheel drive,3,2480,6,289.0,4330,19.9,30.2
9718,2012,Asia,Gasoline,Front-wheel drive,3,2510,6,271.0,4440,19.1,30.7
9719,2021,Europe,Diesel,Rear-wheel drive,5,2010,6,230.0,4370,19.7,34.4
9720,1997,USA,Gasoline,Rear-wheel drive,2,2180,6,261.0,3850,16.3,27.2
9721,2006,USA,Diesel,Rear-wheel drive,3,2310,6,305.0,4400,16.4,27.2
9722,1978,Asia,Gasoline,Front-wheel drive,5,2600,7,255.0,4450,18.8,26.2
9723,2011,Asia,Gasoline,Front-wheel drive,3,2240,6,243.0,4210,16.1,27.3
9724,2007,USA,Gasoline,Rear-wheel drive,4,1920,5,219.0,4140,19.4,32.9
9725,2002,USA,Gasoline,Rear-wheel drive,2,2320,6,252.0,4120,17.9,29.2
9726,1989,Asia,Diesel,Front-wheel drive,4,2300,6,258.0,4270,20.0,31.3
9727,1980,Asia,Gasoline,All-wheel drive,4,2300,6,,4500,18.4,25.3
9728,2009,USA,Gasoline,Rear-wheel drive,3,2290,6,261.0,4700,17.0,30.6
9729,2007,Europe,Gasoline,All-wheel drive,4,2450,7,298.0,4800,19.3,26.9
9730,1978,USA,Gasoline,Rear-wheel drive,3,2060,5,232.0,4170,21.5,25.2
9731,2005,Europe,Diesel,Front-wheel drive,3,2590,7,288.0,4510,19.0,33.7
9732,2023,Asia,Gasoline,Rear-wheel drive,4,2530,7,282.0,4660,18.1,28.5
9733,1990,USA,Gasoline,Front-wheel drive,2,2220,6,241.0,4270,19.3,25.4
9734,2009,Asia,Gasoline,Rear-wheel drive,3,2180,6,249.0,4270,18.9,28.9
9735,2018,Asia,Diesel,Rear-wheel drive,3,2370,6,268.0,4480,18.6,29.3
9736,2010,Europe,Gasoline,All-wheel drive,3,2310,6,248.0,4610,20.0,29.4
9737,2019,Asia,Gasoline,Front-wheel drive,5,2160,6,238.0,4140,18.1,36.9
9738,1998,Europe,Gasoline,Front-wheel drive,3,2260,6,239.0,4440,17.7,31.0
9739,2010,Europe,Diesel,Rear-wheel drive,3,2170,5,246.0,4230,20.1,32.2
9740,1976,Europe,Gasoline,Front-wheel drive,5,1860,5,191.0,3770,18.0,33.0
9741,1975,Asia,Diesel,All-wheel drive,3,2340,6,,4430,18.5,29.3
9742,2020,USA,Gasoline,Front-wheel drive,4,2200,6,244.0,4040,14.5,30.7
9743,2003,Europe,Diesel,Rear-wheel drive,4,2380,6,254.0,4510,21.5,30.3
9744,2021,Asia,Gasoline,Front-wheel drive,3,2460,6,271.0,4080,17.7,31.3
9745,2019,Asia,Gasoline,Front-wheel drive,5,2190,6,260.0,4220,18.7,34.0
9746,2015,Europe,Diesel,Front-wheel drive,4,2350,6,275.0,4160,18.2,31.1
9747,2023,Europe,Hybrid,Rear-wheel drive,2,2240,6,239.0,4180,,34.9
9748,1999,Europe,Diesel,Rear-wheel drive,5,2560,6,269.0,4440,18.5,32.4
9749,2009,Europe,Gasoline,All-wheel drive,5,2120,6,235.0,4260,19.7,31.8
9750,1984,Asia,Diesel,All-wheel drive,3,2390,6,276.0,4690,17.6,31.5
9751,2002,Europe,Gasoline,Front-wheel drive,3,2370,6,273.0,4390,18.0,30.4
9752,1993,USA,Gasoline,Rear-wheel drive,4,2340,6,278.0,4580,20.5,26.0
9753,1997,Europe,Gasoline,Front-wheel drive,5,2360,6,256.0,4280,19.2,30.6
9754,1988,Asia,Gasoline,Front-wheel drive,3,2560,7,282.0,4450,19.2,29.0
9755,2019,Asia,Diesel,All-wheel drive,2,2300,6,256.0,4370,19.0,32.9
9756,1993,USA,Diesel,Front-wheel drive,4,2320,6,263.0,4460,20.0,28.9
9757,1980,Europe,Diesel,All-wheel drive,4,2480,7,,4850,20.4,22.6
9758,2003,Europe,Gasoline,All-wheel drive,3,2750,7,298.0,4900,19.2,27.9
9759,1982,USA,Gasoline,Front-wheel drive,3,2310,6,276.0,4270,20.5,26.8
9760,2003,Europe,Gasoline,Rear-wheel drive,3,2130,6,240.0,4190,18.7,33.8
9761,1997,Europe,Gasoline,Front-wheel drive,4,2090,6,222.0,4110,17.2,28.4
9762,1984,USA,Diesel,Rear-wheel drive,3,2370,6,,4270,19.1,28.9
9763,2020,Asia,Gasoline,Rear-wheel drive,3,2050,5,217.0,4170,19.7,34.2
9764,2010,Asia,Gasoline,Rear-wheel drive,5,1860,5,211.0,4110,19.8,31.3
9765,2000,USA,Hybrid,Front-wheel drive,5,2610,7,313.0,4630,20.4,30.1
9766,1976,Asia,Gasoline,Front-wheel drive,4,2350,6,271.0,4090,19.7,27.2
9767,1987,Europe,Diesel,Front-wheel drive,3,2100,5,250.0,3920,17.4,30.0
9768,2009,Europe,Hybrid,Front-wheel drive,3,2170,6,229.0,4050,,36.3
9769,1991,Europe,Hybrid,All-wheel drive,2,2260,6,231.0,4320,19.2,32.4
9770,2005,Europe,Gasoline,Front-wheel drive,4,2140,6,237.0,3990,18.9,31.4
9771,1996,Asia,Diesel,Front-wheel drive,4,2430,6,275.0,4420,17.6,31.5
9772,1985,Asia,Gasoline,Front-wheel drive,3,2150,6,223.0,4140,22.2,30.4
9773,2003,Europe,Gasoline,Front-wheel drive,3,2160,6,252.0,4150,18.7,30.9
9774,1987,USA,Gasoline,Front-wheel drive,3,2420,6,262.0,4140,17.4,25.9
9775,2022,Europe,Hybrid,Front-wheel drive,2,2250,6,254.0,4410,17.2,36.3
9776,2003,Asia,Gasoline,Front-wheel drive,4,2190,6,236.0,4270,18.5,29.7
9777,1997,Europe,Diesel,Front-wheel drive,4,2090,6,242.0,3910,18.7,30.0
9778,2011,USA,Diesel,Front-wheel drive,2,2420,6,284.0,4230,20.0,28.0
9779,1999,Europe,Gasoline,All-wheel drive,4,2320,6,256.0,4520,17.8,26.6
9780,1996,Asia,Gasoline,Front-wheel drive,5,2180,6,245.0,4160,19.0,31.1
9781,1984,USA,Gasoline,Rear-wheel drive,4,2060,6,231.0,4430,19.5,26.4
9782,2002,Asia,Diesel,Front-wheel drive,4,2130,6,211.0,4190,20.8,34.1
9783,1979,Asia,Gasoline,Front-wheel drive,2,2120,6,230.0,4040,19.2,30.2
9784,2023,USA,Gasoline,Front-wheel drive,3,2320,6,268.0,4000,18.8,30.5
9785,1981,Europe,Gasoline,Front-wheel drive,4,2700,7,,4450,19.3,25.7
9786,1987,USA,Gasoline,Front-wheel drive,4,2120,6,236.0,4150,20.2,25.3
9787,2018,Asia,Hybrid,All-wheel drive,2,2330,6,263.0,4650,19.0,35.4
9788,2019,USA,Hybrid,All-wheel drive,4,2040,5,227.0,4150,18.1,35.0
9789,1983,USA,Gasoline,Front-wheel drive,5,2250,6,255.0,4300,18.0,28.9
9790,1989,USA,Diesel,Front-wheel drive,4,2630,7,303.0,4550,18.6,28.0
9791,1999,Asia,Diesel,All-wheel drive,3,2260,6,244.0,4370,20.3,32.6
9792,1982,USA,Gasoline,Rear-wheel drive,2,2270,6,,4470,17.7,25.2
9793,1984,Asia,Gasoline,All-wheel drive,5,1950,6,226.0,4470,20.1,27.4
9794,1982,Asia,Gasoline,Rear-wheel drive,3,2090,5,240.0,4140,19.3,28.9
9795,2023,USA,Diesel,Rear-wheel drive,2,2240,6,269.0,4620,18.4,29.3
9796,2003,USA,Gasoline,Rear-wheel drive,4,2170,6,262.0,4630,19.4,30.0
9797,2004,USA,Gasoline,Rear-wheel drive,3,2460,7,267.0,4690,18.2,28.4
9798,2023,USA,Gasoline,All-wheel drive,2,2290,7,264.0,4470,18.6,32.0
9799,1998,USA,Hybrid,Rear-wheel drive,3,2330,6,260.0,4260,18.0,35.1
9800,1991,Asia,Gasoline,Rear-wheel drive,5,2020,5,212.0,4160,19.0,29.1
9801,1999,Asia,Gasoline,Rear-wheel drive,3,2420,6,269.0,4400,18.0,26.5
9802,2016,Asia,Gasoline,Front-wheel drive,3,2350,7,288.0,4030,17.4,30.2
9803,2000,USA,Gasoline,Front-wheel drive,4,1910,5,235.0,3840,17.0,31.0
9804,1998,Europe,Gasoline,Front-wheel drive,4,2130,5,230.0,4050,16.9,33.6
9805,2006,USA,Gasoline,Front-wheel drive,3,2230,6,279.0,4060,19.6,30.9
9806,1995,Asia,Gasoline,Front-wheel drive,3,2250,6,263.0,4110,20.0,33.6
9807,1975,Asia,Diesel,All-wheel drive,3,2210,6,,4340,19.9,26.4
9808,1986,Europe,Hybrid,Front-wheel drive,3,2300,6,225.0,4000,18.8,30.9
9809,2003,USA,Hybrid,Front-wheel drive,4,2350,7,268.0,4290,19.0,34.4
9810,1982,USA,Diesel,Rear-wheel drive,3,2360,6,288.0,4310,18.5,28.1
9811,2015,USA,Gasoline,All-wheel drive,2,2180,6,250.0,4530,21.9,28.7
9812,2013,Asia,Diesel,Front-wheel drive,3,2280,6,272.0,4120,17.9,33.1
9813,1985,Europe,Gasoline,All-wheel drive,4,2210,6,233.0,4340,20.2,29.8
9814,2002,Asia,Diesel,Front-wheel drive,3,2470,7,270.0,4380,18.9,29.6
9815,2010,USA,Gasoline,Rear-wheel drive,4,2230,6,259.0,4470,18.3,25.9
9816,2000,Europe,Gasoline,Front-wheel drive,5,2340,6,273.0,4240,,30.4
9817,2019,USA,Gasoline,Front-wheel drive,3,2430,6,271.0,4490,18.5,33.4
9818,2001,Asia,Gasoline,Rear-wheel drive,4,2310,6,259.0,4220,18.1,30.9
9819,2021,USA,Gasoline,Rear-wheel drive,3,2100,5,249.0,4120,17.3,29.8
9820,2017,Europe,Gasoline,All-wheel drive,3,1930,5,202.0,3830,18.7,31.3
9821,2020,Europe,Diesel,Front-wheel drive,4,2370,5,261.0,3990,16.9,31.6
9822,1979,Asia,Diesel,Rear-wheel drive,2,2520,7,,4620,17.1,26.7
9823,1985,USA,Gasoline,Rear-wheel drive,4,2600,7,280.0,4680,19.3,26.1
9824,1976,USA,Gasoline,Front-wheel drive,5,1890,5,236.0,4080,18.6,31.5
9825,1999,USA,Diesel,Front-wheel drive,3,2180,6,251.0,4110,18.3,32.3
9826,2019,Asia,Gasoline,All-wheel drive,4,2240,6,211.0,4280,20.4,30.7
9827,1976,Europe,Gasoline,Front-wheel drive,4,2140,6,,3990,17.9,29.0
9828,1990,USA,Diesel,All-wheel drive,5,2540,7,300.0,4570,18.0,26.1
9829,2016,USA,Gasoline,Front-wheel drive,5,2040,6,255.0,4490,19.7,31.1
9830,1984,USA,Gasoline,Front-wheel drive,4,2040,5,229.0,4120,18.9,28.1
9831,2016,Europe,Gasoline,Rear-wheel drive,2,2340,6,266.0,4180,15.8,31.4
9832,2002,Asia,Hybrid,All-wheel drive,5,2180,6,270.0,4450,17.2,31.6
9833,2001,USA,Gasoline,Front-wheel drive,3,2310,6,277.0,4240,18.7,28.7
9834,1999,Asia,Gasoline,All-wheel drive,3,2040,5,206.0,3900,17.9,29.1
9835,2001,Asia,Gasoline,Rear-wheel drive,4,2700,7,285.0,4310,17.8,25.6
9836,2006,USA,Gasoline,Rear-wheel drive,4,1970,5,231.0,4010,17.0,28.9
9837,2010,USA,Gasoline,All-wheel drive,2,2350,6,270.0,4380,18.3,29.0
9838,1990,Europe,Gasoline,Rear-wheel drive,4,2310,6,264.0,4520,19.9,28.4
9839,2021,Asia,Gasoline,Front-wheel drive,3,2200,6,248.0,4170,22.0,32.4
9840,1976,Europe,Gasoline,Front-wheel drive,3,2110,5,,4160,20.5,30.7
9841,2012,Asia,Diesel,Front-wheel drive,3,2030,5,218.0,3740,18.0,35.9
9842,2018,Europe,Gasoline,All-wheel drive,5,2340,6,256.0,4480,18.7,32.0
9843,1977,USA,Diesel,Rear-wheel drive,4,2240,6,270.0,4250,19.1,26.5
9844,1980,Asia,Gasoline,Rear-wheel drive,4,2320,6,257.0,4500,18.6,26.7
9845,2019,USA,Diesel,Rear-wheel drive,3,2450,6,297.0,4630,16.8,32.3
9846,2018,USA,Gasoline,Front-wheel drive,2,2370,7,281.0,4430,16.5,31.3
9847,2016,Asia,Gasoline,Rear-wheel drive,3,2550,7,,4500,18.5,29.9
9848,2007,USA,Diesel,All-wheel drive,3,2220,6,261.0,4580,19.9,31.4
9849,1992,USA,Gasoline,Front-wheel drive,3,2220,6,254.0,4400,18.6,25.9
9850,2009,Europe,Hybrid,Front-wheel drive,5,2210,6,230.0,4190,19.1,31.0
9851,1998,USA,Gasoline,Rear-wheel drive,5,2170,6,249.0,4450,19.0,26.9
9852,2000,USA,Gasoline,Rear-wheel drive,4,2310,6,255.0,4350,17.9,28.1
9853,2013,Asia,Gasoline,Front-wheel drive,2,2490,6,275.0,4460,19.6,28.3
9854,2019,Asia,Gasoline,Front-wheel drive,4,2340,7,250.0,4290,19.9,30.7
9855,2012,Asia,Gasoline,Rear-wheel drive,5,2310,6,252.0,4480,21.5,29.7
9856,1992,USA,Gasoline,Front-wheel drive,5,2340,6,289.0,4240,19.3,32.2
9857,2006,USA,Gasoline,Front-wheel drive,4,1980,6,238.0,4200,21.1,31.4
9858,1988,Europe,Gasoline,Front-wheel drive,3,2130,6,218.0,3860,17.9,27.3
9859,1989,USA,Gasoline,Rear-wheel drive,5,2050,6,226.0,4320,19.7,28.2
9860,1979,USA,Gasoline,Front-wheel drive,3,2130,6,,4360,19.1,28.4
9861,1995,Asia,Gasoline,Front-wheel drive,3,2160,6,242.0,4110,17.9,29.7
9862,1985,Asia,Gasoline,Rear-wheel drive,4,2230,6,244.0,4070,20.9,27.5
9863,2013,USA,Gasoline,Rear-wheel drive,5,2260,6,245.0,4250,18.5,28.7
9864,1978,USA,Gasoline,Front-wheel drive,3,2650,6,284.0,4570,17.8,24.8
9865,2006,Europe,Gasoline,Front-wheel drive,2,2170,6,233.0,4040,,34.0
9866,2000,USA,Diesel,Front-wheel drive,2,2440,7,304.0,4340,17.5,30.1
9867,1998,Asia,Gasoline,Rear-wheel drive,3,2230,5,251.0,3780,17.8,27.6
9868,2012,Asia,Diesel,All-wheel drive,3,2400,6,282.0,4260,16.3,31.5
9869,2000,USA,Gasoline,Rear-wheel drive,5,2180,6,248.0,4340,20.2,28.0
9870,1993,USA,Diesel,Rear-wheel drive,3,2410,6,277.0,4250,17.4,31.0
9871,1980,USA,Gasoline,Rear-wheel drive,3,2320,7,280.0,4550,22.1,24.5
9872,2023,Europe,Diesel,All-wheel drive,4,2370,6,274.0,4330,18.2,33.1
9873,1984,USA,Diesel,Rear-wheel drive,4,2300,6,270.0,4610,19.8,28.9
9874,2012,Europe,Diesel,Rear-wheel drive,3,2470,7,287.0,4760,19.3,28.6
9875,1996,Asia,Gasoline,All-wheel drive,3,2290,6,234.0,4170,18.0,31.5
9876,2020,Asia,Gasoline,Front-wheel drive,3,2110,6,214.0,3870,19.6,35.9
9877,2010,USA,Diesel,All-wheel drive,3,2210,6,286.0,4190,18.1,33.7
9878,2011,Asia,Hybrid,Front-wheel drive,3,2160,6,223.0,4130,19.7,35.7
9879,2020,USA,Diesel,Front-wheel drive,2,1950,5,225.0,3700,17.3,38.1
9880,2007,Europe,Gasoline,All-wheel drive,4,2400,7,282.0,4670,18.2,29.8
9881,1995,USA,Gasoline,All-wheel drive,5,2140,6,240.0,4470,18.0,27.8
9882,1981,Europe,Hybrid,Front-wheel drive,4,2440,7,283.0,4420,18.1,31.2
9883,1992,USA,Hybrid,Front-wheel drive,3,2670,7,314.0,4560,18.2,30.5
9884,2011,USA,Gasoline,Front-wheel drive,4,2150,6,244.0,4060,18.8,31.2
9885,2019,Europe,Diesel,Front-wheel drive,4,2000,5,231.0,3890,19.5,36.3
9886,1975,USA,Gasoline,Rear-wheel drive,5,2340,6,249.0,4580,20.3,23.4
9887,2024,USA,Gasoline,Front-wheel drive,3,2180,6,263.0,4170,18.1,33.7
9888,2021,Europe,Gasoline,Front-wheel drive,4,2250,6,231.0,4090,19.3,32.8
9889,1996,USA,Diesel,All-wheel drive,4,2480,7,279.0,4590,17.1,27.3
9890,1982,USA,Gasoline,Front-wheel drive,3,2190,6,,4060,18.4,26.6
9891,1998,USA,Gasoline,Front-wheel drive,5,2350,6,252.0,4250,19.5,31.8
9892,1985,Europe,Diesel,All-wheel drive,3,2020,6,248.0,3880,21.0,32.0
9893,1998,Asia,Diesel,All-wheel drive,2,2290,6,269.0,4170,18.6,31.3
9894,2001,USA,Hybrid,All-wheel drive,2,2040,6,249.0,4220,17.3,31.7
9895,1984,Europe,Gasoline,Rear-wheel drive,2,2200,6,269.0,4190,20.0,27.6
9896,2001,USA,Gasoline,Front-wheel drive,3,2140,6,229.0,3900,21.2,28.3
9897,2021,USA,Gasoline,Front-wheel drive,2,2300,6,268.0,4360,19.1,31.4
9898,2002,USA,Gasoline,Rear-wheel drive,5,2280,6,256.0,4530,19.0,28.3
9899,1999,Asia,Gasoline,Front-wheel drive,5,2340,6,259.0,4240,16.7,29.3
9900,2009,USA,Gasoline,Rear-wheel drive,4,2040,6,248.0,4230,18.6,28.8
9901,2006,Europe,Gasoline,Front-wheel drive,4,2500,7,275.0,4630,,27.7
9902,2024,USA,Gasoline,Front-wheel drive,2,2390,6,268.0,4500,19.8,30.8
9903,2005,Asia,Gasoline,Front-wheel drive,4,2020,6,235.0,4190,19.6,29.6
9904,1985,Europe,Gasoline,Rear-wheel drive,2,2700,7,272.0,4970,21.8,26.1
9905,1996,USA,Gasoline,Rear-wheel drive,5,2280,6,247.0,4400,21.5,28.6
9906,2022,USA,Gasoline,Front-wheel drive,5,2370,6,264.0,4020,16.8,35.2
9907,2018,USA,Gasoline,Rear-wheel drive,4,2360,6,263.0,4410,17.1,30.8
9908,1989,Europe,Gasoline,All-wheel drive,5,2390,6,242.0,4580,20.2,26.3
9909,2006,USA,Gasoline,Front-wheel drive,4,2350,6,270.0,4500,18.7,30.8
9910,2001,USA,Hybrid,Rear-wheel drive,5,2380,6,273.0,4720,19.6,29.9
9911,1978,USA,Gasoline,All-wheel drive,4,2400,7,287.0,4780,17.9,25.0
9912,1983,USA,Gasoline,Front-wheel drive,5,1960,5,,3890,18.5,29.7
9913,1982,Asia,Gasoline,All-wheel drive,4,2400,6,242.0,4600,19.9,28.3
9914,2009,Europe,Gasoline,Front-wheel drive,4,2240,6,241.0,3860,,31.5
9915,1976,Asia,Hybrid,Front-wheel drive,3,2040,6,236.0,3840,19.9,32.2
9916,1990,Asia,Gasoline,Front-wheel drive,2,2170,6,213.0,4120,19.3,28.2
9917,2017,Asia,Gasoline,All-wheel drive,4,2090,6,223.0,4070,17.3,33.5
9918,2006,Asia,Hybrid,Front-wheel drive,5,2460,6,253.0,4300,19.0,35.8
9919,2017,Europe,Gasoline,Front-wheel drive,4,2540,6,285.0,4350,15.5,28.8
9920,1997,Europe,Gasoline,Rear-wheel drive,4,2170,6,255.0,4180,17.6,30.4
9921,2020,USA,Gasoline,Front-wheel drive,3,2340,6,250.0,4430,19.3,30.1
9922,1995,USA,Diesel,Front-wheel drive,2,2300,6,254.0,4270,18.6,31.5
9923,2011,Europe,Diesel,Rear-wheel drive,4,2370,7,282.0,4460,18.0,32.1
9924,1996,Europe,Gasoline,Front-wheel drive,4,2410,6,267.0,4380,20.2,29.6
9925,1980,Asia,Gasoline,Rear-wheel drive,4,2180,6,,4180,15.5,29.8
9926,1992,Asia,Gasoline,Front-wheel drive,5,2240,6,241.0,4230,18.7,31.6
9927,1980,Europe,Gasoline,Front-wheel drive,2,2280,6,263.0,4030,17.8,30.9
9928,1988,Europe,Gasoline,Front-wheel drive,2,2240,6,218.0,4230,19.4,29.4
9929,1986,Europe,Gasoline,Front-wheel drive,4,2560,7,257.0,4730,20.1,29.6
9930,2002,Asia,Hybrid,Front-wheel drive,4,2290,6,262.0,4170,19.7,35.7
9931,2024,Europe,Gasoline,All-wheel drive,4,2200,6,231.0,4400,,33.8
9932,1997,Asia,Gasoline,Front-wheel drive,3,2180,6,223.0,3900,17.7,30.4
9933,2012,Europe,Gasoline,Front-wheel drive,3,2150,5,230.0,3940,18.4,34.9
9934,2020,USA,Gasoline,Rear-wheel drive,4,2280,6,246.0,4350,22.5,28.4
9935,2018,USA,Gasoline,Front-wheel drive,3,2450,6,292.0,4290,18.3,30.8
9936,1998,USA,Diesel,Front-wheel drive,4,2110,5,261.0,3960,20.1,30.1
9937,1975,Europe,Gasoline,Front-wheel drive,3,2180,6,246.0,4100,19.7,31.5
9938,2016,Asia,Gasoline,Rear-wheel drive,2,2580,7,273.0,4340,20.1,29.6
9939,1980,USA,Gasoline,All-wheel drive,2,2330,6,272.0,4610,18.6,24.0
9940,2016,Europe,Diesel,All-wheel drive,2,2190,6,251.0,4320,17.8,32.9
9941,1992,USA,Gasoline,Front-wheel drive,5,2490,7,267.0,4260,20.0,25.9
9942,1979,Asia,Gasoline,Rear-wheel drive,5,2220,7,,4550,19.1,26.4
9943,2014,Europe,Diesel,All-wheel drive,3,2280,6,249.0,3840,16.7,31.7
9944,2004,USA,Diesel,Front-wheel drive,4,2600,7,287.0,4680,20.9,29.7
9945,1992,Europe,Gasoline,All-wheel drive,3,2170,6,250.0,4110,21.1,29.5
9946,1984,USA,Gasoline,Front-wheel drive,4,2710,7,,4670,18.1,27.5
9947,1983,Asia,Hybrid,All-wheel drive,4,2300,6,243.0,4220,17.9,33.1
9948,2013,Asia,Diesel,Rear-wheel drive,4,2640,6,278.0,4780,19.6,30.1
9949,1978,USA,Gasoline,Rear-wheel drive,4,2130,6,240.0,4140,19.2,25.5
9950,2016,USA,Gasoline,Front-wheel drive,4,2020,6,241.0,3880,18.4,33.5
9951,2001,Asia,Gasoline,Front-wheel drive,5,1980,5,215.0,3800,18.9,30.7
9952,2011,Asia,Gasoline,Front-wheel drive,2,2190,5,231.0,3980,17.7,31.7
9953,1978,Asia,Gasoline,All-wheel drive,3,2230,6,247.0,4020,18.5,30.2
9954,1994,Europe,Diesel,Front-wheel drive,4,2160,6,264.0,4140,18.2,30.4
9955,1984,Asia,Gasoline,Rear-wheel drive,2,2290,6,,4330,19.3,26.8
9956,1994,Asia,Gasoline,Front-wheel drive,4,2420,6,274.0,4060,18.4,30.3
9957,1984,Asia,Gasoline,Front-wheel drive,4,2170,5,,4020,18.3,30.2
9958,2016,Asia,Gasoline,Front-wheel drive,3,2130,6,240.0,4020,19.8,34.9
9959,1997,Asia,Gasoline,All-wheel drive,3,2440,6,249.0,4320,18.8,30.6
9960,2005,USA,Diesel,Rear-wheel drive,3,2610,6,289.0,4770,21.7,30.7
9961,1989,Asia,Diesel,Front-wheel drive,5,2460,6,283.0,4230,18.4,29.7
9962,2022,USA,Gasoline,Front-wheel drive,2,2180,6,265.0,4140,17.9,32.9
9963,1982,Asia,Hybrid,Front-wheel drive,4,2450,7,,4470,16.6,27.8
9964,2019,Asia,Gasoline,Front-wheel drive,4,2220,6,272.0,3980,18.1,32.2
9965,2012,USA,Gasoline,All-wheel drive,4,2300,6,253.0,4430,17.9,26.1
9966,1976,USA,Gasoline,Front-wheel drive,3,2260,6,286.0,4250,17.5,24.9
9967,2004,Europe,Gasoline,Front-wheel drive,5,2080,5,240.0,3960,20.7,31.0
9968,2009,USA,Gasoline,Front-wheel drive,3,2290,6,271.0,4340,20.2,28.4
9969,2004,Asia,Gasoline,All-wheel drive,4,2200,6,250.0,4510,19.7,30.2
9970,2018,USA,Gasoline,Rear-wheel drive,4,2310,6,224.0,4290,18.1,28.6
9971,1991,USA,Gasoline,Rear-wheel drive,3,2900,7,320.0,5060,18.2,23.3
9972,2009,Europe,Gasoline,Front-wheel drive,5,2400,6,273.0,4160,17.5,29.5
9973,1996,Asia,Hybrid,Rear-wheel drive,3,2060,5,225.0,4170,18.6,33.9
9974,2021,Europe,Gasoline,Front-wheel drive,3,2300,6,249.0,3950,16.9,35.0
9975,2007,USA,Gasoline,Rear-wheel drive,4,2190,6,235.0,4530,18.2,27.7
9976,2003,Europe,Gasoline,All-wheel drive,3,2700,7,290.0,4930,18.9,27.0
9977,1993,Asia,Gasoline,Front-wheel drive,4,2270,6,247.0,4380,19.5,31.8
9978,2003,Asia,Gasoline,All-wheel drive,3,2540,6,284.0,4550,18.4,29.1
9979,2010,Europe,Gasoline,Rear-wheel drive,3,2210,6,236.0,4290,19.8,30.5
9980,1977,USA,Hybrid,Front-wheel drive,5,2390,6,,4550,19.8,32.0
9981,2018,Europe,Diesel,All-wheel drive,4,2530,7,283.0,4670,19.7,33.8
9982,2014,Europe,Gasoline,Front-wheel drive,5,2100,6,223.0,4270,,34.0
9983,2017,Europe,Gasoline,Rear-wheel drive,2,2410,7,278.0,4370,,31.3
9984,2011,Asia,Gasoline,Front-wheel drive,3,2410,6,256.0,4610,20.2,32.4
9985,2024,USA,Gasoline,Front-wheel drive,3,2170,6,246.0,3890,17.1,33.7
9986,1984,Europe,Gasoline,Front-wheel drive,3,2330,6,,4110,19.2,29.6
9987,2004,Asia,Diesel,All-wheel drive,3,2180,6,266.0,4530,18.6,29.0
9988,2016,USA,Hybrid,Rear-wheel drive,2,2340,7,273.0,4400,18.6,30.8
9989,1986,Europe,Diesel,Front-wheel drive,3,2410,6,277.0,4160,20.2,30.7
9990,1975,Asia,Diesel,Front-wheel drive,4,1940,6,236.0,3630,19.7,32.4
9991,1987,USA,Gasoline,Rear-wheel drive,4,2130,5,228.0,4040,17.2,26.3
9992,2000,Europe,Gasoline,Front-wheel drive,3,2470,7,271.0,3990,17.3,28.1
9993,2007,USA,Diesel,Rear-wheel drive,2,1950,6,234.0,4250,19.9,30.7
9994,1993,Asia,Gasoline,Rear-wheel drive,2,2360,6,257.0,4610,22.2,30.1
9995,2005,USA,Gasoline,All-wheel drive,4,2470,6,271.0,4690,18.9,27.4
9996,1993,Asia,Gasoline,All-wheel drive,2,2300,6,244.0,4370,19.0,30.0
9997,2014,USA,Gasoline,All-wheel drive,3,2480,6,267.0,4590,18.4,28.1
9998,2004,USA,Hybrid,Rear-wheel drive,5,2180,6,270.0,4450,20.9,32.2
9999,2011,USA,Diesel,Front-wheel drive,4,2380,6,295.0,4370,17.6,30.2
